,feature_set,case,num_zero
0,Rv2021c+Rv2034+Rv2745c+Rv3557c+Rv3911,"(-1, -1, -1, -1, -1)",0.0
1,Rv2021c+Rv2034+Rv2745c+Rv3557c+Rv3911,"(-1, -1, -1, -1, 0)",0.0
2,Rv2021c+Rv2034+Rv2745c+Rv3557c+Rv3911,"(-1, -1, -1, -1, 1)",0.0
3,Rv2021c+Rv2034+Rv2745c+Rv3557c+Rv3911,"(-1, -1, -1, 0, -1)",0.0
4,Rv2021c+Rv2034+Rv2745c+Rv3557c+Rv3911,"(-1, -1, -1, 0, 0)",0.0
5,Rv2021c+Rv2034+Rv2745c+Rv3557c+Rv3911,"(-1, -1, -1, 0, 1)",0.0
6,Rv2021c+Rv2034+Rv2745c+Rv3557c+Rv3911,"(-1, -1, -1, 1, -1)",0.0
7,Rv2021c+Rv2034+Rv2745c+Rv3557c+Rv3911,"(-1, -1, -1, 1, 0)",0.0
8,Rv2021c+Rv2034+Rv2745c+Rv3557c+Rv3911,"(-1, -1, -1, 1, 1)",0.0
9,Rv2021c+Rv2034+Rv2745c+Rv3557c+Rv3911,"(-1, -1, 0, -1, -1)",0.0
10,Rv2021c+Rv2034+Rv2745c+Rv3557c+Rv3911,"(-1, -1, 0, -1, 0)",0.0
11,Rv2021c+Rv2034+Rv2745c+Rv3557c+Rv3911,"(-1, -1, 0, -1, 1)",0.0
12,Rv2021c+Rv2034+Rv2745c+Rv3557c+Rv3911,"(-1, -1, 0, 0, -1)",0.0
13,Rv2021c+Rv2034+Rv2745c+Rv3557c+Rv3911,"(-1, -1, 0, 0, 0)",0.0
14,Rv2021c+Rv2034+Rv2745c+Rv3557c+Rv3911,"(-1, -1, 0, 0, 1)",0.0
15,Rv2021c+Rv2034+Rv2745c+Rv3557c+Rv3911,"(-1, -1, 0, 1, -1)",0.0
16,Rv2021c+Rv2034+Rv2745c+Rv3557c+Rv3911,"(-1, -1, 0, 1, 0)",0.0
17,Rv2021c+Rv2034+Rv2745c+Rv3557c+Rv3911,"(-1, -1, 0, 1, 1)",0.0
18,Rv2021c+Rv2034+Rv2745c+Rv3557c+Rv3911,"(-1, -1, 1, -1, -1)",0.0
19,Rv2021c+Rv2034+Rv2745c+Rv3557c+Rv3911,"(-1, -1, 1, -1, 0)",0.0
20,Rv2021c+Rv2034+Rv2745c+Rv3557c+Rv3911,"(-1, -1, 1, -1, 1)",0.0
21,Rv2021c+Rv2034+Rv2745c+Rv3557c+Rv3911,"(-1, -1, 1, 0, -1)",0.0
22,Rv2021c+Rv2034+Rv2745c+Rv3557c+Rv3911,"(-1, -1, 1, 0, 0)",0.0
23,Rv2021c+Rv2034+Rv2745c+Rv3557c+Rv3911,"(-1, -1, 1, 0, 1)",0.0
24,Rv2021c+Rv2034+Rv2745c+Rv3557c+Rv3911,"(-1, -1, 1, 1, -1)",0.0
25,Rv2021c+Rv2034+Rv2745c+Rv3557c+Rv3911,"(-1, -1, 1, 1, 0)",0.0
26,Rv2021c+Rv2034+Rv2745c+Rv3557c+Rv3911,"(-1, -1, 1, 1, 1)",0.0
27,Rv2021c+Rv2034+Rv2745c+Rv3557c+Rv3911,"(-1, 0, -1, -1, -1)",0.0
28,Rv2021c+Rv2034+Rv2745c+Rv3557c+Rv3911,"(-1, 0, -1, -1, 0)",0.0
29,Rv2021c+Rv2034+Rv2745c+Rv3557c+Rv3911,"(-1, 0, -1, -1, 1)",0.0
30,Rv2021c+Rv2034+Rv2745c+Rv3557c+Rv3911,"(-1, 0, -1, 0, -1)",0.0
31,Rv2021c+Rv2034+Rv2745c+Rv3557c+Rv3911,"(-1, 0, -1, 0, 0)",0.0
32,Rv2021c+Rv2034+Rv2745c+Rv3557c+Rv3911,"(-1, 0, -1, 0, 1)",0.0
33,Rv2021c+Rv2034+Rv2745c+Rv3557c+Rv3911,"(-1, 0, -1, 1, -1)",0.0
34,Rv2021c+Rv2034+Rv2745c+Rv3557c+Rv3911,"(-1, 0, -1, 1, 0)",0.0
35,Rv2021c+Rv2034+Rv2745c+Rv3557c+Rv3911,"(-1, 0, -1, 1, 1)",0.0
36,Rv2021c+Rv2034+Rv2745c+Rv3557c+Rv3911,"(-1, 0, 0, -1, -1)",0.0
37,Rv2021c+Rv2034+Rv2745c+Rv3557c+Rv3911,"(-1, 0, 0, -1, 0)",0.0
38,Rv2021c+Rv2034+Rv2745c+Rv3557c+Rv3911,"(-1, 0, 0, -1, 1)",0.0
39,Rv2021c+Rv2034+Rv2745c+Rv3557c+Rv3911,"(-1, 0, 0, 0, -1)",-10.0
40,Rv2021c+Rv2034+Rv2745c+Rv3557c+Rv3911,"(-1, 0, 0, 0, 0)",0.0
41,Rv2021c+Rv2034+Rv2745c+Rv3557c+Rv3911,"(-1, 0, 0, 0, 1)",0.0
42,Rv2021c+Rv2034+Rv2745c+Rv3557c+Rv3911,"(-1, 0, 0, 1, -1)",0.0
43,Rv2021c+Rv2034+Rv2745c+Rv3557c+Rv3911,"(-1, 0, 0, 1, 0)",0.0
44,Rv2021c+Rv2034+Rv2745c+Rv3557c+Rv3911,"(-1, 0, 0, 1, 1)",0.0
45,Rv2021c+Rv2034+Rv2745c+Rv3557c+Rv3911,"(-1, 0, 1, -1, -1)",0.0
46,Rv2021c+Rv2034+Rv2745c+Rv3557c+Rv3911,"(-1, 0, 1, -1, 0)",0.0
47,Rv2021c+Rv2034+Rv2745c+Rv3557c+Rv3911,"(-1, 0, 1, -1, 1)",0.0
48,Rv2021c+Rv2034+Rv2745c+Rv3557c+Rv3911,"(-1, 0, 1, 0, -1)",0.0
49,Rv2021c+Rv2034+Rv2745c+Rv3557c+Rv3911,"(-1, 0, 1, 0, 0)",0.0
50,Rv2021c+Rv2034+Rv2745c+Rv3557c+Rv3911,"(-1, 0, 1, 0, 1)",0.0
51,Rv2021c+Rv2034+Rv2745c+Rv3557c+Rv3911,"(-1, 0, 1, 1, -1)",0.0
52,Rv2021c+Rv2034+Rv2745c+Rv3557c+Rv3911,"(-1, 0, 1, 1, 0)",0.0
53,Rv2021c+Rv2034+Rv2745c+Rv3557c+Rv3911,"(-1, 0, 1, 1, 1)",0.0
54,Rv2021c+Rv2034+Rv2745c+Rv3557c+Rv3911,"(-1, 1, -1, -1, -1)",0.0
55,Rv2021c+Rv2034+Rv2745c+Rv3557c+Rv3911,"(-1, 1, -1, -1, 0)",0.0
56,Rv2021c+Rv2034+Rv2745c+Rv3557c+Rv3911,"(-1, 1, -1, -1, 1)",0.0
57,Rv2021c+Rv2034+Rv2745c+Rv3557c+Rv3911,"(-1, 1, -1, 0, -1)",0.0
58,Rv2021c+Rv2034+Rv2745c+Rv3557c+Rv3911,"(-1, 1, -1, 0, 0)",0.0
59,Rv2021c+Rv2034+Rv2745c+Rv3557c+Rv3911,"(-1, 1, -1, 0, 1)",0.0
60,Rv2021c+Rv2034+Rv2745c+Rv3557c+Rv3911,"(-1, 1, -1, 1, -1)",0.0
61,Rv2021c+Rv2034+Rv2745c+Rv3557c+Rv3911,"(-1, 1, -1, 1, 0)",0.0
62,Rv2021c+Rv2034+Rv2745c+Rv3557c+Rv3911,"(-1, 1, -1, 1, 1)",0.0
63,Rv2021c+Rv2034+Rv2745c+Rv3557c+Rv3911,"(-1, 1, 0, -1, -1)",0.0
64,Rv2021c+Rv2034+Rv2745c+Rv3557c+Rv3911,"(-1, 1, 0, -1, 0)",0.0
65,Rv2021c+Rv2034+Rv2745c+Rv3557c+Rv3911,"(-1, 1, 0, -1, 1)",0.0
66,Rv2021c+Rv2034+Rv2745c+Rv3557c+Rv3911,"(-1, 1, 0, 0, -1)",0.0
67,Rv2021c+Rv2034+Rv2745c+Rv3557c+Rv3911,"(-1, 1, 0, 0, 0)",0.0
68,Rv2021c+Rv2034+Rv2745c+Rv3557c+Rv3911,"(-1, 1, 0, 0, 1)",0.0
69,Rv2021c+Rv2034+Rv2745c+Rv3557c+Rv3911,"(-1, 1, 0, 1, -1)",0.0
70,Rv2021c+Rv2034+Rv2745c+Rv3557c+Rv3911,"(-1, 1, 0, 1, 0)",0.0
71,Rv2021c+Rv2034+Rv2745c+Rv3557c+Rv3911,"(-1, 1, 0, 1, 1)",0.0
72,Rv2021c+Rv2034+Rv2745c+Rv3557c+Rv3911,"(-1, 1, 1, -1, -1)",0.0
73,Rv2021c+Rv2034+Rv2745c+Rv3557c+Rv3911,"(-1, 1, 1, -1, 0)",0.0
74,Rv2021c+Rv2034+Rv2745c+Rv3557c+Rv3911,"(-1, 1, 1, -1, 1)",0.0
75,Rv2021c+Rv2034+Rv2745c+Rv3557c+Rv3911,"(-1, 1, 1, 0, -1)",0.0
76,Rv2021c+Rv2034+Rv2745c+Rv3557c+Rv3911,"(-1, 1, 1, 0, 0)",0.0
77,Rv2021c+Rv2034+Rv2745c+Rv3557c+Rv3911,"(-1, 1, 1, 0, 1)",0.0
78,Rv2021c+Rv2034+Rv2745c+Rv3557c+Rv3911,"(-1, 1, 1, 1, -1)",0.0
79,Rv2021c+Rv2034+Rv2745c+Rv3557c+Rv3911,"(-1, 1, 1, 1, 0)",0.0
80,Rv2021c+Rv2034+Rv2745c+Rv3557c+Rv3911,"(-1, 1, 1, 1, 1)",0.0
81,Rv2021c+Rv2034+Rv2745c+Rv3557c+Rv3911,"(0, -1, -1, -1, -1)",0.0
82,Rv2021c+Rv2034+Rv2745c+Rv3557c+Rv3911,"(0, -1, -1, -1, 0)",0.0
83,Rv2021c+Rv2034+Rv2745c+Rv3557c+Rv3911,"(0, -1, -1, -1, 1)",0.0
84,Rv2021c+Rv2034+Rv2745c+Rv3557c+Rv3911,"(0, -1, -1, 0, -1)",0.0
85,Rv2021c+Rv2034+Rv2745c+Rv3557c+Rv3911,"(0, -1, -1, 0, 0)",0.0
86,Rv2021c+Rv2034+Rv2745c+Rv3557c+Rv3911,"(0, -1, -1, 0, 1)",0.0
87,Rv2021c+Rv2034+Rv2745c+Rv3557c+Rv3911,"(0, -1, -1, 1, -1)",0.0
88,Rv2021c+Rv2034+Rv2745c+Rv3557c+Rv3911,"(0, -1, -1, 1, 0)",0.0
89,Rv2021c+Rv2034+Rv2745c+Rv3557c+Rv3911,"(0, -1, -1, 1, 1)",0.0
90,Rv2021c+Rv2034+Rv2745c+Rv3557c+Rv3911,"(0, -1, 0, -1, -1)",0.0
91,Rv2021c+Rv2034+Rv2745c+Rv3557c+Rv3911,"(0, -1, 0, -1, 0)",0.0
92,Rv2021c+Rv2034+Rv2745c+Rv3557c+Rv3911,"(0, -1, 0, -1, 1)",0.0
93,Rv2021c+Rv2034+Rv2745c+Rv3557c+Rv3911,"(0, -1, 0, 0, -1)",-10.0
94,Rv2021c+Rv2034+Rv2745c+Rv3557c+Rv3911,"(0, -1, 0, 0, 0)",-10.0
95,Rv2021c+Rv2034+Rv2745c+Rv3557c+Rv3911,"(0, -1, 0, 0, 1)",0.0
96,Rv2021c+Rv2034+Rv2745c+Rv3557c+Rv3911,"(0, -1, 0, 1, -1)",0.0
97,Rv2021c+Rv2034+Rv2745c+Rv3557c+Rv3911,"(0, -1, 0, 1, 0)",0.0
98,Rv2021c+Rv2034+Rv2745c+Rv3557c+Rv3911,"(0, -1, 0, 1, 1)",0.0
99,Rv2021c+Rv2034+Rv2745c+Rv3557c+Rv3911,"(0, -1, 1, -1, -1)",0.0
100,Rv2021c+Rv2034+Rv2745c+Rv3557c+Rv3911,"(0, -1, 1, -1, 0)",0.0
101,Rv2021c+Rv2034+Rv2745c+Rv3557c+Rv3911,"(0, -1, 1, -1, 1)",0.0
102,Rv2021c+Rv2034+Rv2745c+Rv3557c+Rv3911,"(0, -1, 1, 0, -1)",0.0
103,Rv2021c+Rv2034+Rv2745c+Rv3557c+Rv3911,"(0, -1, 1, 0, 0)",0.0
104,Rv2021c+Rv2034+Rv2745c+Rv3557c+Rv3911,"(0, -1, 1, 0, 1)",0.0
105,Rv2021c+Rv2034+Rv2745c+Rv3557c+Rv3911,"(0, -1, 1, 1, -1)",0.0
106,Rv2021c+Rv2034+Rv2745c+Rv3557c+Rv3911,"(0, -1, 1, 1, 0)",0.0
107,Rv2021c+Rv2034+Rv2745c+Rv3557c+Rv3911,"(0, -1, 1, 1, 1)",0.0
108,Rv2021c+Rv2034+Rv2745c+Rv3557c+Rv3911,"(0, 0, -1, -1, -1)",0.0
109,Rv2021c+Rv2034+Rv2745c+Rv3557c+Rv3911,"(0, 0, -1, -1, 0)",0.0
110,Rv2021c+Rv2034+Rv2745c+Rv3557c+Rv3911,"(0, 0, -1, -1, 1)",0.0
111,Rv2021c+Rv2034+Rv2745c+Rv3557c+Rv3911,"(0, 0, -1, 0, -1)",0.0
112,Rv2021c+Rv2034+Rv2745c+Rv3557c+Rv3911,"(0, 0, -1, 0, 0)",0.0
113,Rv2021c+Rv2034+Rv2745c+Rv3557c+Rv3911,"(0, 0, -1, 0, 1)",0.0
114,Rv2021c+Rv2034+Rv2745c+Rv3557c+Rv3911,"(0, 0, -1, 1, -1)",0.0
115,Rv2021c+Rv2034+Rv2745c+Rv3557c+Rv3911,"(0, 0, -1, 1, 0)",0.0
116,Rv2021c+Rv2034+Rv2745c+Rv3557c+Rv3911,"(0, 0, -1, 1, 1)",0.0
117,Rv2021c+Rv2034+Rv2745c+Rv3557c+Rv3911,"(0, 0, 0, -1, -1)",0.0
118,Rv2021c+Rv2034+Rv2745c+Rv3557c+Rv3911,"(0, 0, 0, -1, 0)",0.0
119,Rv2021c+Rv2034+Rv2745c+Rv3557c+Rv3911,"(0, 0, 0, -1, 1)",0.0
120,Rv2021c+Rv2034+Rv2745c+Rv3557c+Rv3911,"(0, 0, 0, 0, -1)",-10.0
121,Rv2021c+Rv2034+Rv2745c+Rv3557c+Rv3911,"(0, 0, 0, 0, 0)",-10.0
122,Rv2021c+Rv2034+Rv2745c+Rv3557c+Rv3911,"(0, 0, 0, 0, 1)",0.0
123,Rv2021c+Rv2034+Rv2745c+Rv3557c+Rv3911,"(0, 0, 0, 1, -1)",-10.0
124,Rv2021c+Rv2034+Rv2745c+Rv3557c+Rv3911,"(0, 0, 0, 1, 0)",0.0
125,Rv2021c+Rv2034+Rv2745c+Rv3557c+Rv3911,"(0, 0, 0, 1, 1)",0.0
126,Rv2021c+Rv2034+Rv2745c+Rv3557c+Rv3911,"(0, 0, 1, -1, -1)",0.0
127,Rv2021c+Rv2034+Rv2745c+Rv3557c+Rv3911,"(0, 0, 1, -1, 0)",0.0
128,Rv2021c+Rv2034+Rv2745c+Rv3557c+Rv3911,"(0, 0, 1, -1, 1)",0.0
129,Rv2021c+Rv2034+Rv2745c+Rv3557c+Rv3911,"(0, 0, 1, 0, -1)",-10.0
130,Rv2021c+Rv2034+Rv2745c+Rv3557c+Rv3911,"(0, 0, 1, 0, 0)",-10.0
131,Rv2021c+Rv2034+Rv2745c+Rv3557c+Rv3911,"(0, 0, 1, 0, 1)",0.0
132,Rv2021c+Rv2034+Rv2745c+Rv3557c+Rv3911,"(0, 0, 1, 1, -1)",0.0
133,Rv2021c+Rv2034+Rv2745c+Rv3557c+Rv3911,"(0, 0, 1, 1, 0)",0.0
134,Rv2021c+Rv2034+Rv2745c+Rv3557c+Rv3911,"(0, 0, 1, 1, 1)",0.0
135,Rv2021c+Rv2034+Rv2745c+Rv3557c+Rv3911,"(0, 1, -1, -1, -1)",0.0
136,Rv2021c+Rv2034+Rv2745c+Rv3557c+Rv3911,"(0, 1, -1, -1, 0)",0.0
137,Rv2021c+Rv2034+Rv2745c+Rv3557c+Rv3911,"(0, 1, -1, -1, 1)",0.0
138,Rv2021c+Rv2034+Rv2745c+Rv3557c+Rv3911,"(0, 1, -1, 0, -1)",0.0
139,Rv2021c+Rv2034+Rv2745c+Rv3557c+Rv3911,"(0, 1, -1, 0, 0)",0.0
140,Rv2021c+Rv2034+Rv2745c+Rv3557c+Rv3911,"(0, 1, -1, 0, 1)",0.0
141,Rv2021c+Rv2034+Rv2745c+Rv3557c+Rv3911,"(0, 1, -1, 1, -1)",0.0
142,Rv2021c+Rv2034+Rv2745c+Rv3557c+Rv3911,"(0, 1, -1, 1, 0)",0.0
143,Rv2021c+Rv2034+Rv2745c+Rv3557c+Rv3911,"(0, 1, -1, 1, 1)",0.0
144,Rv2021c+Rv2034+Rv2745c+Rv3557c+Rv3911,"(0, 1, 0, -1, -1)",0.0
145,Rv2021c+Rv2034+Rv2745c+Rv3557c+Rv3911,"(0, 1, 0, -1, 0)",0.0
146,Rv2021c+Rv2034+Rv2745c+Rv3557c+Rv3911,"(0, 1, 0, -1, 1)",0.0
147,Rv2021c+Rv2034+Rv2745c+Rv3557c+Rv3911,"(0, 1, 0, 0, -1)",0.0
148,Rv2021c+Rv2034+Rv2745c+Rv3557c+Rv3911,"(0, 1, 0, 0, 0)",-10.0
149,Rv2021c+Rv2034+Rv2745c+Rv3557c+Rv3911,"(0, 1, 0, 0, 1)",-10.0
150,Rv2021c+Rv2034+Rv2745c+Rv3557c+Rv3911,"(0, 1, 0, 1, -1)",0.0
151,Rv2021c+Rv2034+Rv2745c+Rv3557c+Rv3911,"(0, 1, 0, 1, 0)",0.0
152,Rv2021c+Rv2034+Rv2745c+Rv3557c+Rv3911,"(0, 1, 0, 1, 1)",0.0
153,Rv2021c+Rv2034+Rv2745c+Rv3557c+Rv3911,"(0, 1, 1, -1, -1)",0.0
154,Rv2021c+Rv2034+Rv2745c+Rv3557c+Rv3911,"(0, 1, 1, -1, 0)",0.0
155,Rv2021c+Rv2034+Rv2745c+Rv3557c+Rv3911,"(0, 1, 1, -1, 1)",0.0
156,Rv2021c+Rv2034+Rv2745c+Rv3557c+Rv3911,"(0, 1, 1, 0, -1)",0.0
157,Rv2021c+Rv2034+Rv2745c+Rv3557c+Rv3911,"(0, 1, 1, 0, 0)",0.0
158,Rv2021c+Rv2034+Rv2745c+Rv3557c+Rv3911,"(0, 1, 1, 0, 1)",0.0
159,Rv2021c+Rv2034+Rv2745c+Rv3557c+Rv3911,"(0, 1, 1, 1, -1)",0.0
160,Rv2021c+Rv2034+Rv2745c+Rv3557c+Rv3911,"(0, 1, 1, 1, 0)",0.0
161,Rv2021c+Rv2034+Rv2745c+Rv3557c+Rv3911,"(0, 1, 1, 1, 1)",0.0
162,Rv2021c+Rv2034+Rv2745c+Rv3557c+Rv3911,"(1, -1, -1, -1, -1)",0.0
163,Rv2021c+Rv2034+Rv2745c+Rv3557c+Rv3911,"(1, -1, -1, -1, 0)",0.0
164,Rv2021c+Rv2034+Rv2745c+Rv3557c+Rv3911,"(1, -1, -1, -1, 1)",0.0
165,Rv2021c+Rv2034+Rv2745c+Rv3557c+Rv3911,"(1, -1, -1, 0, -1)",0.0
166,Rv2021c+Rv2034+Rv2745c+Rv3557c+Rv3911,"(1, -1, -1, 0, 0)",0.0
167,Rv2021c+Rv2034+Rv2745c+Rv3557c+Rv3911,"(1, -1, -1, 0, 1)",0.0
168,Rv2021c+Rv2034+Rv2745c+Rv3557c+Rv3911,"(1, -1, -1, 1, -1)",0.0
169,Rv2021c+Rv2034+Rv2745c+Rv3557c+Rv3911,"(1, -1, -1, 1, 0)",0.0
170,Rv2021c+Rv2034+Rv2745c+Rv3557c+Rv3911,"(1, -1, -1, 1, 1)",0.0
171,Rv2021c+Rv2034+Rv2745c+Rv3557c+Rv3911,"(1, -1, 0, -1, -1)",0.0
172,Rv2021c+Rv2034+Rv2745c+Rv3557c+Rv3911,"(1, -1, 0, -1, 0)",0.0
173,Rv2021c+Rv2034+Rv2745c+Rv3557c+Rv3911,"(1, -1, 0, -1, 1)",0.0
174,Rv2021c+Rv2034+Rv2745c+Rv3557c+Rv3911,"(1, -1, 0, 0, -1)",0.0
175,Rv2021c+Rv2034+Rv2745c+Rv3557c+Rv3911,"(1, -1, 0, 0, 0)",0.0
176,Rv2021c+Rv2034+Rv2745c+Rv3557c+Rv3911,"(1, -1, 0, 0, 1)",0.0
177,Rv2021c+Rv2034+Rv2745c+Rv3557c+Rv3911,"(1, -1, 0, 1, -1)",0.0
178,Rv2021c+Rv2034+Rv2745c+Rv3557c+Rv3911,"(1, -1, 0, 1, 0)",0.0
179,Rv2021c+Rv2034+Rv2745c+Rv3557c+Rv3911,"(1, -1, 0, 1, 1)",0.0
180,Rv2021c+Rv2034+Rv2745c+Rv3557c+Rv3911,"(1, -1, 1, -1, -1)",0.0
181,Rv2021c+Rv2034+Rv2745c+Rv3557c+Rv3911,"(1, -1, 1, -1, 0)",0.0
182,Rv2021c+Rv2034+Rv2745c+Rv3557c+Rv3911,"(1, -1, 1, -1, 1)",0.0
183,Rv2021c+Rv2034+Rv2745c+Rv3557c+Rv3911,"(1, -1, 1, 0, -1)",0.0
184,Rv2021c+Rv2034+Rv2745c+Rv3557c+Rv3911,"(1, -1, 1, 0, 0)",0.0
185,Rv2021c+Rv2034+Rv2745c+Rv3557c+Rv3911,"(1, -1, 1, 0, 1)",0.0
186,Rv2021c+Rv2034+Rv2745c+Rv3557c+Rv3911,"(1, -1, 1, 1, -1)",0.0
187,Rv2021c+Rv2034+Rv2745c+Rv3557c+Rv3911,"(1, -1, 1, 1, 0)",0.0
188,Rv2021c+Rv2034+Rv2745c+Rv3557c+Rv3911,"(1, -1, 1, 1, 1)",0.0
189,Rv2021c+Rv2034+Rv2745c+Rv3557c+Rv3911,"(1, 0, -1, -1, -1)",0.0
190,Rv2021c+Rv2034+Rv2745c+Rv3557c+Rv3911,"(1, 0, -1, -1, 0)",0.0
191,Rv2021c+Rv2034+Rv2745c+Rv3557c+Rv3911,"(1, 0, -1, -1, 1)",0.0
192,Rv2021c+Rv2034+Rv2745c+Rv3557c+Rv3911,"(1, 0, -1, 0, -1)",0.0
193,Rv2021c+Rv2034+Rv2745c+Rv3557c+Rv3911,"(1, 0, -1, 0, 0)",0.0
194,Rv2021c+Rv2034+Rv2745c+Rv3557c+Rv3911,"(1, 0, -1, 0, 1)",0.0
195,Rv2021c+Rv2034+Rv2745c+Rv3557c+Rv3911,"(1, 0, -1, 1, -1)",0.0
196,Rv2021c+Rv2034+Rv2745c+Rv3557c+Rv3911,"(1, 0, -1, 1, 0)",0.0
197,Rv2021c+Rv2034+Rv2745c+Rv3557c+Rv3911,"(1, 0, -1, 1, 1)",0.0
198,Rv2021c+Rv2034+Rv2745c+Rv3557c+Rv3911,"(1, 0, 0, -1, -1)",0.0
199,Rv2021c+Rv2034+Rv2745c+Rv3557c+Rv3911,"(1, 0, 0, -1, 0)",0.0
200,Rv2021c+Rv2034+Rv2745c+Rv3557c+Rv3911,"(1, 0, 0, -1, 1)",0.0
201,Rv2021c+Rv2034+Rv2745c+Rv3557c+Rv3911,"(1, 0, 0, 0, -1)",-10.0
202,Rv2021c+Rv2034+Rv2745c+Rv3557c+Rv3911,"(1, 0, 0, 0, 0)",-10.0
203,Rv2021c+Rv2034+Rv2745c+Rv3557c+Rv3911,"(1, 0, 0, 0, 1)",0.0
204,Rv2021c+Rv2034+Rv2745c+Rv3557c+Rv3911,"(1, 0, 0, 1, -1)",-10.0
205,Rv2021c+Rv2034+Rv2745c+Rv3557c+Rv3911,"(1, 0, 0, 1, 0)",0.0
206,Rv2021c+Rv2034+Rv2745c+Rv3557c+Rv3911,"(1, 0, 0, 1, 1)",0.0
207,Rv2021c+Rv2034+Rv2745c+Rv3557c+Rv3911,"(1, 0, 1, -1, -1)",0.0
208,Rv2021c+Rv2034+Rv2745c+Rv3557c+Rv3911,"(1, 0, 1, -1, 0)",0.0
209,Rv2021c+Rv2034+Rv2745c+Rv3557c+Rv3911,"(1, 0, 1, -1, 1)",0.0
210,Rv2021c+Rv2034+Rv2745c+Rv3557c+Rv3911,"(1, 0, 1, 0, -1)",0.0
211,Rv2021c+Rv2034+Rv2745c+Rv3557c+Rv3911,"(1, 0, 1, 0, 0)",-10.0
212,Rv2021c+Rv2034+Rv2745c+Rv3557c+Rv3911,"(1, 0, 1, 0, 1)",0.0
213,Rv2021c+Rv2034+Rv2745c+Rv3557c+Rv3911,"(1, 0, 1, 1, -1)",0.0
214,Rv2021c+Rv2034+Rv2745c+Rv3557c+Rv3911,"(1, 0, 1, 1, 0)",0.0
215,Rv2021c+Rv2034+Rv2745c+Rv3557c+Rv3911,"(1, 0, 1, 1, 1)",0.0
216,Rv2021c+Rv2034+Rv2745c+Rv3557c+Rv3911,"(1, 1, -1, -1, -1)",0.0
217,Rv2021c+Rv2034+Rv2745c+Rv3557c+Rv3911,"(1, 1, -1, -1, 0)",0.0
218,Rv2021c+Rv2034+Rv2745c+Rv3557c+Rv3911,"(1, 1, -1, -1, 1)",0.0
219,Rv2021c+Rv2034+Rv2745c+Rv3557c+Rv3911,"(1, 1, -1, 0, -1)",0.0
220,Rv2021c+Rv2034+Rv2745c+Rv3557c+Rv3911,"(1, 1, -1, 0, 0)",0.0
221,Rv2021c+Rv2034+Rv2745c+Rv3557c+Rv3911,"(1, 1, -1, 0, 1)",0.0
222,Rv2021c+Rv2034+Rv2745c+Rv3557c+Rv3911,"(1, 1, -1, 1, -1)",0.0
223,Rv2021c+Rv2034+Rv2745c+Rv3557c+Rv3911,"(1, 1, -1, 1, 0)",0.0
224,Rv2021c+Rv2034+Rv2745c+Rv3557c+Rv3911,"(1, 1, -1, 1, 1)",0.0
225,Rv2021c+Rv2034+Rv2745c+Rv3557c+Rv3911,"(1, 1, 0, -1, -1)",0.0
226,Rv2021c+Rv2034+Rv2745c+Rv3557c+Rv3911,"(1, 1, 0, -1, 0)",0.0
227,Rv2021c+Rv2034+Rv2745c+Rv3557c+Rv3911,"(1, 1, 0, -1, 1)",0.0
228,Rv2021c+Rv2034+Rv2745c+Rv3557c+Rv3911,"(1, 1, 0, 0, -1)",10.0
229,Rv2021c+Rv2034+Rv2745c+Rv3557c+Rv3911,"(1, 1, 0, 0, 0)",0.7269987279362623
230,Rv2021c+Rv2034+Rv2745c+Rv3557c+Rv3911,"(1, 1, 0, 0, 1)",0.0
231,Rv2021c+Rv2034+Rv2745c+Rv3557c+Rv3911,"(1, 1, 0, 1, -1)",0.0
232,Rv2021c+Rv2034+Rv2745c+Rv3557c+Rv3911,"(1, 1, 0, 1, 0)",-10.0
233,Rv2021c+Rv2034+Rv2745c+Rv3557c+Rv3911,"(1, 1, 0, 1, 1)",0.0
234,Rv2021c+Rv2034+Rv2745c+Rv3557c+Rv3911,"(1, 1, 1, -1, -1)",0.0
235,Rv2021c+Rv2034+Rv2745c+Rv3557c+Rv3911,"(1, 1, 1, -1, 0)",0.0
236,Rv2021c+Rv2034+Rv2745c+Rv3557c+Rv3911,"(1, 1, 1, -1, 1)",0.0
237,Rv2021c+Rv2034+Rv2745c+Rv3557c+Rv3911,"(1, 1, 1, 0, -1)",-10.0
238,Rv2021c+Rv2034+Rv2745c+Rv3557c+Rv3911,"(1, 1, 1, 0, 0)",-10.0
239,Rv2021c+Rv2034+Rv2745c+Rv3557c+Rv3911,"(1, 1, 1, 0, 1)",0.0
240,Rv2021c+Rv2034+Rv2745c+Rv3557c+Rv3911,"(1, 1, 1, 1, -1)",0.0
241,Rv2021c+Rv2034+Rv2745c+Rv3557c+Rv3911,"(1, 1, 1, 1, 0)",-10.0
242,Rv2021c+Rv2034+Rv2745c+Rv3557c+Rv3911,"(1, 1, 1, 1, 1)",0.0
243,Rv2595+Rv2827c+Rv3416+Rv3597c,"(-1, -1, -1, -1)",0.0
244,Rv2595+Rv2827c+Rv3416+Rv3597c,"(-1, -1, -1, 0)",0.0
245,Rv2595+Rv2827c+Rv3416+Rv3597c,"(-1, -1, -1, 1)",0.0
246,Rv2595+Rv2827c+Rv3416+Rv3597c,"(-1, -1, 0, -1)",0.0
247,Rv2595+Rv2827c+Rv3416+Rv3597c,"(-1, -1, 0, 0)",0.0
248,Rv2595+Rv2827c+Rv3416+Rv3597c,"(-1, -1, 0, 1)",0.0
249,Rv2595+Rv2827c+Rv3416+Rv3597c,"(-1, -1, 1, -1)",0.0
250,Rv2595+Rv2827c+Rv3416+Rv3597c,"(-1, -1, 1, 0)",0.0
251,Rv2595+Rv2827c+Rv3416+Rv3597c,"(-1, -1, 1, 1)",0.0
252,Rv2595+Rv2827c+Rv3416+Rv3597c,"(-1, 0, -1, -1)",0.0
253,Rv2595+Rv2827c+Rv3416+Rv3597c,"(-1, 0, -1, 0)",0.0
254,Rv2595+Rv2827c+Rv3416+Rv3597c,"(-1, 0, -1, 1)",0.0
255,Rv2595+Rv2827c+Rv3416+Rv3597c,"(-1, 0, 0, -1)",0.0
256,Rv2595+Rv2827c+Rv3416+Rv3597c,"(-1, 0, 0, 0)",0.0
257,Rv2595+Rv2827c+Rv3416+Rv3597c,"(-1, 0, 0, 1)",0.0
258,Rv2595+Rv2827c+Rv3416+Rv3597c,"(-1, 0, 1, -1)",0.0
259,Rv2595+Rv2827c+Rv3416+Rv3597c,"(-1, 0, 1, 0)",0.0
260,Rv2595+Rv2827c+Rv3416+Rv3597c,"(-1, 0, 1, 1)",0.0
261,Rv2595+Rv2827c+Rv3416+Rv3597c,"(-1, 1, -1, -1)",0.0
262,Rv2595+Rv2827c+Rv3416+Rv3597c,"(-1, 1, -1, 0)",0.0
263,Rv2595+Rv2827c+Rv3416+Rv3597c,"(-1, 1, -1, 1)",0.0
264,Rv2595+Rv2827c+Rv3416+Rv3597c,"(-1, 1, 0, -1)",0.0
265,Rv2595+Rv2827c+Rv3416+Rv3597c,"(-1, 1, 0, 0)",0.0
266,Rv2595+Rv2827c+Rv3416+Rv3597c,"(-1, 1, 0, 1)",0.0
267,Rv2595+Rv2827c+Rv3416+Rv3597c,"(-1, 1, 1, -1)",0.0
268,Rv2595+Rv2827c+Rv3416+Rv3597c,"(-1, 1, 1, 0)",0.0
269,Rv2595+Rv2827c+Rv3416+Rv3597c,"(-1, 1, 1, 1)",0.0
270,Rv2595+Rv2827c+Rv3416+Rv3597c,"(0, -1, -1, -1)",0.0
271,Rv2595+Rv2827c+Rv3416+Rv3597c,"(0, -1, -1, 0)",0.0
272,Rv2595+Rv2827c+Rv3416+Rv3597c,"(0, -1, -1, 1)",0.0
273,Rv2595+Rv2827c+Rv3416+Rv3597c,"(0, -1, 0, -1)",0.0
274,Rv2595+Rv2827c+Rv3416+Rv3597c,"(0, -1, 0, 0)",-10.0
275,Rv2595+Rv2827c+Rv3416+Rv3597c,"(0, -1, 0, 1)",0.0
276,Rv2595+Rv2827c+Rv3416+Rv3597c,"(0, -1, 1, -1)",0.0
277,Rv2595+Rv2827c+Rv3416+Rv3597c,"(0, -1, 1, 0)",-10.0
278,Rv2595+Rv2827c+Rv3416+Rv3597c,"(0, -1, 1, 1)",0.0
279,Rv2595+Rv2827c+Rv3416+Rv3597c,"(0, 0, -1, -1)",0.0
280,Rv2595+Rv2827c+Rv3416+Rv3597c,"(0, 0, -1, 0)",-10.0
281,Rv2595+Rv2827c+Rv3416+Rv3597c,"(0, 0, -1, 1)",0.0
282,Rv2595+Rv2827c+Rv3416+Rv3597c,"(0, 0, 0, -1)",0.0
283,Rv2595+Rv2827c+Rv3416+Rv3597c,"(0, 0, 0, 0)",-5.826779887263511
284,Rv2595+Rv2827c+Rv3416+Rv3597c,"(0, 0, 0, 1)",-10.0
285,Rv2595+Rv2827c+Rv3416+Rv3597c,"(0, 0, 1, -1)",0.0
286,Rv2595+Rv2827c+Rv3416+Rv3597c,"(0, 0, 1, 0)",1.7092699609758308
287,Rv2595+Rv2827c+Rv3416+Rv3597c,"(0, 0, 1, 1)",-10.0
288,Rv2595+Rv2827c+Rv3416+Rv3597c,"(0, 1, -1, -1)",0.0
289,Rv2595+Rv2827c+Rv3416+Rv3597c,"(0, 1, -1, 0)",0.0
290,Rv2595+Rv2827c+Rv3416+Rv3597c,"(0, 1, -1, 1)",0.0
291,Rv2595+Rv2827c+Rv3416+Rv3597c,"(0, 1, 0, -1)",0.0
292,Rv2595+Rv2827c+Rv3416+Rv3597c,"(0, 1, 0, 0)",-10.0
293,Rv2595+Rv2827c+Rv3416+Rv3597c,"(0, 1, 0, 1)",0.0
294,Rv2595+Rv2827c+Rv3416+Rv3597c,"(0, 1, 1, -1)",0.0
295,Rv2595+Rv2827c+Rv3416+Rv3597c,"(0, 1, 1, 0)",0.0
296,Rv2595+Rv2827c+Rv3416+Rv3597c,"(0, 1, 1, 1)",0.0
297,Rv2595+Rv2827c+Rv3416+Rv3597c,"(1, -1, -1, -1)",0.0
298,Rv2595+Rv2827c+Rv3416+Rv3597c,"(1, -1, -1, 0)",0.0
299,Rv2595+Rv2827c+Rv3416+Rv3597c,"(1, -1, -1, 1)",0.0
300,Rv2595+Rv2827c+Rv3416+Rv3597c,"(1, -1, 0, -1)",0.0
301,Rv2595+Rv2827c+Rv3416+Rv3597c,"(1, -1, 0, 0)",0.0
302,Rv2595+Rv2827c+Rv3416+Rv3597c,"(1, -1, 0, 1)",0.0
303,Rv2595+Rv2827c+Rv3416+Rv3597c,"(1, -1, 1, -1)",0.0
304,Rv2595+Rv2827c+Rv3416+Rv3597c,"(1, -1, 1, 0)",-10.0
305,Rv2595+Rv2827c+Rv3416+Rv3597c,"(1, -1, 1, 1)",0.0
306,Rv2595+Rv2827c+Rv3416+Rv3597c,"(1, 0, -1, -1)",0.0
307,Rv2595+Rv2827c+Rv3416+Rv3597c,"(1, 0, -1, 0)",0.0
308,Rv2595+Rv2827c+Rv3416+Rv3597c,"(1, 0, -1, 1)",0.0
309,Rv2595+Rv2827c+Rv3416+Rv3597c,"(1, 0, 0, -1)",0.0
310,Rv2595+Rv2827c+Rv3416+Rv3597c,"(1, 0, 0, 0)",0.0
311,Rv2595+Rv2827c+Rv3416+Rv3597c,"(1, 0, 0, 1)",0.0
312,Rv2595+Rv2827c+Rv3416+Rv3597c,"(1, 0, 1, -1)",0.0
313,Rv2595+Rv2827c+Rv3416+Rv3597c,"(1, 0, 1, 0)",-10.0
314,Rv2595+Rv2827c+Rv3416+Rv3597c,"(1, 0, 1, 1)",0.0
315,Rv2595+Rv2827c+Rv3416+Rv3597c,"(1, 1, -1, -1)",0.0
316,Rv2595+Rv2827c+Rv3416+Rv3597c,"(1, 1, -1, 0)",0.0
317,Rv2595+Rv2827c+Rv3416+Rv3597c,"(1, 1, -1, 1)",0.0
318,Rv2595+Rv2827c+Rv3416+Rv3597c,"(1, 1, 0, -1)",0.0
319,Rv2595+Rv2827c+Rv3416+Rv3597c,"(1, 1, 0, 0)",0.0
320,Rv2595+Rv2827c+Rv3416+Rv3597c,"(1, 1, 0, 1)",0.0
321,Rv2595+Rv2827c+Rv3416+Rv3597c,"(1, 1, 1, -1)",0.0
322,Rv2595+Rv2827c+Rv3416+Rv3597c,"(1, 1, 1, 0)",0.0
323,Rv2595+Rv2827c+Rv3416+Rv3597c,"(1, 1, 1, 1)",0.0
324,Rv1657+Rv3095,"(-1, -1)",-10.0
325,Rv1657+Rv3095,"(-1, 0)",-10.0
326,Rv1657+Rv3095,"(-1, 1)",0.0
327,Rv1657+Rv3095,"(0, -1)",-4.979207228121399
328,Rv1657+Rv3095,"(0, 0)",-10.0
329,Rv1657+Rv3095,"(0, 1)",0.0
330,Rv1657+Rv3095,"(1, -1)",0.5368129865752436
331,Rv1657+Rv3095,"(1, 0)",-10.0
332,Rv1657+Rv3095,"(1, 1)",0.0
333,Rv3291c,"(-1,)",0.0
334,Rv3291c,"(0,)",0.0
335,Rv3291c,"(1,)",0.0
336,Rv1846c+Rv3160c,"(-1, -1)",0.0
337,Rv1846c+Rv3160c,"(-1, 0)",-10.0
338,Rv1846c+Rv3160c,"(-1, 1)",-10.0
339,Rv1846c+Rv3160c,"(0, -1)",0.0
340,Rv1846c+Rv3160c,"(0, 0)",-10.0
341,Rv1846c+Rv3160c,"(0, 1)",10.0
342,Rv1846c+Rv3160c,"(1, -1)",0.0
343,Rv1846c+Rv3160c,"(1, 0)",0.0
344,Rv1846c+Rv3160c,"(1, 1)",0.0
345,Rv0023+Rv0078+Rv0081+Rv1956+Rv2506+Rv3862c,"(-1, -1, -1, -1, -1, -1)",0.0
346,Rv0023+Rv0078+Rv0081+Rv1956+Rv2506+Rv3862c,"(-1, -1, -1, -1, -1, 0)",0.0
347,Rv0023+Rv0078+Rv0081+Rv1956+Rv2506+Rv3862c,"(-1, -1, -1, -1, -1, 1)",0.0
348,Rv0023+Rv0078+Rv0081+Rv1956+Rv2506+Rv3862c,"(-1, -1, -1, -1, 0, -1)",0.0
349,Rv0023+Rv0078+Rv0081+Rv1956+Rv2506+Rv3862c,"(-1, -1, -1, -1, 0, 0)",0.0
350,Rv0023+Rv0078+Rv0081+Rv1956+Rv2506+Rv3862c,"(-1, -1, -1, -1, 0, 1)",0.0
351,Rv0023+Rv0078+Rv0081+Rv1956+Rv2506+Rv3862c,"(-1, -1, -1, -1, 1, -1)",0.0
352,Rv0023+Rv0078+Rv0081+Rv1956+Rv2506+Rv3862c,"(-1, -1, -1, -1, 1, 0)",0.0
353,Rv0023+Rv0078+Rv0081+Rv1956+Rv2506+Rv3862c,"(-1, -1, -1, -1, 1, 1)",0.0
354,Rv0023+Rv0078+Rv0081+Rv1956+Rv2506+Rv3862c,"(-1, -1, -1, 0, -1, -1)",0.0
355,Rv0023+Rv0078+Rv0081+Rv1956+Rv2506+Rv3862c,"(-1, -1, -1, 0, -1, 0)",0.0
356,Rv0023+Rv0078+Rv0081+Rv1956+Rv2506+Rv3862c,"(-1, -1, -1, 0, -1, 1)",0.0
357,Rv0023+Rv0078+Rv0081+Rv1956+Rv2506+Rv3862c,"(-1, -1, -1, 0, 0, -1)",0.0
358,Rv0023+Rv0078+Rv0081+Rv1956+Rv2506+Rv3862c,"(-1, -1, -1, 0, 0, 0)",0.0
359,Rv0023+Rv0078+Rv0081+Rv1956+Rv2506+Rv3862c,"(-1, -1, -1, 0, 0, 1)",0.0
360,Rv0023+Rv0078+Rv0081+Rv1956+Rv2506+Rv3862c,"(-1, -1, -1, 0, 1, -1)",0.0
361,Rv0023+Rv0078+Rv0081+Rv1956+Rv2506+Rv3862c,"(-1, -1, -1, 0, 1, 0)",0.0
362,Rv0023+Rv0078+Rv0081+Rv1956+Rv2506+Rv3862c,"(-1, -1, -1, 0, 1, 1)",0.0
363,Rv0023+Rv0078+Rv0081+Rv1956+Rv2506+Rv3862c,"(-1, -1, -1, 1, -1, -1)",0.0
364,Rv0023+Rv0078+Rv0081+Rv1956+Rv2506+Rv3862c,"(-1, -1, -1, 1, -1, 0)",0.0
365,Rv0023+Rv0078+Rv0081+Rv1956+Rv2506+Rv3862c,"(-1, -1, -1, 1, -1, 1)",0.0
366,Rv0023+Rv0078+Rv0081+Rv1956+Rv2506+Rv3862c,"(-1, -1, -1, 1, 0, -1)",0.0
367,Rv0023+Rv0078+Rv0081+Rv1956+Rv2506+Rv3862c,"(-1, -1, -1, 1, 0, 0)",0.0
368,Rv0023+Rv0078+Rv0081+Rv1956+Rv2506+Rv3862c,"(-1, -1, -1, 1, 0, 1)",0.0
369,Rv0023+Rv0078+Rv0081+Rv1956+Rv2506+Rv3862c,"(-1, -1, -1, 1, 1, -1)",0.0
370,Rv0023+Rv0078+Rv0081+Rv1956+Rv2506+Rv3862c,"(-1, -1, -1, 1, 1, 0)",0.0
371,Rv0023+Rv0078+Rv0081+Rv1956+Rv2506+Rv3862c,"(-1, -1, -1, 1, 1, 1)",0.0
372,Rv0023+Rv0078+Rv0081+Rv1956+Rv2506+Rv3862c,"(-1, -1, 0, -1, -1, -1)",0.0
373,Rv0023+Rv0078+Rv0081+Rv1956+Rv2506+Rv3862c,"(-1, -1, 0, -1, -1, 0)",0.0
374,Rv0023+Rv0078+Rv0081+Rv1956+Rv2506+Rv3862c,"(-1, -1, 0, -1, -1, 1)",0.0
375,Rv0023+Rv0078+Rv0081+Rv1956+Rv2506+Rv3862c,"(-1, -1, 0, -1, 0, -1)",0.0
376,Rv0023+Rv0078+Rv0081+Rv1956+Rv2506+Rv3862c,"(-1, -1, 0, -1, 0, 0)",0.0
377,Rv0023+Rv0078+Rv0081+Rv1956+Rv2506+Rv3862c,"(-1, -1, 0, -1, 0, 1)",0.0
378,Rv0023+Rv0078+Rv0081+Rv1956+Rv2506+Rv3862c,"(-1, -1, 0, -1, 1, -1)",0.0
379,Rv0023+Rv0078+Rv0081+Rv1956+Rv2506+Rv3862c,"(-1, -1, 0, -1, 1, 0)",0.0
380,Rv0023+Rv0078+Rv0081+Rv1956+Rv2506+Rv3862c,"(-1, -1, 0, -1, 1, 1)",0.0
381,Rv0023+Rv0078+Rv0081+Rv1956+Rv2506+Rv3862c,"(-1, -1, 0, 0, -1, -1)",0.0
382,Rv0023+Rv0078+Rv0081+Rv1956+Rv2506+Rv3862c,"(-1, -1, 0, 0, -1, 0)",0.0
383,Rv0023+Rv0078+Rv0081+Rv1956+Rv2506+Rv3862c,"(-1, -1, 0, 0, -1, 1)",-10.0
384,Rv0023+Rv0078+Rv0081+Rv1956+Rv2506+Rv3862c,"(-1, -1, 0, 0, 0, -1)",0.0
385,Rv0023+Rv0078+Rv0081+Rv1956+Rv2506+Rv3862c,"(-1, -1, 0, 0, 0, 0)",0.0
386,Rv0023+Rv0078+Rv0081+Rv1956+Rv2506+Rv3862c,"(-1, -1, 0, 0, 0, 1)",0.0
387,Rv0023+Rv0078+Rv0081+Rv1956+Rv2506+Rv3862c,"(-1, -1, 0, 0, 1, -1)",0.0
388,Rv0023+Rv0078+Rv0081+Rv1956+Rv2506+Rv3862c,"(-1, -1, 0, 0, 1, 0)",0.0
389,Rv0023+Rv0078+Rv0081+Rv1956+Rv2506+Rv3862c,"(-1, -1, 0, 0, 1, 1)",0.0
390,Rv0023+Rv0078+Rv0081+Rv1956+Rv2506+Rv3862c,"(-1, -1, 0, 1, -1, -1)",10.0
391,Rv0023+Rv0078+Rv0081+Rv1956+Rv2506+Rv3862c,"(-1, -1, 0, 1, -1, 0)",0.0
392,Rv0023+Rv0078+Rv0081+Rv1956+Rv2506+Rv3862c,"(-1, -1, 0, 1, -1, 1)",-10.0
393,Rv0023+Rv0078+Rv0081+Rv1956+Rv2506+Rv3862c,"(-1, -1, 0, 1, 0, -1)",0.0
394,Rv0023+Rv0078+Rv0081+Rv1956+Rv2506+Rv3862c,"(-1, -1, 0, 1, 0, 0)",0.0
395,Rv0023+Rv0078+Rv0081+Rv1956+Rv2506+Rv3862c,"(-1, -1, 0, 1, 0, 1)",0.0
396,Rv0023+Rv0078+Rv0081+Rv1956+Rv2506+Rv3862c,"(-1, -1, 0, 1, 1, -1)",0.0
397,Rv0023+Rv0078+Rv0081+Rv1956+Rv2506+Rv3862c,"(-1, -1, 0, 1, 1, 0)",0.0
398,Rv0023+Rv0078+Rv0081+Rv1956+Rv2506+Rv3862c,"(-1, -1, 0, 1, 1, 1)",0.0
399,Rv0023+Rv0078+Rv0081+Rv1956+Rv2506+Rv3862c,"(-1, -1, 1, -1, -1, -1)",0.0
400,Rv0023+Rv0078+Rv0081+Rv1956+Rv2506+Rv3862c,"(-1, -1, 1, -1, -1, 0)",0.0
401,Rv0023+Rv0078+Rv0081+Rv1956+Rv2506+Rv3862c,"(-1, -1, 1, -1, -1, 1)",0.0
402,Rv0023+Rv0078+Rv0081+Rv1956+Rv2506+Rv3862c,"(-1, -1, 1, -1, 0, -1)",0.0
403,Rv0023+Rv0078+Rv0081+Rv1956+Rv2506+Rv3862c,"(-1, -1, 1, -1, 0, 0)",0.0
404,Rv0023+Rv0078+Rv0081+Rv1956+Rv2506+Rv3862c,"(-1, -1, 1, -1, 0, 1)",0.0
405,Rv0023+Rv0078+Rv0081+Rv1956+Rv2506+Rv3862c,"(-1, -1, 1, -1, 1, -1)",0.0
406,Rv0023+Rv0078+Rv0081+Rv1956+Rv2506+Rv3862c,"(-1, -1, 1, -1, 1, 0)",0.0
407,Rv0023+Rv0078+Rv0081+Rv1956+Rv2506+Rv3862c,"(-1, -1, 1, -1, 1, 1)",0.0
408,Rv0023+Rv0078+Rv0081+Rv1956+Rv2506+Rv3862c,"(-1, -1, 1, 0, -1, -1)",0.0
409,Rv0023+Rv0078+Rv0081+Rv1956+Rv2506+Rv3862c,"(-1, -1, 1, 0, -1, 0)",-10.0
410,Rv0023+Rv0078+Rv0081+Rv1956+Rv2506+Rv3862c,"(-1, -1, 1, 0, -1, 1)",-10.0
411,Rv0023+Rv0078+Rv0081+Rv1956+Rv2506+Rv3862c,"(-1, -1, 1, 0, 0, -1)",0.0
412,Rv0023+Rv0078+Rv0081+Rv1956+Rv2506+Rv3862c,"(-1, -1, 1, 0, 0, 0)",-10.0
413,Rv0023+Rv0078+Rv0081+Rv1956+Rv2506+Rv3862c,"(-1, -1, 1, 0, 0, 1)",0.0
414,Rv0023+Rv0078+Rv0081+Rv1956+Rv2506+Rv3862c,"(-1, -1, 1, 0, 1, -1)",0.0
415,Rv0023+Rv0078+Rv0081+Rv1956+Rv2506+Rv3862c,"(-1, -1, 1, 0, 1, 0)",0.0
416,Rv0023+Rv0078+Rv0081+Rv1956+Rv2506+Rv3862c,"(-1, -1, 1, 0, 1, 1)",0.0
417,Rv0023+Rv0078+Rv0081+Rv1956+Rv2506+Rv3862c,"(-1, -1, 1, 1, -1, -1)",0.0
418,Rv0023+Rv0078+Rv0081+Rv1956+Rv2506+Rv3862c,"(-1, -1, 1, 1, -1, 0)",0.0
419,Rv0023+Rv0078+Rv0081+Rv1956+Rv2506+Rv3862c,"(-1, -1, 1, 1, -1, 1)",-10.0
420,Rv0023+Rv0078+Rv0081+Rv1956+Rv2506+Rv3862c,"(-1, -1, 1, 1, 0, -1)",0.0
421,Rv0023+Rv0078+Rv0081+Rv1956+Rv2506+Rv3862c,"(-1, -1, 1, 1, 0, 0)",0.0
422,Rv0023+Rv0078+Rv0081+Rv1956+Rv2506+Rv3862c,"(-1, -1, 1, 1, 0, 1)",0.0
423,Rv0023+Rv0078+Rv0081+Rv1956+Rv2506+Rv3862c,"(-1, -1, 1, 1, 1, -1)",0.0
424,Rv0023+Rv0078+Rv0081+Rv1956+Rv2506+Rv3862c,"(-1, -1, 1, 1, 1, 0)",0.0
425,Rv0023+Rv0078+Rv0081+Rv1956+Rv2506+Rv3862c,"(-1, -1, 1, 1, 1, 1)",0.0
426,Rv0023+Rv0078+Rv0081+Rv1956+Rv2506+Rv3862c,"(-1, 0, -1, -1, -1, -1)",0.0
427,Rv0023+Rv0078+Rv0081+Rv1956+Rv2506+Rv3862c,"(-1, 0, -1, -1, -1, 0)",0.0
428,Rv0023+Rv0078+Rv0081+Rv1956+Rv2506+Rv3862c,"(-1, 0, -1, -1, -1, 1)",0.0
429,Rv0023+Rv0078+Rv0081+Rv1956+Rv2506+Rv3862c,"(-1, 0, -1, -1, 0, -1)",0.0
430,Rv0023+Rv0078+Rv0081+Rv1956+Rv2506+Rv3862c,"(-1, 0, -1, -1, 0, 0)",0.0
431,Rv0023+Rv0078+Rv0081+Rv1956+Rv2506+Rv3862c,"(-1, 0, -1, -1, 0, 1)",0.0
432,Rv0023+Rv0078+Rv0081+Rv1956+Rv2506+Rv3862c,"(-1, 0, -1, -1, 1, -1)",0.0
433,Rv0023+Rv0078+Rv0081+Rv1956+Rv2506+Rv3862c,"(-1, 0, -1, -1, 1, 0)",0.0
434,Rv0023+Rv0078+Rv0081+Rv1956+Rv2506+Rv3862c,"(-1, 0, -1, -1, 1, 1)",0.0
435,Rv0023+Rv0078+Rv0081+Rv1956+Rv2506+Rv3862c,"(-1, 0, -1, 0, -1, -1)",0.0
436,Rv0023+Rv0078+Rv0081+Rv1956+Rv2506+Rv3862c,"(-1, 0, -1, 0, -1, 0)",0.0
437,Rv0023+Rv0078+Rv0081+Rv1956+Rv2506+Rv3862c,"(-1, 0, -1, 0, -1, 1)",0.0
438,Rv0023+Rv0078+Rv0081+Rv1956+Rv2506+Rv3862c,"(-1, 0, -1, 0, 0, -1)",0.0
439,Rv0023+Rv0078+Rv0081+Rv1956+Rv2506+Rv3862c,"(-1, 0, -1, 0, 0, 0)",0.0
440,Rv0023+Rv0078+Rv0081+Rv1956+Rv2506+Rv3862c,"(-1, 0, -1, 0, 0, 1)",0.0
441,Rv0023+Rv0078+Rv0081+Rv1956+Rv2506+Rv3862c,"(-1, 0, -1, 0, 1, -1)",0.0
442,Rv0023+Rv0078+Rv0081+Rv1956+Rv2506+Rv3862c,"(-1, 0, -1, 0, 1, 0)",0.0
443,Rv0023+Rv0078+Rv0081+Rv1956+Rv2506+Rv3862c,"(-1, 0, -1, 0, 1, 1)",0.0
444,Rv0023+Rv0078+Rv0081+Rv1956+Rv2506+Rv3862c,"(-1, 0, -1, 1, -1, -1)",0.0
445,Rv0023+Rv0078+Rv0081+Rv1956+Rv2506+Rv3862c,"(-1, 0, -1, 1, -1, 0)",0.0
446,Rv0023+Rv0078+Rv0081+Rv1956+Rv2506+Rv3862c,"(-1, 0, -1, 1, -1, 1)",0.0
447,Rv0023+Rv0078+Rv0081+Rv1956+Rv2506+Rv3862c,"(-1, 0, -1, 1, 0, -1)",0.0
448,Rv0023+Rv0078+Rv0081+Rv1956+Rv2506+Rv3862c,"(-1, 0, -1, 1, 0, 0)",0.0
449,Rv0023+Rv0078+Rv0081+Rv1956+Rv2506+Rv3862c,"(-1, 0, -1, 1, 0, 1)",0.0
450,Rv0023+Rv0078+Rv0081+Rv1956+Rv2506+Rv3862c,"(-1, 0, -1, 1, 1, -1)",0.0
451,Rv0023+Rv0078+Rv0081+Rv1956+Rv2506+Rv3862c,"(-1, 0, -1, 1, 1, 0)",0.0
452,Rv0023+Rv0078+Rv0081+Rv1956+Rv2506+Rv3862c,"(-1, 0, -1, 1, 1, 1)",0.0
453,Rv0023+Rv0078+Rv0081+Rv1956+Rv2506+Rv3862c,"(-1, 0, 0, -1, -1, -1)",0.0
454,Rv0023+Rv0078+Rv0081+Rv1956+Rv2506+Rv3862c,"(-1, 0, 0, -1, -1, 0)",0.0
455,Rv0023+Rv0078+Rv0081+Rv1956+Rv2506+Rv3862c,"(-1, 0, 0, -1, -1, 1)",0.0
456,Rv0023+Rv0078+Rv0081+Rv1956+Rv2506+Rv3862c,"(-1, 0, 0, -1, 0, -1)",0.0
457,Rv0023+Rv0078+Rv0081+Rv1956+Rv2506+Rv3862c,"(-1, 0, 0, -1, 0, 0)",0.0
458,Rv0023+Rv0078+Rv0081+Rv1956+Rv2506+Rv3862c,"(-1, 0, 0, -1, 0, 1)",0.0
459,Rv0023+Rv0078+Rv0081+Rv1956+Rv2506+Rv3862c,"(-1, 0, 0, -1, 1, -1)",0.0
460,Rv0023+Rv0078+Rv0081+Rv1956+Rv2506+Rv3862c,"(-1, 0, 0, -1, 1, 0)",0.0
461,Rv0023+Rv0078+Rv0081+Rv1956+Rv2506+Rv3862c,"(-1, 0, 0, -1, 1, 1)",0.0
462,Rv0023+Rv0078+Rv0081+Rv1956+Rv2506+Rv3862c,"(-1, 0, 0, 0, -1, -1)",0.0
463,Rv0023+Rv0078+Rv0081+Rv1956+Rv2506+Rv3862c,"(-1, 0, 0, 0, -1, 0)",0.0
464,Rv0023+Rv0078+Rv0081+Rv1956+Rv2506+Rv3862c,"(-1, 0, 0, 0, -1, 1)",0.0
465,Rv0023+Rv0078+Rv0081+Rv1956+Rv2506+Rv3862c,"(-1, 0, 0, 0, 0, -1)",0.0
466,Rv0023+Rv0078+Rv0081+Rv1956+Rv2506+Rv3862c,"(-1, 0, 0, 0, 0, 0)",10.0
467,Rv0023+Rv0078+Rv0081+Rv1956+Rv2506+Rv3862c,"(-1, 0, 0, 0, 0, 1)",0.0
468,Rv0023+Rv0078+Rv0081+Rv1956+Rv2506+Rv3862c,"(-1, 0, 0, 0, 1, -1)",0.0
469,Rv0023+Rv0078+Rv0081+Rv1956+Rv2506+Rv3862c,"(-1, 0, 0, 0, 1, 0)",0.0
470,Rv0023+Rv0078+Rv0081+Rv1956+Rv2506+Rv3862c,"(-1, 0, 0, 0, 1, 1)",0.0
471,Rv0023+Rv0078+Rv0081+Rv1956+Rv2506+Rv3862c,"(-1, 0, 0, 1, -1, -1)",0.0
472,Rv0023+Rv0078+Rv0081+Rv1956+Rv2506+Rv3862c,"(-1, 0, 0, 1, -1, 0)",0.0
473,Rv0023+Rv0078+Rv0081+Rv1956+Rv2506+Rv3862c,"(-1, 0, 0, 1, -1, 1)",0.0
474,Rv0023+Rv0078+Rv0081+Rv1956+Rv2506+Rv3862c,"(-1, 0, 0, 1, 0, -1)",10.0
475,Rv0023+Rv0078+Rv0081+Rv1956+Rv2506+Rv3862c,"(-1, 0, 0, 1, 0, 0)",0.0
476,Rv0023+Rv0078+Rv0081+Rv1956+Rv2506+Rv3862c,"(-1, 0, 0, 1, 0, 1)",0.0
477,Rv0023+Rv0078+Rv0081+Rv1956+Rv2506+Rv3862c,"(-1, 0, 0, 1, 1, -1)",0.0
478,Rv0023+Rv0078+Rv0081+Rv1956+Rv2506+Rv3862c,"(-1, 0, 0, 1, 1, 0)",0.0
479,Rv0023+Rv0078+Rv0081+Rv1956+Rv2506+Rv3862c,"(-1, 0, 0, 1, 1, 1)",0.0
480,Rv0023+Rv0078+Rv0081+Rv1956+Rv2506+Rv3862c,"(-1, 0, 1, -1, -1, -1)",0.0
481,Rv0023+Rv0078+Rv0081+Rv1956+Rv2506+Rv3862c,"(-1, 0, 1, -1, -1, 0)",0.0
482,Rv0023+Rv0078+Rv0081+Rv1956+Rv2506+Rv3862c,"(-1, 0, 1, -1, -1, 1)",0.0
483,Rv0023+Rv0078+Rv0081+Rv1956+Rv2506+Rv3862c,"(-1, 0, 1, -1, 0, -1)",0.0
484,Rv0023+Rv0078+Rv0081+Rv1956+Rv2506+Rv3862c,"(-1, 0, 1, -1, 0, 0)",0.0
485,Rv0023+Rv0078+Rv0081+Rv1956+Rv2506+Rv3862c,"(-1, 0, 1, -1, 0, 1)",0.0
486,Rv0023+Rv0078+Rv0081+Rv1956+Rv2506+Rv3862c,"(-1, 0, 1, -1, 1, -1)",0.0
487,Rv0023+Rv0078+Rv0081+Rv1956+Rv2506+Rv3862c,"(-1, 0, 1, -1, 1, 0)",0.0
488,Rv0023+Rv0078+Rv0081+Rv1956+Rv2506+Rv3862c,"(-1, 0, 1, -1, 1, 1)",0.0
489,Rv0023+Rv0078+Rv0081+Rv1956+Rv2506+Rv3862c,"(-1, 0, 1, 0, -1, -1)",0.0
490,Rv0023+Rv0078+Rv0081+Rv1956+Rv2506+Rv3862c,"(-1, 0, 1, 0, -1, 0)",0.0
491,Rv0023+Rv0078+Rv0081+Rv1956+Rv2506+Rv3862c,"(-1, 0, 1, 0, -1, 1)",0.0
492,Rv0023+Rv0078+Rv0081+Rv1956+Rv2506+Rv3862c,"(-1, 0, 1, 0, 0, -1)",10.0
493,Rv0023+Rv0078+Rv0081+Rv1956+Rv2506+Rv3862c,"(-1, 0, 1, 0, 0, 0)",-10.0
494,Rv0023+Rv0078+Rv0081+Rv1956+Rv2506+Rv3862c,"(-1, 0, 1, 0, 0, 1)",0.0
495,Rv0023+Rv0078+Rv0081+Rv1956+Rv2506+Rv3862c,"(-1, 0, 1, 0, 1, -1)",0.0
496,Rv0023+Rv0078+Rv0081+Rv1956+Rv2506+Rv3862c,"(-1, 0, 1, 0, 1, 0)",0.0
497,Rv0023+Rv0078+Rv0081+Rv1956+Rv2506+Rv3862c,"(-1, 0, 1, 0, 1, 1)",0.0
498,Rv0023+Rv0078+Rv0081+Rv1956+Rv2506+Rv3862c,"(-1, 0, 1, 1, -1, -1)",10.0
499,Rv0023+Rv0078+Rv0081+Rv1956+Rv2506+Rv3862c,"(-1, 0, 1, 1, -1, 0)",-10.0
500,Rv0023+Rv0078+Rv0081+Rv1956+Rv2506+Rv3862c,"(-1, 0, 1, 1, -1, 1)",-10.0
501,Rv0023+Rv0078+Rv0081+Rv1956+Rv2506+Rv3862c,"(-1, 0, 1, 1, 0, -1)",0.0
502,Rv0023+Rv0078+Rv0081+Rv1956+Rv2506+Rv3862c,"(-1, 0, 1, 1, 0, 0)",10.0
503,Rv0023+Rv0078+Rv0081+Rv1956+Rv2506+Rv3862c,"(-1, 0, 1, 1, 0, 1)",0.0
504,Rv0023+Rv0078+Rv0081+Rv1956+Rv2506+Rv3862c,"(-1, 0, 1, 1, 1, -1)",0.0
505,Rv0023+Rv0078+Rv0081+Rv1956+Rv2506+Rv3862c,"(-1, 0, 1, 1, 1, 0)",0.0
506,Rv0023+Rv0078+Rv0081+Rv1956+Rv2506+Rv3862c,"(-1, 0, 1, 1, 1, 1)",0.0
507,Rv0023+Rv0078+Rv0081+Rv1956+Rv2506+Rv3862c,"(-1, 1, -1, -1, -1, -1)",0.0
508,Rv0023+Rv0078+Rv0081+Rv1956+Rv2506+Rv3862c,"(-1, 1, -1, -1, -1, 0)",0.0
509,Rv0023+Rv0078+Rv0081+Rv1956+Rv2506+Rv3862c,"(-1, 1, -1, -1, -1, 1)",0.0
510,Rv0023+Rv0078+Rv0081+Rv1956+Rv2506+Rv3862c,"(-1, 1, -1, -1, 0, -1)",0.0
511,Rv0023+Rv0078+Rv0081+Rv1956+Rv2506+Rv3862c,"(-1, 1, -1, -1, 0, 0)",0.0
512,Rv0023+Rv0078+Rv0081+Rv1956+Rv2506+Rv3862c,"(-1, 1, -1, -1, 0, 1)",0.0
513,Rv0023+Rv0078+Rv0081+Rv1956+Rv2506+Rv3862c,"(-1, 1, -1, -1, 1, -1)",0.0
514,Rv0023+Rv0078+Rv0081+Rv1956+Rv2506+Rv3862c,"(-1, 1, -1, -1, 1, 0)",0.0
515,Rv0023+Rv0078+Rv0081+Rv1956+Rv2506+Rv3862c,"(-1, 1, -1, -1, 1, 1)",0.0
516,Rv0023+Rv0078+Rv0081+Rv1956+Rv2506+Rv3862c,"(-1, 1, -1, 0, -1, -1)",0.0
517,Rv0023+Rv0078+Rv0081+Rv1956+Rv2506+Rv3862c,"(-1, 1, -1, 0, -1, 0)",0.0
518,Rv0023+Rv0078+Rv0081+Rv1956+Rv2506+Rv3862c,"(-1, 1, -1, 0, -1, 1)",0.0
519,Rv0023+Rv0078+Rv0081+Rv1956+Rv2506+Rv3862c,"(-1, 1, -1, 0, 0, -1)",0.0
520,Rv0023+Rv0078+Rv0081+Rv1956+Rv2506+Rv3862c,"(-1, 1, -1, 0, 0, 0)",0.0
521,Rv0023+Rv0078+Rv0081+Rv1956+Rv2506+Rv3862c,"(-1, 1, -1, 0, 0, 1)",0.0
522,Rv0023+Rv0078+Rv0081+Rv1956+Rv2506+Rv3862c,"(-1, 1, -1, 0, 1, -1)",0.0
523,Rv0023+Rv0078+Rv0081+Rv1956+Rv2506+Rv3862c,"(-1, 1, -1, 0, 1, 0)",0.0
524,Rv0023+Rv0078+Rv0081+Rv1956+Rv2506+Rv3862c,"(-1, 1, -1, 0, 1, 1)",0.0
525,Rv0023+Rv0078+Rv0081+Rv1956+Rv2506+Rv3862c,"(-1, 1, -1, 1, -1, -1)",0.0
526,Rv0023+Rv0078+Rv0081+Rv1956+Rv2506+Rv3862c,"(-1, 1, -1, 1, -1, 0)",0.0
527,Rv0023+Rv0078+Rv0081+Rv1956+Rv2506+Rv3862c,"(-1, 1, -1, 1, -1, 1)",0.0
528,Rv0023+Rv0078+Rv0081+Rv1956+Rv2506+Rv3862c,"(-1, 1, -1, 1, 0, -1)",0.0
529,Rv0023+Rv0078+Rv0081+Rv1956+Rv2506+Rv3862c,"(-1, 1, -1, 1, 0, 0)",0.0
530,Rv0023+Rv0078+Rv0081+Rv1956+Rv2506+Rv3862c,"(-1, 1, -1, 1, 0, 1)",0.0
531,Rv0023+Rv0078+Rv0081+Rv1956+Rv2506+Rv3862c,"(-1, 1, -1, 1, 1, -1)",0.0
532,Rv0023+Rv0078+Rv0081+Rv1956+Rv2506+Rv3862c,"(-1, 1, -1, 1, 1, 0)",0.0
533,Rv0023+Rv0078+Rv0081+Rv1956+Rv2506+Rv3862c,"(-1, 1, -1, 1, 1, 1)",0.0
534,Rv0023+Rv0078+Rv0081+Rv1956+Rv2506+Rv3862c,"(-1, 1, 0, -1, -1, -1)",0.0
535,Rv0023+Rv0078+Rv0081+Rv1956+Rv2506+Rv3862c,"(-1, 1, 0, -1, -1, 0)",0.0
536,Rv0023+Rv0078+Rv0081+Rv1956+Rv2506+Rv3862c,"(-1, 1, 0, -1, -1, 1)",0.0
537,Rv0023+Rv0078+Rv0081+Rv1956+Rv2506+Rv3862c,"(-1, 1, 0, -1, 0, -1)",0.0
538,Rv0023+Rv0078+Rv0081+Rv1956+Rv2506+Rv3862c,"(-1, 1, 0, -1, 0, 0)",0.0
539,Rv0023+Rv0078+Rv0081+Rv1956+Rv2506+Rv3862c,"(-1, 1, 0, -1, 0, 1)",0.0
540,Rv0023+Rv0078+Rv0081+Rv1956+Rv2506+Rv3862c,"(-1, 1, 0, -1, 1, -1)",0.0
541,Rv0023+Rv0078+Rv0081+Rv1956+Rv2506+Rv3862c,"(-1, 1, 0, -1, 1, 0)",0.0
542,Rv0023+Rv0078+Rv0081+Rv1956+Rv2506+Rv3862c,"(-1, 1, 0, -1, 1, 1)",0.0
543,Rv0023+Rv0078+Rv0081+Rv1956+Rv2506+Rv3862c,"(-1, 1, 0, 0, -1, -1)",0.0
544,Rv0023+Rv0078+Rv0081+Rv1956+Rv2506+Rv3862c,"(-1, 1, 0, 0, -1, 0)",0.0
545,Rv0023+Rv0078+Rv0081+Rv1956+Rv2506+Rv3862c,"(-1, 1, 0, 0, -1, 1)",0.0
546,Rv0023+Rv0078+Rv0081+Rv1956+Rv2506+Rv3862c,"(-1, 1, 0, 0, 0, -1)",0.0
547,Rv0023+Rv0078+Rv0081+Rv1956+Rv2506+Rv3862c,"(-1, 1, 0, 0, 0, 0)",0.0
548,Rv0023+Rv0078+Rv0081+Rv1956+Rv2506+Rv3862c,"(-1, 1, 0, 0, 0, 1)",0.0
549,Rv0023+Rv0078+Rv0081+Rv1956+Rv2506+Rv3862c,"(-1, 1, 0, 0, 1, -1)",0.0
550,Rv0023+Rv0078+Rv0081+Rv1956+Rv2506+Rv3862c,"(-1, 1, 0, 0, 1, 0)",0.0
551,Rv0023+Rv0078+Rv0081+Rv1956+Rv2506+Rv3862c,"(-1, 1, 0, 0, 1, 1)",0.0
552,Rv0023+Rv0078+Rv0081+Rv1956+Rv2506+Rv3862c,"(-1, 1, 0, 1, -1, -1)",0.0
553,Rv0023+Rv0078+Rv0081+Rv1956+Rv2506+Rv3862c,"(-1, 1, 0, 1, -1, 0)",0.0
554,Rv0023+Rv0078+Rv0081+Rv1956+Rv2506+Rv3862c,"(-1, 1, 0, 1, -1, 1)",0.0
555,Rv0023+Rv0078+Rv0081+Rv1956+Rv2506+Rv3862c,"(-1, 1, 0, 1, 0, -1)",0.0
556,Rv0023+Rv0078+Rv0081+Rv1956+Rv2506+Rv3862c,"(-1, 1, 0, 1, 0, 0)",0.0
557,Rv0023+Rv0078+Rv0081+Rv1956+Rv2506+Rv3862c,"(-1, 1, 0, 1, 0, 1)",0.0
558,Rv0023+Rv0078+Rv0081+Rv1956+Rv2506+Rv3862c,"(-1, 1, 0, 1, 1, -1)",0.0
559,Rv0023+Rv0078+Rv0081+Rv1956+Rv2506+Rv3862c,"(-1, 1, 0, 1, 1, 0)",0.0
560,Rv0023+Rv0078+Rv0081+Rv1956+Rv2506+Rv3862c,"(-1, 1, 0, 1, 1, 1)",0.0
561,Rv0023+Rv0078+Rv0081+Rv1956+Rv2506+Rv3862c,"(-1, 1, 1, -1, -1, -1)",0.0
562,Rv0023+Rv0078+Rv0081+Rv1956+Rv2506+Rv3862c,"(-1, 1, 1, -1, -1, 0)",0.0
563,Rv0023+Rv0078+Rv0081+Rv1956+Rv2506+Rv3862c,"(-1, 1, 1, -1, -1, 1)",0.0
564,Rv0023+Rv0078+Rv0081+Rv1956+Rv2506+Rv3862c,"(-1, 1, 1, -1, 0, -1)",0.0
565,Rv0023+Rv0078+Rv0081+Rv1956+Rv2506+Rv3862c,"(-1, 1, 1, -1, 0, 0)",0.0
566,Rv0023+Rv0078+Rv0081+Rv1956+Rv2506+Rv3862c,"(-1, 1, 1, -1, 0, 1)",0.0
567,Rv0023+Rv0078+Rv0081+Rv1956+Rv2506+Rv3862c,"(-1, 1, 1, -1, 1, -1)",0.0
568,Rv0023+Rv0078+Rv0081+Rv1956+Rv2506+Rv3862c,"(-1, 1, 1, -1, 1, 0)",0.0
569,Rv0023+Rv0078+Rv0081+Rv1956+Rv2506+Rv3862c,"(-1, 1, 1, -1, 1, 1)",0.0
570,Rv0023+Rv0078+Rv0081+Rv1956+Rv2506+Rv3862c,"(-1, 1, 1, 0, -1, -1)",0.0
571,Rv0023+Rv0078+Rv0081+Rv1956+Rv2506+Rv3862c,"(-1, 1, 1, 0, -1, 0)",0.0
572,Rv0023+Rv0078+Rv0081+Rv1956+Rv2506+Rv3862c,"(-1, 1, 1, 0, -1, 1)",0.0
573,Rv0023+Rv0078+Rv0081+Rv1956+Rv2506+Rv3862c,"(-1, 1, 1, 0, 0, -1)",0.0
574,Rv0023+Rv0078+Rv0081+Rv1956+Rv2506+Rv3862c,"(-1, 1, 1, 0, 0, 0)",0.0
575,Rv0023+Rv0078+Rv0081+Rv1956+Rv2506+Rv3862c,"(-1, 1, 1, 0, 0, 1)",0.0
576,Rv0023+Rv0078+Rv0081+Rv1956+Rv2506+Rv3862c,"(-1, 1, 1, 0, 1, -1)",0.0
577,Rv0023+Rv0078+Rv0081+Rv1956+Rv2506+Rv3862c,"(-1, 1, 1, 0, 1, 0)",0.0
578,Rv0023+Rv0078+Rv0081+Rv1956+Rv2506+Rv3862c,"(-1, 1, 1, 0, 1, 1)",0.0
579,Rv0023+Rv0078+Rv0081+Rv1956+Rv2506+Rv3862c,"(-1, 1, 1, 1, -1, -1)",0.0
580,Rv0023+Rv0078+Rv0081+Rv1956+Rv2506+Rv3862c,"(-1, 1, 1, 1, -1, 0)",0.0
581,Rv0023+Rv0078+Rv0081+Rv1956+Rv2506+Rv3862c,"(-1, 1, 1, 1, -1, 1)",0.0
582,Rv0023+Rv0078+Rv0081+Rv1956+Rv2506+Rv3862c,"(-1, 1, 1, 1, 0, -1)",0.0
583,Rv0023+Rv0078+Rv0081+Rv1956+Rv2506+Rv3862c,"(-1, 1, 1, 1, 0, 0)",0.0
584,Rv0023+Rv0078+Rv0081+Rv1956+Rv2506+Rv3862c,"(-1, 1, 1, 1, 0, 1)",0.0
585,Rv0023+Rv0078+Rv0081+Rv1956+Rv2506+Rv3862c,"(-1, 1, 1, 1, 1, -1)",0.0
586,Rv0023+Rv0078+Rv0081+Rv1956+Rv2506+Rv3862c,"(-1, 1, 1, 1, 1, 0)",0.0
587,Rv0023+Rv0078+Rv0081+Rv1956+Rv2506+Rv3862c,"(-1, 1, 1, 1, 1, 1)",0.0
588,Rv0023+Rv0078+Rv0081+Rv1956+Rv2506+Rv3862c,"(0, -1, -1, -1, -1, -1)",0.0
589,Rv0023+Rv0078+Rv0081+Rv1956+Rv2506+Rv3862c,"(0, -1, -1, -1, -1, 0)",0.0
590,Rv0023+Rv0078+Rv0081+Rv1956+Rv2506+Rv3862c,"(0, -1, -1, -1, -1, 1)",0.0
591,Rv0023+Rv0078+Rv0081+Rv1956+Rv2506+Rv3862c,"(0, -1, -1, -1, 0, -1)",0.0
592,Rv0023+Rv0078+Rv0081+Rv1956+Rv2506+Rv3862c,"(0, -1, -1, -1, 0, 0)",0.0
593,Rv0023+Rv0078+Rv0081+Rv1956+Rv2506+Rv3862c,"(0, -1, -1, -1, 0, 1)",0.0
594,Rv0023+Rv0078+Rv0081+Rv1956+Rv2506+Rv3862c,"(0, -1, -1, -1, 1, -1)",0.0
595,Rv0023+Rv0078+Rv0081+Rv1956+Rv2506+Rv3862c,"(0, -1, -1, -1, 1, 0)",0.0
596,Rv0023+Rv0078+Rv0081+Rv1956+Rv2506+Rv3862c,"(0, -1, -1, -1, 1, 1)",0.0
597,Rv0023+Rv0078+Rv0081+Rv1956+Rv2506+Rv3862c,"(0, -1, -1, 0, -1, -1)",-10.0
598,Rv0023+Rv0078+Rv0081+Rv1956+Rv2506+Rv3862c,"(0, -1, -1, 0, -1, 0)",-10.0
599,Rv0023+Rv0078+Rv0081+Rv1956+Rv2506+Rv3862c,"(0, -1, -1, 0, -1, 1)",0.0
600,Rv0023+Rv0078+Rv0081+Rv1956+Rv2506+Rv3862c,"(0, -1, -1, 0, 0, -1)",0.0
601,Rv0023+Rv0078+Rv0081+Rv1956+Rv2506+Rv3862c,"(0, -1, -1, 0, 0, 0)",0.0
602,Rv0023+Rv0078+Rv0081+Rv1956+Rv2506+Rv3862c,"(0, -1, -1, 0, 0, 1)",0.0
603,Rv0023+Rv0078+Rv0081+Rv1956+Rv2506+Rv3862c,"(0, -1, -1, 0, 1, -1)",0.0
604,Rv0023+Rv0078+Rv0081+Rv1956+Rv2506+Rv3862c,"(0, -1, -1, 0, 1, 0)",0.0
605,Rv0023+Rv0078+Rv0081+Rv1956+Rv2506+Rv3862c,"(0, -1, -1, 0, 1, 1)",0.0
606,Rv0023+Rv0078+Rv0081+Rv1956+Rv2506+Rv3862c,"(0, -1, -1, 1, -1, -1)",0.0
607,Rv0023+Rv0078+Rv0081+Rv1956+Rv2506+Rv3862c,"(0, -1, -1, 1, -1, 0)",0.0
608,Rv0023+Rv0078+Rv0081+Rv1956+Rv2506+Rv3862c,"(0, -1, -1, 1, -1, 1)",0.0
609,Rv0023+Rv0078+Rv0081+Rv1956+Rv2506+Rv3862c,"(0, -1, -1, 1, 0, -1)",0.0
610,Rv0023+Rv0078+Rv0081+Rv1956+Rv2506+Rv3862c,"(0, -1, -1, 1, 0, 0)",0.0
611,Rv0023+Rv0078+Rv0081+Rv1956+Rv2506+Rv3862c,"(0, -1, -1, 1, 0, 1)",0.0
612,Rv0023+Rv0078+Rv0081+Rv1956+Rv2506+Rv3862c,"(0, -1, -1, 1, 1, -1)",0.0
613,Rv0023+Rv0078+Rv0081+Rv1956+Rv2506+Rv3862c,"(0, -1, -1, 1, 1, 0)",0.0
614,Rv0023+Rv0078+Rv0081+Rv1956+Rv2506+Rv3862c,"(0, -1, -1, 1, 1, 1)",0.0
615,Rv0023+Rv0078+Rv0081+Rv1956+Rv2506+Rv3862c,"(0, -1, 0, -1, -1, -1)",0.0
616,Rv0023+Rv0078+Rv0081+Rv1956+Rv2506+Rv3862c,"(0, -1, 0, -1, -1, 0)",0.0
617,Rv0023+Rv0078+Rv0081+Rv1956+Rv2506+Rv3862c,"(0, -1, 0, -1, -1, 1)",0.0
618,Rv0023+Rv0078+Rv0081+Rv1956+Rv2506+Rv3862c,"(0, -1, 0, -1, 0, -1)",0.0
619,Rv0023+Rv0078+Rv0081+Rv1956+Rv2506+Rv3862c,"(0, -1, 0, -1, 0, 0)",0.0
620,Rv0023+Rv0078+Rv0081+Rv1956+Rv2506+Rv3862c,"(0, -1, 0, -1, 0, 1)",0.0
621,Rv0023+Rv0078+Rv0081+Rv1956+Rv2506+Rv3862c,"(0, -1, 0, -1, 1, -1)",0.0
622,Rv0023+Rv0078+Rv0081+Rv1956+Rv2506+Rv3862c,"(0, -1, 0, -1, 1, 0)",0.0
623,Rv0023+Rv0078+Rv0081+Rv1956+Rv2506+Rv3862c,"(0, -1, 0, -1, 1, 1)",0.0
624,Rv0023+Rv0078+Rv0081+Rv1956+Rv2506+Rv3862c,"(0, -1, 0, 0, -1, -1)",0.0
625,Rv0023+Rv0078+Rv0081+Rv1956+Rv2506+Rv3862c,"(0, -1, 0, 0, -1, 0)",-10.0
626,Rv0023+Rv0078+Rv0081+Rv1956+Rv2506+Rv3862c,"(0, -1, 0, 0, -1, 1)",0.0
627,Rv0023+Rv0078+Rv0081+Rv1956+Rv2506+Rv3862c,"(0, -1, 0, 0, 0, -1)",0.0
628,Rv0023+Rv0078+Rv0081+Rv1956+Rv2506+Rv3862c,"(0, -1, 0, 0, 0, 0)",0.0
629,Rv0023+Rv0078+Rv0081+Rv1956+Rv2506+Rv3862c,"(0, -1, 0, 0, 0, 1)",0.0
630,Rv0023+Rv0078+Rv0081+Rv1956+Rv2506+Rv3862c,"(0, -1, 0, 0, 1, -1)",0.0
631,Rv0023+Rv0078+Rv0081+Rv1956+Rv2506+Rv3862c,"(0, -1, 0, 0, 1, 0)",0.0
632,Rv0023+Rv0078+Rv0081+Rv1956+Rv2506+Rv3862c,"(0, -1, 0, 0, 1, 1)",0.0
633,Rv0023+Rv0078+Rv0081+Rv1956+Rv2506+Rv3862c,"(0, -1, 0, 1, -1, -1)",0.0
634,Rv0023+Rv0078+Rv0081+Rv1956+Rv2506+Rv3862c,"(0, -1, 0, 1, -1, 0)",0.0
635,Rv0023+Rv0078+Rv0081+Rv1956+Rv2506+Rv3862c,"(0, -1, 0, 1, -1, 1)",0.0
636,Rv0023+Rv0078+Rv0081+Rv1956+Rv2506+Rv3862c,"(0, -1, 0, 1, 0, -1)",0.0
637,Rv0023+Rv0078+Rv0081+Rv1956+Rv2506+Rv3862c,"(0, -1, 0, 1, 0, 0)",0.0
638,Rv0023+Rv0078+Rv0081+Rv1956+Rv2506+Rv3862c,"(0, -1, 0, 1, 0, 1)",0.0
639,Rv0023+Rv0078+Rv0081+Rv1956+Rv2506+Rv3862c,"(0, -1, 0, 1, 1, -1)",0.0
640,Rv0023+Rv0078+Rv0081+Rv1956+Rv2506+Rv3862c,"(0, -1, 0, 1, 1, 0)",0.0
641,Rv0023+Rv0078+Rv0081+Rv1956+Rv2506+Rv3862c,"(0, -1, 0, 1, 1, 1)",0.0
642,Rv0023+Rv0078+Rv0081+Rv1956+Rv2506+Rv3862c,"(0, -1, 1, -1, -1, -1)",0.0
643,Rv0023+Rv0078+Rv0081+Rv1956+Rv2506+Rv3862c,"(0, -1, 1, -1, -1, 0)",0.0
644,Rv0023+Rv0078+Rv0081+Rv1956+Rv2506+Rv3862c,"(0, -1, 1, -1, -1, 1)",0.0
645,Rv0023+Rv0078+Rv0081+Rv1956+Rv2506+Rv3862c,"(0, -1, 1, -1, 0, -1)",0.0
646,Rv0023+Rv0078+Rv0081+Rv1956+Rv2506+Rv3862c,"(0, -1, 1, -1, 0, 0)",0.0
647,Rv0023+Rv0078+Rv0081+Rv1956+Rv2506+Rv3862c,"(0, -1, 1, -1, 0, 1)",0.0
648,Rv0023+Rv0078+Rv0081+Rv1956+Rv2506+Rv3862c,"(0, -1, 1, -1, 1, -1)",0.0
649,Rv0023+Rv0078+Rv0081+Rv1956+Rv2506+Rv3862c,"(0, -1, 1, -1, 1, 0)",0.0
650,Rv0023+Rv0078+Rv0081+Rv1956+Rv2506+Rv3862c,"(0, -1, 1, -1, 1, 1)",0.0
651,Rv0023+Rv0078+Rv0081+Rv1956+Rv2506+Rv3862c,"(0, -1, 1, 0, -1, -1)",0.0
652,Rv0023+Rv0078+Rv0081+Rv1956+Rv2506+Rv3862c,"(0, -1, 1, 0, -1, 0)",-10.0
653,Rv0023+Rv0078+Rv0081+Rv1956+Rv2506+Rv3862c,"(0, -1, 1, 0, -1, 1)",0.0
654,Rv0023+Rv0078+Rv0081+Rv1956+Rv2506+Rv3862c,"(0, -1, 1, 0, 0, -1)",0.0
655,Rv0023+Rv0078+Rv0081+Rv1956+Rv2506+Rv3862c,"(0, -1, 1, 0, 0, 0)",-10.0
656,Rv0023+Rv0078+Rv0081+Rv1956+Rv2506+Rv3862c,"(0, -1, 1, 0, 0, 1)",0.0
657,Rv0023+Rv0078+Rv0081+Rv1956+Rv2506+Rv3862c,"(0, -1, 1, 0, 1, -1)",0.0
658,Rv0023+Rv0078+Rv0081+Rv1956+Rv2506+Rv3862c,"(0, -1, 1, 0, 1, 0)",0.0
659,Rv0023+Rv0078+Rv0081+Rv1956+Rv2506+Rv3862c,"(0, -1, 1, 0, 1, 1)",0.0
660,Rv0023+Rv0078+Rv0081+Rv1956+Rv2506+Rv3862c,"(0, -1, 1, 1, -1, -1)",0.0
661,Rv0023+Rv0078+Rv0081+Rv1956+Rv2506+Rv3862c,"(0, -1, 1, 1, -1, 0)",0.0
662,Rv0023+Rv0078+Rv0081+Rv1956+Rv2506+Rv3862c,"(0, -1, 1, 1, -1, 1)",0.0
663,Rv0023+Rv0078+Rv0081+Rv1956+Rv2506+Rv3862c,"(0, -1, 1, 1, 0, -1)",0.0
664,Rv0023+Rv0078+Rv0081+Rv1956+Rv2506+Rv3862c,"(0, -1, 1, 1, 0, 0)",0.0
665,Rv0023+Rv0078+Rv0081+Rv1956+Rv2506+Rv3862c,"(0, -1, 1, 1, 0, 1)",0.0
666,Rv0023+Rv0078+Rv0081+Rv1956+Rv2506+Rv3862c,"(0, -1, 1, 1, 1, -1)",0.0
667,Rv0023+Rv0078+Rv0081+Rv1956+Rv2506+Rv3862c,"(0, -1, 1, 1, 1, 0)",0.0
668,Rv0023+Rv0078+Rv0081+Rv1956+Rv2506+Rv3862c,"(0, -1, 1, 1, 1, 1)",0.0
669,Rv0023+Rv0078+Rv0081+Rv1956+Rv2506+Rv3862c,"(0, 0, -1, -1, -1, -1)",0.0
670,Rv0023+Rv0078+Rv0081+Rv1956+Rv2506+Rv3862c,"(0, 0, -1, -1, -1, 0)",0.0
671,Rv0023+Rv0078+Rv0081+Rv1956+Rv2506+Rv3862c,"(0, 0, -1, -1, -1, 1)",0.0
672,Rv0023+Rv0078+Rv0081+Rv1956+Rv2506+Rv3862c,"(0, 0, -1, -1, 0, -1)",0.0
673,Rv0023+Rv0078+Rv0081+Rv1956+Rv2506+Rv3862c,"(0, 0, -1, -1, 0, 0)",0.0
674,Rv0023+Rv0078+Rv0081+Rv1956+Rv2506+Rv3862c,"(0, 0, -1, -1, 0, 1)",0.0
675,Rv0023+Rv0078+Rv0081+Rv1956+Rv2506+Rv3862c,"(0, 0, -1, -1, 1, -1)",0.0
676,Rv0023+Rv0078+Rv0081+Rv1956+Rv2506+Rv3862c,"(0, 0, -1, -1, 1, 0)",0.0
677,Rv0023+Rv0078+Rv0081+Rv1956+Rv2506+Rv3862c,"(0, 0, -1, -1, 1, 1)",0.0
678,Rv0023+Rv0078+Rv0081+Rv1956+Rv2506+Rv3862c,"(0, 0, -1, 0, -1, -1)",0.0
679,Rv0023+Rv0078+Rv0081+Rv1956+Rv2506+Rv3862c,"(0, 0, -1, 0, -1, 0)",-10.0
680,Rv0023+Rv0078+Rv0081+Rv1956+Rv2506+Rv3862c,"(0, 0, -1, 0, -1, 1)",0.0
681,Rv0023+Rv0078+Rv0081+Rv1956+Rv2506+Rv3862c,"(0, 0, -1, 0, 0, -1)",0.0
682,Rv0023+Rv0078+Rv0081+Rv1956+Rv2506+Rv3862c,"(0, 0, -1, 0, 0, 0)",-10.0
683,Rv0023+Rv0078+Rv0081+Rv1956+Rv2506+Rv3862c,"(0, 0, -1, 0, 0, 1)",0.0
684,Rv0023+Rv0078+Rv0081+Rv1956+Rv2506+Rv3862c,"(0, 0, -1, 0, 1, -1)",0.0
685,Rv0023+Rv0078+Rv0081+Rv1956+Rv2506+Rv3862c,"(0, 0, -1, 0, 1, 0)",0.0
686,Rv0023+Rv0078+Rv0081+Rv1956+Rv2506+Rv3862c,"(0, 0, -1, 0, 1, 1)",0.0
687,Rv0023+Rv0078+Rv0081+Rv1956+Rv2506+Rv3862c,"(0, 0, -1, 1, -1, -1)",0.0
688,Rv0023+Rv0078+Rv0081+Rv1956+Rv2506+Rv3862c,"(0, 0, -1, 1, -1, 0)",0.0
689,Rv0023+Rv0078+Rv0081+Rv1956+Rv2506+Rv3862c,"(0, 0, -1, 1, -1, 1)",0.0
690,Rv0023+Rv0078+Rv0081+Rv1956+Rv2506+Rv3862c,"(0, 0, -1, 1, 0, -1)",0.0
691,Rv0023+Rv0078+Rv0081+Rv1956+Rv2506+Rv3862c,"(0, 0, -1, 1, 0, 0)",0.0
692,Rv0023+Rv0078+Rv0081+Rv1956+Rv2506+Rv3862c,"(0, 0, -1, 1, 0, 1)",0.0
693,Rv0023+Rv0078+Rv0081+Rv1956+Rv2506+Rv3862c,"(0, 0, -1, 1, 1, -1)",0.0
694,Rv0023+Rv0078+Rv0081+Rv1956+Rv2506+Rv3862c,"(0, 0, -1, 1, 1, 0)",0.0
695,Rv0023+Rv0078+Rv0081+Rv1956+Rv2506+Rv3862c,"(0, 0, -1, 1, 1, 1)",0.0
696,Rv0023+Rv0078+Rv0081+Rv1956+Rv2506+Rv3862c,"(0, 0, 0, -1, -1, -1)",0.0
697,Rv0023+Rv0078+Rv0081+Rv1956+Rv2506+Rv3862c,"(0, 0, 0, -1, -1, 0)",0.0
698,Rv0023+Rv0078+Rv0081+Rv1956+Rv2506+Rv3862c,"(0, 0, 0, -1, -1, 1)",0.0
699,Rv0023+Rv0078+Rv0081+Rv1956+Rv2506+Rv3862c,"(0, 0, 0, -1, 0, -1)",0.0
700,Rv0023+Rv0078+Rv0081+Rv1956+Rv2506+Rv3862c,"(0, 0, 0, -1, 0, 0)",0.0
701,Rv0023+Rv0078+Rv0081+Rv1956+Rv2506+Rv3862c,"(0, 0, 0, -1, 0, 1)",0.0
702,Rv0023+Rv0078+Rv0081+Rv1956+Rv2506+Rv3862c,"(0, 0, 0, -1, 1, -1)",0.0
703,Rv0023+Rv0078+Rv0081+Rv1956+Rv2506+Rv3862c,"(0, 0, 0, -1, 1, 0)",0.0
704,Rv0023+Rv0078+Rv0081+Rv1956+Rv2506+Rv3862c,"(0, 0, 0, -1, 1, 1)",0.0
705,Rv0023+Rv0078+Rv0081+Rv1956+Rv2506+Rv3862c,"(0, 0, 0, 0, -1, -1)",-10.0
706,Rv0023+Rv0078+Rv0081+Rv1956+Rv2506+Rv3862c,"(0, 0, 0, 0, -1, 0)",-10.0
707,Rv0023+Rv0078+Rv0081+Rv1956+Rv2506+Rv3862c,"(0, 0, 0, 0, -1, 1)",0.0
708,Rv0023+Rv0078+Rv0081+Rv1956+Rv2506+Rv3862c,"(0, 0, 0, 0, 0, -1)",0.0
709,Rv0023+Rv0078+Rv0081+Rv1956+Rv2506+Rv3862c,"(0, 0, 0, 0, 0, 0)",-10.0
710,Rv0023+Rv0078+Rv0081+Rv1956+Rv2506+Rv3862c,"(0, 0, 0, 0, 0, 1)",0.0
711,Rv0023+Rv0078+Rv0081+Rv1956+Rv2506+Rv3862c,"(0, 0, 0, 0, 1, -1)",0.0
712,Rv0023+Rv0078+Rv0081+Rv1956+Rv2506+Rv3862c,"(0, 0, 0, 0, 1, 0)",0.0
713,Rv0023+Rv0078+Rv0081+Rv1956+Rv2506+Rv3862c,"(0, 0, 0, 0, 1, 1)",0.0
714,Rv0023+Rv0078+Rv0081+Rv1956+Rv2506+Rv3862c,"(0, 0, 0, 1, -1, -1)",0.0
715,Rv0023+Rv0078+Rv0081+Rv1956+Rv2506+Rv3862c,"(0, 0, 0, 1, -1, 0)",0.0
716,Rv0023+Rv0078+Rv0081+Rv1956+Rv2506+Rv3862c,"(0, 0, 0, 1, -1, 1)",0.0
717,Rv0023+Rv0078+Rv0081+Rv1956+Rv2506+Rv3862c,"(0, 0, 0, 1, 0, -1)",0.0
718,Rv0023+Rv0078+Rv0081+Rv1956+Rv2506+Rv3862c,"(0, 0, 0, 1, 0, 0)",0.0
719,Rv0023+Rv0078+Rv0081+Rv1956+Rv2506+Rv3862c,"(0, 0, 0, 1, 0, 1)",0.0
720,Rv0023+Rv0078+Rv0081+Rv1956+Rv2506+Rv3862c,"(0, 0, 0, 1, 1, -1)",0.0
721,Rv0023+Rv0078+Rv0081+Rv1956+Rv2506+Rv3862c,"(0, 0, 0, 1, 1, 0)",0.0
722,Rv0023+Rv0078+Rv0081+Rv1956+Rv2506+Rv3862c,"(0, 0, 0, 1, 1, 1)",0.0
723,Rv0023+Rv0078+Rv0081+Rv1956+Rv2506+Rv3862c,"(0, 0, 1, -1, -1, -1)",0.0
724,Rv0023+Rv0078+Rv0081+Rv1956+Rv2506+Rv3862c,"(0, 0, 1, -1, -1, 0)",0.0
725,Rv0023+Rv0078+Rv0081+Rv1956+Rv2506+Rv3862c,"(0, 0, 1, -1, -1, 1)",0.0
726,Rv0023+Rv0078+Rv0081+Rv1956+Rv2506+Rv3862c,"(0, 0, 1, -1, 0, -1)",0.0
727,Rv0023+Rv0078+Rv0081+Rv1956+Rv2506+Rv3862c,"(0, 0, 1, -1, 0, 0)",0.0
728,Rv0023+Rv0078+Rv0081+Rv1956+Rv2506+Rv3862c,"(0, 0, 1, -1, 0, 1)",0.0
729,Rv0023+Rv0078+Rv0081+Rv1956+Rv2506+Rv3862c,"(0, 0, 1, -1, 1, -1)",0.0
730,Rv0023+Rv0078+Rv0081+Rv1956+Rv2506+Rv3862c,"(0, 0, 1, -1, 1, 0)",0.0
731,Rv0023+Rv0078+Rv0081+Rv1956+Rv2506+Rv3862c,"(0, 0, 1, -1, 1, 1)",0.0
732,Rv0023+Rv0078+Rv0081+Rv1956+Rv2506+Rv3862c,"(0, 0, 1, 0, -1, -1)",-10.0
733,Rv0023+Rv0078+Rv0081+Rv1956+Rv2506+Rv3862c,"(0, 0, 1, 0, -1, 0)",-10.0
734,Rv0023+Rv0078+Rv0081+Rv1956+Rv2506+Rv3862c,"(0, 0, 1, 0, -1, 1)",0.0
735,Rv0023+Rv0078+Rv0081+Rv1956+Rv2506+Rv3862c,"(0, 0, 1, 0, 0, -1)",-10.0
736,Rv0023+Rv0078+Rv0081+Rv1956+Rv2506+Rv3862c,"(0, 0, 1, 0, 0, 0)",-10.0
737,Rv0023+Rv0078+Rv0081+Rv1956+Rv2506+Rv3862c,"(0, 0, 1, 0, 0, 1)",0.0
738,Rv0023+Rv0078+Rv0081+Rv1956+Rv2506+Rv3862c,"(0, 0, 1, 0, 1, -1)",0.0
739,Rv0023+Rv0078+Rv0081+Rv1956+Rv2506+Rv3862c,"(0, 0, 1, 0, 1, 0)",0.0
740,Rv0023+Rv0078+Rv0081+Rv1956+Rv2506+Rv3862c,"(0, 0, 1, 0, 1, 1)",0.0
741,Rv0023+Rv0078+Rv0081+Rv1956+Rv2506+Rv3862c,"(0, 0, 1, 1, -1, -1)",0.0
742,Rv0023+Rv0078+Rv0081+Rv1956+Rv2506+Rv3862c,"(0, 0, 1, 1, -1, 0)",0.0
743,Rv0023+Rv0078+Rv0081+Rv1956+Rv2506+Rv3862c,"(0, 0, 1, 1, -1, 1)",0.0
744,Rv0023+Rv0078+Rv0081+Rv1956+Rv2506+Rv3862c,"(0, 0, 1, 1, 0, -1)",0.0
745,Rv0023+Rv0078+Rv0081+Rv1956+Rv2506+Rv3862c,"(0, 0, 1, 1, 0, 0)",0.0
746,Rv0023+Rv0078+Rv0081+Rv1956+Rv2506+Rv3862c,"(0, 0, 1, 1, 0, 1)",0.0
747,Rv0023+Rv0078+Rv0081+Rv1956+Rv2506+Rv3862c,"(0, 0, 1, 1, 1, -1)",0.0
748,Rv0023+Rv0078+Rv0081+Rv1956+Rv2506+Rv3862c,"(0, 0, 1, 1, 1, 0)",0.0
749,Rv0023+Rv0078+Rv0081+Rv1956+Rv2506+Rv3862c,"(0, 0, 1, 1, 1, 1)",0.0
750,Rv0023+Rv0078+Rv0081+Rv1956+Rv2506+Rv3862c,"(0, 1, -1, -1, -1, -1)",0.0
751,Rv0023+Rv0078+Rv0081+Rv1956+Rv2506+Rv3862c,"(0, 1, -1, -1, -1, 0)",0.0
752,Rv0023+Rv0078+Rv0081+Rv1956+Rv2506+Rv3862c,"(0, 1, -1, -1, -1, 1)",0.0
753,Rv0023+Rv0078+Rv0081+Rv1956+Rv2506+Rv3862c,"(0, 1, -1, -1, 0, -1)",0.0
754,Rv0023+Rv0078+Rv0081+Rv1956+Rv2506+Rv3862c,"(0, 1, -1, -1, 0, 0)",0.0
755,Rv0023+Rv0078+Rv0081+Rv1956+Rv2506+Rv3862c,"(0, 1, -1, -1, 0, 1)",0.0
756,Rv0023+Rv0078+Rv0081+Rv1956+Rv2506+Rv3862c,"(0, 1, -1, -1, 1, -1)",0.0
757,Rv0023+Rv0078+Rv0081+Rv1956+Rv2506+Rv3862c,"(0, 1, -1, -1, 1, 0)",0.0
758,Rv0023+Rv0078+Rv0081+Rv1956+Rv2506+Rv3862c,"(0, 1, -1, -1, 1, 1)",0.0
759,Rv0023+Rv0078+Rv0081+Rv1956+Rv2506+Rv3862c,"(0, 1, -1, 0, -1, -1)",0.0
760,Rv0023+Rv0078+Rv0081+Rv1956+Rv2506+Rv3862c,"(0, 1, -1, 0, -1, 0)",0.0
761,Rv0023+Rv0078+Rv0081+Rv1956+Rv2506+Rv3862c,"(0, 1, -1, 0, -1, 1)",0.0
762,Rv0023+Rv0078+Rv0081+Rv1956+Rv2506+Rv3862c,"(0, 1, -1, 0, 0, -1)",0.0
763,Rv0023+Rv0078+Rv0081+Rv1956+Rv2506+Rv3862c,"(0, 1, -1, 0, 0, 0)",0.0
764,Rv0023+Rv0078+Rv0081+Rv1956+Rv2506+Rv3862c,"(0, 1, -1, 0, 0, 1)",0.0
765,Rv0023+Rv0078+Rv0081+Rv1956+Rv2506+Rv3862c,"(0, 1, -1, 0, 1, -1)",0.0
766,Rv0023+Rv0078+Rv0081+Rv1956+Rv2506+Rv3862c,"(0, 1, -1, 0, 1, 0)",0.0
767,Rv0023+Rv0078+Rv0081+Rv1956+Rv2506+Rv3862c,"(0, 1, -1, 0, 1, 1)",0.0
768,Rv0023+Rv0078+Rv0081+Rv1956+Rv2506+Rv3862c,"(0, 1, -1, 1, -1, -1)",0.0
769,Rv0023+Rv0078+Rv0081+Rv1956+Rv2506+Rv3862c,"(0, 1, -1, 1, -1, 0)",0.0
770,Rv0023+Rv0078+Rv0081+Rv1956+Rv2506+Rv3862c,"(0, 1, -1, 1, -1, 1)",0.0
771,Rv0023+Rv0078+Rv0081+Rv1956+Rv2506+Rv3862c,"(0, 1, -1, 1, 0, -1)",0.0
772,Rv0023+Rv0078+Rv0081+Rv1956+Rv2506+Rv3862c,"(0, 1, -1, 1, 0, 0)",0.0
773,Rv0023+Rv0078+Rv0081+Rv1956+Rv2506+Rv3862c,"(0, 1, -1, 1, 0, 1)",0.0
774,Rv0023+Rv0078+Rv0081+Rv1956+Rv2506+Rv3862c,"(0, 1, -1, 1, 1, -1)",0.0
775,Rv0023+Rv0078+Rv0081+Rv1956+Rv2506+Rv3862c,"(0, 1, -1, 1, 1, 0)",0.0
776,Rv0023+Rv0078+Rv0081+Rv1956+Rv2506+Rv3862c,"(0, 1, -1, 1, 1, 1)",0.0
777,Rv0023+Rv0078+Rv0081+Rv1956+Rv2506+Rv3862c,"(0, 1, 0, -1, -1, -1)",0.0
778,Rv0023+Rv0078+Rv0081+Rv1956+Rv2506+Rv3862c,"(0, 1, 0, -1, -1, 0)",0.0
779,Rv0023+Rv0078+Rv0081+Rv1956+Rv2506+Rv3862c,"(0, 1, 0, -1, -1, 1)",0.0
780,Rv0023+Rv0078+Rv0081+Rv1956+Rv2506+Rv3862c,"(0, 1, 0, -1, 0, -1)",0.0
781,Rv0023+Rv0078+Rv0081+Rv1956+Rv2506+Rv3862c,"(0, 1, 0, -1, 0, 0)",0.0
782,Rv0023+Rv0078+Rv0081+Rv1956+Rv2506+Rv3862c,"(0, 1, 0, -1, 0, 1)",0.0
783,Rv0023+Rv0078+Rv0081+Rv1956+Rv2506+Rv3862c,"(0, 1, 0, -1, 1, -1)",0.0
784,Rv0023+Rv0078+Rv0081+Rv1956+Rv2506+Rv3862c,"(0, 1, 0, -1, 1, 0)",0.0
785,Rv0023+Rv0078+Rv0081+Rv1956+Rv2506+Rv3862c,"(0, 1, 0, -1, 1, 1)",0.0
786,Rv0023+Rv0078+Rv0081+Rv1956+Rv2506+Rv3862c,"(0, 1, 0, 0, -1, -1)",0.0
787,Rv0023+Rv0078+Rv0081+Rv1956+Rv2506+Rv3862c,"(0, 1, 0, 0, -1, 0)",0.0
788,Rv0023+Rv0078+Rv0081+Rv1956+Rv2506+Rv3862c,"(0, 1, 0, 0, -1, 1)",0.0
789,Rv0023+Rv0078+Rv0081+Rv1956+Rv2506+Rv3862c,"(0, 1, 0, 0, 0, -1)",0.0
790,Rv0023+Rv0078+Rv0081+Rv1956+Rv2506+Rv3862c,"(0, 1, 0, 0, 0, 0)",-0.3010299956639812
791,Rv0023+Rv0078+Rv0081+Rv1956+Rv2506+Rv3862c,"(0, 1, 0, 0, 0, 1)",0.0
792,Rv0023+Rv0078+Rv0081+Rv1956+Rv2506+Rv3862c,"(0, 1, 0, 0, 1, -1)",0.0
793,Rv0023+Rv0078+Rv0081+Rv1956+Rv2506+Rv3862c,"(0, 1, 0, 0, 1, 0)",0.0
794,Rv0023+Rv0078+Rv0081+Rv1956+Rv2506+Rv3862c,"(0, 1, 0, 0, 1, 1)",0.0
795,Rv0023+Rv0078+Rv0081+Rv1956+Rv2506+Rv3862c,"(0, 1, 0, 1, -1, -1)",0.0
796,Rv0023+Rv0078+Rv0081+Rv1956+Rv2506+Rv3862c,"(0, 1, 0, 1, -1, 0)",0.0
797,Rv0023+Rv0078+Rv0081+Rv1956+Rv2506+Rv3862c,"(0, 1, 0, 1, -1, 1)",0.0
798,Rv0023+Rv0078+Rv0081+Rv1956+Rv2506+Rv3862c,"(0, 1, 0, 1, 0, -1)",0.0
799,Rv0023+Rv0078+Rv0081+Rv1956+Rv2506+Rv3862c,"(0, 1, 0, 1, 0, 0)",0.0
800,Rv0023+Rv0078+Rv0081+Rv1956+Rv2506+Rv3862c,"(0, 1, 0, 1, 0, 1)",0.0
801,Rv0023+Rv0078+Rv0081+Rv1956+Rv2506+Rv3862c,"(0, 1, 0, 1, 1, -1)",0.0
802,Rv0023+Rv0078+Rv0081+Rv1956+Rv2506+Rv3862c,"(0, 1, 0, 1, 1, 0)",0.0
803,Rv0023+Rv0078+Rv0081+Rv1956+Rv2506+Rv3862c,"(0, 1, 0, 1, 1, 1)",0.0
804,Rv0023+Rv0078+Rv0081+Rv1956+Rv2506+Rv3862c,"(0, 1, 1, -1, -1, -1)",0.0
805,Rv0023+Rv0078+Rv0081+Rv1956+Rv2506+Rv3862c,"(0, 1, 1, -1, -1, 0)",0.0
806,Rv0023+Rv0078+Rv0081+Rv1956+Rv2506+Rv3862c,"(0, 1, 1, -1, -1, 1)",0.0
807,Rv0023+Rv0078+Rv0081+Rv1956+Rv2506+Rv3862c,"(0, 1, 1, -1, 0, -1)",0.0
808,Rv0023+Rv0078+Rv0081+Rv1956+Rv2506+Rv3862c,"(0, 1, 1, -1, 0, 0)",0.0
809,Rv0023+Rv0078+Rv0081+Rv1956+Rv2506+Rv3862c,"(0, 1, 1, -1, 0, 1)",0.0
810,Rv0023+Rv0078+Rv0081+Rv1956+Rv2506+Rv3862c,"(0, 1, 1, -1, 1, -1)",0.0
811,Rv0023+Rv0078+Rv0081+Rv1956+Rv2506+Rv3862c,"(0, 1, 1, -1, 1, 0)",0.0
812,Rv0023+Rv0078+Rv0081+Rv1956+Rv2506+Rv3862c,"(0, 1, 1, -1, 1, 1)",0.0
813,Rv0023+Rv0078+Rv0081+Rv1956+Rv2506+Rv3862c,"(0, 1, 1, 0, -1, -1)",0.0
814,Rv0023+Rv0078+Rv0081+Rv1956+Rv2506+Rv3862c,"(0, 1, 1, 0, -1, 0)",0.0
815,Rv0023+Rv0078+Rv0081+Rv1956+Rv2506+Rv3862c,"(0, 1, 1, 0, -1, 1)",0.0
816,Rv0023+Rv0078+Rv0081+Rv1956+Rv2506+Rv3862c,"(0, 1, 1, 0, 0, -1)",0.0
817,Rv0023+Rv0078+Rv0081+Rv1956+Rv2506+Rv3862c,"(0, 1, 1, 0, 0, 0)",-10.0
818,Rv0023+Rv0078+Rv0081+Rv1956+Rv2506+Rv3862c,"(0, 1, 1, 0, 0, 1)",0.0
819,Rv0023+Rv0078+Rv0081+Rv1956+Rv2506+Rv3862c,"(0, 1, 1, 0, 1, -1)",0.0
820,Rv0023+Rv0078+Rv0081+Rv1956+Rv2506+Rv3862c,"(0, 1, 1, 0, 1, 0)",-10.0
821,Rv0023+Rv0078+Rv0081+Rv1956+Rv2506+Rv3862c,"(0, 1, 1, 0, 1, 1)",0.0
822,Rv0023+Rv0078+Rv0081+Rv1956+Rv2506+Rv3862c,"(0, 1, 1, 1, -1, -1)",0.0
823,Rv0023+Rv0078+Rv0081+Rv1956+Rv2506+Rv3862c,"(0, 1, 1, 1, -1, 0)",0.0
824,Rv0023+Rv0078+Rv0081+Rv1956+Rv2506+Rv3862c,"(0, 1, 1, 1, -1, 1)",0.0
825,Rv0023+Rv0078+Rv0081+Rv1956+Rv2506+Rv3862c,"(0, 1, 1, 1, 0, -1)",0.0
826,Rv0023+Rv0078+Rv0081+Rv1956+Rv2506+Rv3862c,"(0, 1, 1, 1, 0, 0)",-10.0
827,Rv0023+Rv0078+Rv0081+Rv1956+Rv2506+Rv3862c,"(0, 1, 1, 1, 0, 1)",0.0
828,Rv0023+Rv0078+Rv0081+Rv1956+Rv2506+Rv3862c,"(0, 1, 1, 1, 1, -1)",0.0
829,Rv0023+Rv0078+Rv0081+Rv1956+Rv2506+Rv3862c,"(0, 1, 1, 1, 1, 0)",0.0
830,Rv0023+Rv0078+Rv0081+Rv1956+Rv2506+Rv3862c,"(0, 1, 1, 1, 1, 1)",0.0
831,Rv0023+Rv0078+Rv0081+Rv1956+Rv2506+Rv3862c,"(1, -1, -1, -1, -1, -1)",0.0
832,Rv0023+Rv0078+Rv0081+Rv1956+Rv2506+Rv3862c,"(1, -1, -1, -1, -1, 0)",0.0
833,Rv0023+Rv0078+Rv0081+Rv1956+Rv2506+Rv3862c,"(1, -1, -1, -1, -1, 1)",0.0
834,Rv0023+Rv0078+Rv0081+Rv1956+Rv2506+Rv3862c,"(1, -1, -1, -1, 0, -1)",0.0
835,Rv0023+Rv0078+Rv0081+Rv1956+Rv2506+Rv3862c,"(1, -1, -1, -1, 0, 0)",0.0
836,Rv0023+Rv0078+Rv0081+Rv1956+Rv2506+Rv3862c,"(1, -1, -1, -1, 0, 1)",0.0
837,Rv0023+Rv0078+Rv0081+Rv1956+Rv2506+Rv3862c,"(1, -1, -1, -1, 1, -1)",0.0
838,Rv0023+Rv0078+Rv0081+Rv1956+Rv2506+Rv3862c,"(1, -1, -1, -1, 1, 0)",0.0
839,Rv0023+Rv0078+Rv0081+Rv1956+Rv2506+Rv3862c,"(1, -1, -1, -1, 1, 1)",0.0
840,Rv0023+Rv0078+Rv0081+Rv1956+Rv2506+Rv3862c,"(1, -1, -1, 0, -1, -1)",0.0
841,Rv0023+Rv0078+Rv0081+Rv1956+Rv2506+Rv3862c,"(1, -1, -1, 0, -1, 0)",0.0
842,Rv0023+Rv0078+Rv0081+Rv1956+Rv2506+Rv3862c,"(1, -1, -1, 0, -1, 1)",0.0
843,Rv0023+Rv0078+Rv0081+Rv1956+Rv2506+Rv3862c,"(1, -1, -1, 0, 0, -1)",0.0
844,Rv0023+Rv0078+Rv0081+Rv1956+Rv2506+Rv3862c,"(1, -1, -1, 0, 0, 0)",0.0
845,Rv0023+Rv0078+Rv0081+Rv1956+Rv2506+Rv3862c,"(1, -1, -1, 0, 0, 1)",0.0
846,Rv0023+Rv0078+Rv0081+Rv1956+Rv2506+Rv3862c,"(1, -1, -1, 0, 1, -1)",0.0
847,Rv0023+Rv0078+Rv0081+Rv1956+Rv2506+Rv3862c,"(1, -1, -1, 0, 1, 0)",0.0
848,Rv0023+Rv0078+Rv0081+Rv1956+Rv2506+Rv3862c,"(1, -1, -1, 0, 1, 1)",0.0
849,Rv0023+Rv0078+Rv0081+Rv1956+Rv2506+Rv3862c,"(1, -1, -1, 1, -1, -1)",0.0
850,Rv0023+Rv0078+Rv0081+Rv1956+Rv2506+Rv3862c,"(1, -1, -1, 1, -1, 0)",0.0
851,Rv0023+Rv0078+Rv0081+Rv1956+Rv2506+Rv3862c,"(1, -1, -1, 1, -1, 1)",0.0
852,Rv0023+Rv0078+Rv0081+Rv1956+Rv2506+Rv3862c,"(1, -1, -1, 1, 0, -1)",0.0
853,Rv0023+Rv0078+Rv0081+Rv1956+Rv2506+Rv3862c,"(1, -1, -1, 1, 0, 0)",0.0
854,Rv0023+Rv0078+Rv0081+Rv1956+Rv2506+Rv3862c,"(1, -1, -1, 1, 0, 1)",0.0
855,Rv0023+Rv0078+Rv0081+Rv1956+Rv2506+Rv3862c,"(1, -1, -1, 1, 1, -1)",0.0
856,Rv0023+Rv0078+Rv0081+Rv1956+Rv2506+Rv3862c,"(1, -1, -1, 1, 1, 0)",0.0
857,Rv0023+Rv0078+Rv0081+Rv1956+Rv2506+Rv3862c,"(1, -1, -1, 1, 1, 1)",0.0
858,Rv0023+Rv0078+Rv0081+Rv1956+Rv2506+Rv3862c,"(1, -1, 0, -1, -1, -1)",0.0
859,Rv0023+Rv0078+Rv0081+Rv1956+Rv2506+Rv3862c,"(1, -1, 0, -1, -1, 0)",0.0
860,Rv0023+Rv0078+Rv0081+Rv1956+Rv2506+Rv3862c,"(1, -1, 0, -1, -1, 1)",0.0
861,Rv0023+Rv0078+Rv0081+Rv1956+Rv2506+Rv3862c,"(1, -1, 0, -1, 0, -1)",0.0
862,Rv0023+Rv0078+Rv0081+Rv1956+Rv2506+Rv3862c,"(1, -1, 0, -1, 0, 0)",0.0
863,Rv0023+Rv0078+Rv0081+Rv1956+Rv2506+Rv3862c,"(1, -1, 0, -1, 0, 1)",0.0
864,Rv0023+Rv0078+Rv0081+Rv1956+Rv2506+Rv3862c,"(1, -1, 0, -1, 1, -1)",0.0
865,Rv0023+Rv0078+Rv0081+Rv1956+Rv2506+Rv3862c,"(1, -1, 0, -1, 1, 0)",0.0
866,Rv0023+Rv0078+Rv0081+Rv1956+Rv2506+Rv3862c,"(1, -1, 0, -1, 1, 1)",0.0
867,Rv0023+Rv0078+Rv0081+Rv1956+Rv2506+Rv3862c,"(1, -1, 0, 0, -1, -1)",0.0
868,Rv0023+Rv0078+Rv0081+Rv1956+Rv2506+Rv3862c,"(1, -1, 0, 0, -1, 0)",0.0
869,Rv0023+Rv0078+Rv0081+Rv1956+Rv2506+Rv3862c,"(1, -1, 0, 0, -1, 1)",0.0
870,Rv0023+Rv0078+Rv0081+Rv1956+Rv2506+Rv3862c,"(1, -1, 0, 0, 0, -1)",0.0
871,Rv0023+Rv0078+Rv0081+Rv1956+Rv2506+Rv3862c,"(1, -1, 0, 0, 0, 0)",0.0
872,Rv0023+Rv0078+Rv0081+Rv1956+Rv2506+Rv3862c,"(1, -1, 0, 0, 0, 1)",0.0
873,Rv0023+Rv0078+Rv0081+Rv1956+Rv2506+Rv3862c,"(1, -1, 0, 0, 1, -1)",0.0
874,Rv0023+Rv0078+Rv0081+Rv1956+Rv2506+Rv3862c,"(1, -1, 0, 0, 1, 0)",0.0
875,Rv0023+Rv0078+Rv0081+Rv1956+Rv2506+Rv3862c,"(1, -1, 0, 0, 1, 1)",0.0
876,Rv0023+Rv0078+Rv0081+Rv1956+Rv2506+Rv3862c,"(1, -1, 0, 1, -1, -1)",0.0
877,Rv0023+Rv0078+Rv0081+Rv1956+Rv2506+Rv3862c,"(1, -1, 0, 1, -1, 0)",0.0
878,Rv0023+Rv0078+Rv0081+Rv1956+Rv2506+Rv3862c,"(1, -1, 0, 1, -1, 1)",0.0
879,Rv0023+Rv0078+Rv0081+Rv1956+Rv2506+Rv3862c,"(1, -1, 0, 1, 0, -1)",0.0
880,Rv0023+Rv0078+Rv0081+Rv1956+Rv2506+Rv3862c,"(1, -1, 0, 1, 0, 0)",0.0
881,Rv0023+Rv0078+Rv0081+Rv1956+Rv2506+Rv3862c,"(1, -1, 0, 1, 0, 1)",0.0
882,Rv0023+Rv0078+Rv0081+Rv1956+Rv2506+Rv3862c,"(1, -1, 0, 1, 1, -1)",0.0
883,Rv0023+Rv0078+Rv0081+Rv1956+Rv2506+Rv3862c,"(1, -1, 0, 1, 1, 0)",0.0
884,Rv0023+Rv0078+Rv0081+Rv1956+Rv2506+Rv3862c,"(1, -1, 0, 1, 1, 1)",0.0
885,Rv0023+Rv0078+Rv0081+Rv1956+Rv2506+Rv3862c,"(1, -1, 1, -1, -1, -1)",0.0
886,Rv0023+Rv0078+Rv0081+Rv1956+Rv2506+Rv3862c,"(1, -1, 1, -1, -1, 0)",0.0
887,Rv0023+Rv0078+Rv0081+Rv1956+Rv2506+Rv3862c,"(1, -1, 1, -1, -1, 1)",0.0
888,Rv0023+Rv0078+Rv0081+Rv1956+Rv2506+Rv3862c,"(1, -1, 1, -1, 0, -1)",0.0
889,Rv0023+Rv0078+Rv0081+Rv1956+Rv2506+Rv3862c,"(1, -1, 1, -1, 0, 0)",0.0
890,Rv0023+Rv0078+Rv0081+Rv1956+Rv2506+Rv3862c,"(1, -1, 1, -1, 0, 1)",0.0
891,Rv0023+Rv0078+Rv0081+Rv1956+Rv2506+Rv3862c,"(1, -1, 1, -1, 1, -1)",0.0
892,Rv0023+Rv0078+Rv0081+Rv1956+Rv2506+Rv3862c,"(1, -1, 1, -1, 1, 0)",0.0
893,Rv0023+Rv0078+Rv0081+Rv1956+Rv2506+Rv3862c,"(1, -1, 1, -1, 1, 1)",0.0
894,Rv0023+Rv0078+Rv0081+Rv1956+Rv2506+Rv3862c,"(1, -1, 1, 0, -1, -1)",0.0
895,Rv0023+Rv0078+Rv0081+Rv1956+Rv2506+Rv3862c,"(1, -1, 1, 0, -1, 0)",0.0
896,Rv0023+Rv0078+Rv0081+Rv1956+Rv2506+Rv3862c,"(1, -1, 1, 0, -1, 1)",0.0
897,Rv0023+Rv0078+Rv0081+Rv1956+Rv2506+Rv3862c,"(1, -1, 1, 0, 0, -1)",0.0
898,Rv0023+Rv0078+Rv0081+Rv1956+Rv2506+Rv3862c,"(1, -1, 1, 0, 0, 0)",0.0
899,Rv0023+Rv0078+Rv0081+Rv1956+Rv2506+Rv3862c,"(1, -1, 1, 0, 0, 1)",0.0
900,Rv0023+Rv0078+Rv0081+Rv1956+Rv2506+Rv3862c,"(1, -1, 1, 0, 1, -1)",0.0
901,Rv0023+Rv0078+Rv0081+Rv1956+Rv2506+Rv3862c,"(1, -1, 1, 0, 1, 0)",0.0
902,Rv0023+Rv0078+Rv0081+Rv1956+Rv2506+Rv3862c,"(1, -1, 1, 0, 1, 1)",0.0
903,Rv0023+Rv0078+Rv0081+Rv1956+Rv2506+Rv3862c,"(1, -1, 1, 1, -1, -1)",0.0
904,Rv0023+Rv0078+Rv0081+Rv1956+Rv2506+Rv3862c,"(1, -1, 1, 1, -1, 0)",0.0
905,Rv0023+Rv0078+Rv0081+Rv1956+Rv2506+Rv3862c,"(1, -1, 1, 1, -1, 1)",0.0
906,Rv0023+Rv0078+Rv0081+Rv1956+Rv2506+Rv3862c,"(1, -1, 1, 1, 0, -1)",0.0
907,Rv0023+Rv0078+Rv0081+Rv1956+Rv2506+Rv3862c,"(1, -1, 1, 1, 0, 0)",0.0
908,Rv0023+Rv0078+Rv0081+Rv1956+Rv2506+Rv3862c,"(1, -1, 1, 1, 0, 1)",0.0
909,Rv0023+Rv0078+Rv0081+Rv1956+Rv2506+Rv3862c,"(1, -1, 1, 1, 1, -1)",0.0
910,Rv0023+Rv0078+Rv0081+Rv1956+Rv2506+Rv3862c,"(1, -1, 1, 1, 1, 0)",0.0
911,Rv0023+Rv0078+Rv0081+Rv1956+Rv2506+Rv3862c,"(1, -1, 1, 1, 1, 1)",0.0
912,Rv0023+Rv0078+Rv0081+Rv1956+Rv2506+Rv3862c,"(1, 0, -1, -1, -1, -1)",0.0
913,Rv0023+Rv0078+Rv0081+Rv1956+Rv2506+Rv3862c,"(1, 0, -1, -1, -1, 0)",0.0
914,Rv0023+Rv0078+Rv0081+Rv1956+Rv2506+Rv3862c,"(1, 0, -1, -1, -1, 1)",0.0
915,Rv0023+Rv0078+Rv0081+Rv1956+Rv2506+Rv3862c,"(1, 0, -1, -1, 0, -1)",0.0
916,Rv0023+Rv0078+Rv0081+Rv1956+Rv2506+Rv3862c,"(1, 0, -1, -1, 0, 0)",0.0
917,Rv0023+Rv0078+Rv0081+Rv1956+Rv2506+Rv3862c,"(1, 0, -1, -1, 0, 1)",0.0
918,Rv0023+Rv0078+Rv0081+Rv1956+Rv2506+Rv3862c,"(1, 0, -1, -1, 1, -1)",0.0
919,Rv0023+Rv0078+Rv0081+Rv1956+Rv2506+Rv3862c,"(1, 0, -1, -1, 1, 0)",0.0
920,Rv0023+Rv0078+Rv0081+Rv1956+Rv2506+Rv3862c,"(1, 0, -1, -1, 1, 1)",0.0
921,Rv0023+Rv0078+Rv0081+Rv1956+Rv2506+Rv3862c,"(1, 0, -1, 0, -1, -1)",0.0
922,Rv0023+Rv0078+Rv0081+Rv1956+Rv2506+Rv3862c,"(1, 0, -1, 0, -1, 0)",0.0
923,Rv0023+Rv0078+Rv0081+Rv1956+Rv2506+Rv3862c,"(1, 0, -1, 0, -1, 1)",0.0
924,Rv0023+Rv0078+Rv0081+Rv1956+Rv2506+Rv3862c,"(1, 0, -1, 0, 0, -1)",0.0
925,Rv0023+Rv0078+Rv0081+Rv1956+Rv2506+Rv3862c,"(1, 0, -1, 0, 0, 0)",0.0
926,Rv0023+Rv0078+Rv0081+Rv1956+Rv2506+Rv3862c,"(1, 0, -1, 0, 0, 1)",0.0
927,Rv0023+Rv0078+Rv0081+Rv1956+Rv2506+Rv3862c,"(1, 0, -1, 0, 1, -1)",0.0
928,Rv0023+Rv0078+Rv0081+Rv1956+Rv2506+Rv3862c,"(1, 0, -1, 0, 1, 0)",0.0
929,Rv0023+Rv0078+Rv0081+Rv1956+Rv2506+Rv3862c,"(1, 0, -1, 0, 1, 1)",0.0
930,Rv0023+Rv0078+Rv0081+Rv1956+Rv2506+Rv3862c,"(1, 0, -1, 1, -1, -1)",0.0
931,Rv0023+Rv0078+Rv0081+Rv1956+Rv2506+Rv3862c,"(1, 0, -1, 1, -1, 0)",0.0
932,Rv0023+Rv0078+Rv0081+Rv1956+Rv2506+Rv3862c,"(1, 0, -1, 1, -1, 1)",0.0
933,Rv0023+Rv0078+Rv0081+Rv1956+Rv2506+Rv3862c,"(1, 0, -1, 1, 0, -1)",0.0
934,Rv0023+Rv0078+Rv0081+Rv1956+Rv2506+Rv3862c,"(1, 0, -1, 1, 0, 0)",0.0
935,Rv0023+Rv0078+Rv0081+Rv1956+Rv2506+Rv3862c,"(1, 0, -1, 1, 0, 1)",0.0
936,Rv0023+Rv0078+Rv0081+Rv1956+Rv2506+Rv3862c,"(1, 0, -1, 1, 1, -1)",0.0
937,Rv0023+Rv0078+Rv0081+Rv1956+Rv2506+Rv3862c,"(1, 0, -1, 1, 1, 0)",0.0
938,Rv0023+Rv0078+Rv0081+Rv1956+Rv2506+Rv3862c,"(1, 0, -1, 1, 1, 1)",0.0
939,Rv0023+Rv0078+Rv0081+Rv1956+Rv2506+Rv3862c,"(1, 0, 0, -1, -1, -1)",0.0
940,Rv0023+Rv0078+Rv0081+Rv1956+Rv2506+Rv3862c,"(1, 0, 0, -1, -1, 0)",0.0
941,Rv0023+Rv0078+Rv0081+Rv1956+Rv2506+Rv3862c,"(1, 0, 0, -1, -1, 1)",0.0
942,Rv0023+Rv0078+Rv0081+Rv1956+Rv2506+Rv3862c,"(1, 0, 0, -1, 0, -1)",0.0
943,Rv0023+Rv0078+Rv0081+Rv1956+Rv2506+Rv3862c,"(1, 0, 0, -1, 0, 0)",0.0
944,Rv0023+Rv0078+Rv0081+Rv1956+Rv2506+Rv3862c,"(1, 0, 0, -1, 0, 1)",0.0
945,Rv0023+Rv0078+Rv0081+Rv1956+Rv2506+Rv3862c,"(1, 0, 0, -1, 1, -1)",0.0
946,Rv0023+Rv0078+Rv0081+Rv1956+Rv2506+Rv3862c,"(1, 0, 0, -1, 1, 0)",0.0
947,Rv0023+Rv0078+Rv0081+Rv1956+Rv2506+Rv3862c,"(1, 0, 0, -1, 1, 1)",0.0
948,Rv0023+Rv0078+Rv0081+Rv1956+Rv2506+Rv3862c,"(1, 0, 0, 0, -1, -1)",0.0
949,Rv0023+Rv0078+Rv0081+Rv1956+Rv2506+Rv3862c,"(1, 0, 0, 0, -1, 0)",0.0
950,Rv0023+Rv0078+Rv0081+Rv1956+Rv2506+Rv3862c,"(1, 0, 0, 0, -1, 1)",0.0
951,Rv0023+Rv0078+Rv0081+Rv1956+Rv2506+Rv3862c,"(1, 0, 0, 0, 0, -1)",0.0
952,Rv0023+Rv0078+Rv0081+Rv1956+Rv2506+Rv3862c,"(1, 0, 0, 0, 0, 0)",0.0
953,Rv0023+Rv0078+Rv0081+Rv1956+Rv2506+Rv3862c,"(1, 0, 0, 0, 0, 1)",0.0
954,Rv0023+Rv0078+Rv0081+Rv1956+Rv2506+Rv3862c,"(1, 0, 0, 0, 1, -1)",0.0
955,Rv0023+Rv0078+Rv0081+Rv1956+Rv2506+Rv3862c,"(1, 0, 0, 0, 1, 0)",0.0
956,Rv0023+Rv0078+Rv0081+Rv1956+Rv2506+Rv3862c,"(1, 0, 0, 0, 1, 1)",0.0
957,Rv0023+Rv0078+Rv0081+Rv1956+Rv2506+Rv3862c,"(1, 0, 0, 1, -1, -1)",0.0
958,Rv0023+Rv0078+Rv0081+Rv1956+Rv2506+Rv3862c,"(1, 0, 0, 1, -1, 0)",0.0
959,Rv0023+Rv0078+Rv0081+Rv1956+Rv2506+Rv3862c,"(1, 0, 0, 1, -1, 1)",0.0
960,Rv0023+Rv0078+Rv0081+Rv1956+Rv2506+Rv3862c,"(1, 0, 0, 1, 0, -1)",0.0
961,Rv0023+Rv0078+Rv0081+Rv1956+Rv2506+Rv3862c,"(1, 0, 0, 1, 0, 0)",0.0
962,Rv0023+Rv0078+Rv0081+Rv1956+Rv2506+Rv3862c,"(1, 0, 0, 1, 0, 1)",0.0
963,Rv0023+Rv0078+Rv0081+Rv1956+Rv2506+Rv3862c,"(1, 0, 0, 1, 1, -1)",0.0
964,Rv0023+Rv0078+Rv0081+Rv1956+Rv2506+Rv3862c,"(1, 0, 0, 1, 1, 0)",0.0
965,Rv0023+Rv0078+Rv0081+Rv1956+Rv2506+Rv3862c,"(1, 0, 0, 1, 1, 1)",0.0
966,Rv0023+Rv0078+Rv0081+Rv1956+Rv2506+Rv3862c,"(1, 0, 1, -1, -1, -1)",0.0
967,Rv0023+Rv0078+Rv0081+Rv1956+Rv2506+Rv3862c,"(1, 0, 1, -1, -1, 0)",0.0
968,Rv0023+Rv0078+Rv0081+Rv1956+Rv2506+Rv3862c,"(1, 0, 1, -1, -1, 1)",0.0
969,Rv0023+Rv0078+Rv0081+Rv1956+Rv2506+Rv3862c,"(1, 0, 1, -1, 0, -1)",0.0
970,Rv0023+Rv0078+Rv0081+Rv1956+Rv2506+Rv3862c,"(1, 0, 1, -1, 0, 0)",0.0
971,Rv0023+Rv0078+Rv0081+Rv1956+Rv2506+Rv3862c,"(1, 0, 1, -1, 0, 1)",0.0
972,Rv0023+Rv0078+Rv0081+Rv1956+Rv2506+Rv3862c,"(1, 0, 1, -1, 1, -1)",0.0
973,Rv0023+Rv0078+Rv0081+Rv1956+Rv2506+Rv3862c,"(1, 0, 1, -1, 1, 0)",0.0
974,Rv0023+Rv0078+Rv0081+Rv1956+Rv2506+Rv3862c,"(1, 0, 1, -1, 1, 1)",0.0
975,Rv0023+Rv0078+Rv0081+Rv1956+Rv2506+Rv3862c,"(1, 0, 1, 0, -1, -1)",0.0
976,Rv0023+Rv0078+Rv0081+Rv1956+Rv2506+Rv3862c,"(1, 0, 1, 0, -1, 0)",0.0
977,Rv0023+Rv0078+Rv0081+Rv1956+Rv2506+Rv3862c,"(1, 0, 1, 0, -1, 1)",0.0
978,Rv0023+Rv0078+Rv0081+Rv1956+Rv2506+Rv3862c,"(1, 0, 1, 0, 0, -1)",0.0
979,Rv0023+Rv0078+Rv0081+Rv1956+Rv2506+Rv3862c,"(1, 0, 1, 0, 0, 0)",0.0
980,Rv0023+Rv0078+Rv0081+Rv1956+Rv2506+Rv3862c,"(1, 0, 1, 0, 0, 1)",0.0
981,Rv0023+Rv0078+Rv0081+Rv1956+Rv2506+Rv3862c,"(1, 0, 1, 0, 1, -1)",0.0
982,Rv0023+Rv0078+Rv0081+Rv1956+Rv2506+Rv3862c,"(1, 0, 1, 0, 1, 0)",0.0
983,Rv0023+Rv0078+Rv0081+Rv1956+Rv2506+Rv3862c,"(1, 0, 1, 0, 1, 1)",0.0
984,Rv0023+Rv0078+Rv0081+Rv1956+Rv2506+Rv3862c,"(1, 0, 1, 1, -1, -1)",0.0
985,Rv0023+Rv0078+Rv0081+Rv1956+Rv2506+Rv3862c,"(1, 0, 1, 1, -1, 0)",0.0
986,Rv0023+Rv0078+Rv0081+Rv1956+Rv2506+Rv3862c,"(1, 0, 1, 1, -1, 1)",0.0
987,Rv0023+Rv0078+Rv0081+Rv1956+Rv2506+Rv3862c,"(1, 0, 1, 1, 0, -1)",0.0
988,Rv0023+Rv0078+Rv0081+Rv1956+Rv2506+Rv3862c,"(1, 0, 1, 1, 0, 0)",0.0
989,Rv0023+Rv0078+Rv0081+Rv1956+Rv2506+Rv3862c,"(1, 0, 1, 1, 0, 1)",0.0
990,Rv0023+Rv0078+Rv0081+Rv1956+Rv2506+Rv3862c,"(1, 0, 1, 1, 1, -1)",0.0
991,Rv0023+Rv0078+Rv0081+Rv1956+Rv2506+Rv3862c,"(1, 0, 1, 1, 1, 0)",0.0
992,Rv0023+Rv0078+Rv0081+Rv1956+Rv2506+Rv3862c,"(1, 0, 1, 1, 1, 1)",0.0
993,Rv0023+Rv0078+Rv0081+Rv1956+Rv2506+Rv3862c,"(1, 1, -1, -1, -1, -1)",0.0
994,Rv0023+Rv0078+Rv0081+Rv1956+Rv2506+Rv3862c,"(1, 1, -1, -1, -1, 0)",0.0
995,Rv0023+Rv0078+Rv0081+Rv1956+Rv2506+Rv3862c,"(1, 1, -1, -1, -1, 1)",0.0
996,Rv0023+Rv0078+Rv0081+Rv1956+Rv2506+Rv3862c,"(1, 1, -1, -1, 0, -1)",0.0
997,Rv0023+Rv0078+Rv0081+Rv1956+Rv2506+Rv3862c,"(1, 1, -1, -1, 0, 0)",0.0
998,Rv0023+Rv0078+Rv0081+Rv1956+Rv2506+Rv3862c,"(1, 1, -1, -1, 0, 1)",0.0
999,Rv0023+Rv0078+Rv0081+Rv1956+Rv2506+Rv3862c,"(1, 1, -1, -1, 1, -1)",0.0
1000,Rv0023+Rv0078+Rv0081+Rv1956+Rv2506+Rv3862c,"(1, 1, -1, -1, 1, 0)",0.0
1001,Rv0023+Rv0078+Rv0081+Rv1956+Rv2506+Rv3862c,"(1, 1, -1, -1, 1, 1)",0.0
1002,Rv0023+Rv0078+Rv0081+Rv1956+Rv2506+Rv3862c,"(1, 1, -1, 0, -1, -1)",0.0
1003,Rv0023+Rv0078+Rv0081+Rv1956+Rv2506+Rv3862c,"(1, 1, -1, 0, -1, 0)",0.0
1004,Rv0023+Rv0078+Rv0081+Rv1956+Rv2506+Rv3862c,"(1, 1, -1, 0, -1, 1)",0.0
1005,Rv0023+Rv0078+Rv0081+Rv1956+Rv2506+Rv3862c,"(1, 1, -1, 0, 0, -1)",0.0
1006,Rv0023+Rv0078+Rv0081+Rv1956+Rv2506+Rv3862c,"(1, 1, -1, 0, 0, 0)",0.0
1007,Rv0023+Rv0078+Rv0081+Rv1956+Rv2506+Rv3862c,"(1, 1, -1, 0, 0, 1)",0.0
1008,Rv0023+Rv0078+Rv0081+Rv1956+Rv2506+Rv3862c,"(1, 1, -1, 0, 1, -1)",0.0
1009,Rv0023+Rv0078+Rv0081+Rv1956+Rv2506+Rv3862c,"(1, 1, -1, 0, 1, 0)",0.0
1010,Rv0023+Rv0078+Rv0081+Rv1956+Rv2506+Rv3862c,"(1, 1, -1, 0, 1, 1)",0.0
1011,Rv0023+Rv0078+Rv0081+Rv1956+Rv2506+Rv3862c,"(1, 1, -1, 1, -1, -1)",0.0
1012,Rv0023+Rv0078+Rv0081+Rv1956+Rv2506+Rv3862c,"(1, 1, -1, 1, -1, 0)",0.0
1013,Rv0023+Rv0078+Rv0081+Rv1956+Rv2506+Rv3862c,"(1, 1, -1, 1, -1, 1)",0.0
1014,Rv0023+Rv0078+Rv0081+Rv1956+Rv2506+Rv3862c,"(1, 1, -1, 1, 0, -1)",0.0
1015,Rv0023+Rv0078+Rv0081+Rv1956+Rv2506+Rv3862c,"(1, 1, -1, 1, 0, 0)",0.0
1016,Rv0023+Rv0078+Rv0081+Rv1956+Rv2506+Rv3862c,"(1, 1, -1, 1, 0, 1)",0.0
1017,Rv0023+Rv0078+Rv0081+Rv1956+Rv2506+Rv3862c,"(1, 1, -1, 1, 1, -1)",0.0
1018,Rv0023+Rv0078+Rv0081+Rv1956+Rv2506+Rv3862c,"(1, 1, -1, 1, 1, 0)",0.0
1019,Rv0023+Rv0078+Rv0081+Rv1956+Rv2506+Rv3862c,"(1, 1, -1, 1, 1, 1)",0.0
1020,Rv0023+Rv0078+Rv0081+Rv1956+Rv2506+Rv3862c,"(1, 1, 0, -1, -1, -1)",0.0
1021,Rv0023+Rv0078+Rv0081+Rv1956+Rv2506+Rv3862c,"(1, 1, 0, -1, -1, 0)",0.0
1022,Rv0023+Rv0078+Rv0081+Rv1956+Rv2506+Rv3862c,"(1, 1, 0, -1, -1, 1)",0.0
1023,Rv0023+Rv0078+Rv0081+Rv1956+Rv2506+Rv3862c,"(1, 1, 0, -1, 0, -1)",0.0
1024,Rv0023+Rv0078+Rv0081+Rv1956+Rv2506+Rv3862c,"(1, 1, 0, -1, 0, 0)",0.0
1025,Rv0023+Rv0078+Rv0081+Rv1956+Rv2506+Rv3862c,"(1, 1, 0, -1, 0, 1)",0.0
1026,Rv0023+Rv0078+Rv0081+Rv1956+Rv2506+Rv3862c,"(1, 1, 0, -1, 1, -1)",0.0
1027,Rv0023+Rv0078+Rv0081+Rv1956+Rv2506+Rv3862c,"(1, 1, 0, -1, 1, 0)",0.0
1028,Rv0023+Rv0078+Rv0081+Rv1956+Rv2506+Rv3862c,"(1, 1, 0, -1, 1, 1)",0.0
1029,Rv0023+Rv0078+Rv0081+Rv1956+Rv2506+Rv3862c,"(1, 1, 0, 0, -1, -1)",0.0
1030,Rv0023+Rv0078+Rv0081+Rv1956+Rv2506+Rv3862c,"(1, 1, 0, 0, -1, 0)",0.0
1031,Rv0023+Rv0078+Rv0081+Rv1956+Rv2506+Rv3862c,"(1, 1, 0, 0, -1, 1)",0.0
1032,Rv0023+Rv0078+Rv0081+Rv1956+Rv2506+Rv3862c,"(1, 1, 0, 0, 0, -1)",0.0
1033,Rv0023+Rv0078+Rv0081+Rv1956+Rv2506+Rv3862c,"(1, 1, 0, 0, 0, 0)",0.0
1034,Rv0023+Rv0078+Rv0081+Rv1956+Rv2506+Rv3862c,"(1, 1, 0, 0, 0, 1)",0.0
1035,Rv0023+Rv0078+Rv0081+Rv1956+Rv2506+Rv3862c,"(1, 1, 0, 0, 1, -1)",0.0
1036,Rv0023+Rv0078+Rv0081+Rv1956+Rv2506+Rv3862c,"(1, 1, 0, 0, 1, 0)",0.0
1037,Rv0023+Rv0078+Rv0081+Rv1956+Rv2506+Rv3862c,"(1, 1, 0, 0, 1, 1)",0.0
1038,Rv0023+Rv0078+Rv0081+Rv1956+Rv2506+Rv3862c,"(1, 1, 0, 1, -1, -1)",0.0
1039,Rv0023+Rv0078+Rv0081+Rv1956+Rv2506+Rv3862c,"(1, 1, 0, 1, -1, 0)",0.0
1040,Rv0023+Rv0078+Rv0081+Rv1956+Rv2506+Rv3862c,"(1, 1, 0, 1, -1, 1)",0.0
1041,Rv0023+Rv0078+Rv0081+Rv1956+Rv2506+Rv3862c,"(1, 1, 0, 1, 0, -1)",0.0
1042,Rv0023+Rv0078+Rv0081+Rv1956+Rv2506+Rv3862c,"(1, 1, 0, 1, 0, 0)",0.0
1043,Rv0023+Rv0078+Rv0081+Rv1956+Rv2506+Rv3862c,"(1, 1, 0, 1, 0, 1)",0.0
1044,Rv0023+Rv0078+Rv0081+Rv1956+Rv2506+Rv3862c,"(1, 1, 0, 1, 1, -1)",0.0
1045,Rv0023+Rv0078+Rv0081+Rv1956+Rv2506+Rv3862c,"(1, 1, 0, 1, 1, 0)",0.0
1046,Rv0023+Rv0078+Rv0081+Rv1956+Rv2506+Rv3862c,"(1, 1, 0, 1, 1, 1)",0.0
1047,Rv0023+Rv0078+Rv0081+Rv1956+Rv2506+Rv3862c,"(1, 1, 1, -1, -1, -1)",0.0
1048,Rv0023+Rv0078+Rv0081+Rv1956+Rv2506+Rv3862c,"(1, 1, 1, -1, -1, 0)",0.0
1049,Rv0023+Rv0078+Rv0081+Rv1956+Rv2506+Rv3862c,"(1, 1, 1, -1, -1, 1)",0.0
1050,Rv0023+Rv0078+Rv0081+Rv1956+Rv2506+Rv3862c,"(1, 1, 1, -1, 0, -1)",0.0
1051,Rv0023+Rv0078+Rv0081+Rv1956+Rv2506+Rv3862c,"(1, 1, 1, -1, 0, 0)",0.0
1052,Rv0023+Rv0078+Rv0081+Rv1956+Rv2506+Rv3862c,"(1, 1, 1, -1, 0, 1)",0.0
1053,Rv0023+Rv0078+Rv0081+Rv1956+Rv2506+Rv3862c,"(1, 1, 1, -1, 1, -1)",0.0
1054,Rv0023+Rv0078+Rv0081+Rv1956+Rv2506+Rv3862c,"(1, 1, 1, -1, 1, 0)",0.0
1055,Rv0023+Rv0078+Rv0081+Rv1956+Rv2506+Rv3862c,"(1, 1, 1, -1, 1, 1)",0.0
1056,Rv0023+Rv0078+Rv0081+Rv1956+Rv2506+Rv3862c,"(1, 1, 1, 0, -1, -1)",0.0
1057,Rv0023+Rv0078+Rv0081+Rv1956+Rv2506+Rv3862c,"(1, 1, 1, 0, -1, 0)",0.0
1058,Rv0023+Rv0078+Rv0081+Rv1956+Rv2506+Rv3862c,"(1, 1, 1, 0, -1, 1)",0.0
1059,Rv0023+Rv0078+Rv0081+Rv1956+Rv2506+Rv3862c,"(1, 1, 1, 0, 0, -1)",0.0
1060,Rv0023+Rv0078+Rv0081+Rv1956+Rv2506+Rv3862c,"(1, 1, 1, 0, 0, 0)",0.0
1061,Rv0023+Rv0078+Rv0081+Rv1956+Rv2506+Rv3862c,"(1, 1, 1, 0, 0, 1)",-10.0
1062,Rv0023+Rv0078+Rv0081+Rv1956+Rv2506+Rv3862c,"(1, 1, 1, 0, 1, -1)",0.0
1063,Rv0023+Rv0078+Rv0081+Rv1956+Rv2506+Rv3862c,"(1, 1, 1, 0, 1, 0)",0.0
1064,Rv0023+Rv0078+Rv0081+Rv1956+Rv2506+Rv3862c,"(1, 1, 1, 0, 1, 1)",0.0
1065,Rv0023+Rv0078+Rv0081+Rv1956+Rv2506+Rv3862c,"(1, 1, 1, 1, -1, -1)",0.0
1066,Rv0023+Rv0078+Rv0081+Rv1956+Rv2506+Rv3862c,"(1, 1, 1, 1, -1, 0)",0.0
1067,Rv0023+Rv0078+Rv0081+Rv1956+Rv2506+Rv3862c,"(1, 1, 1, 1, -1, 1)",0.0
1068,Rv0023+Rv0078+Rv0081+Rv1956+Rv2506+Rv3862c,"(1, 1, 1, 1, 0, -1)",0.0
1069,Rv0023+Rv0078+Rv0081+Rv1956+Rv2506+Rv3862c,"(1, 1, 1, 1, 0, 0)",0.0
1070,Rv0023+Rv0078+Rv0081+Rv1956+Rv2506+Rv3862c,"(1, 1, 1, 1, 0, 1)",0.0
1071,Rv0023+Rv0078+Rv0081+Rv1956+Rv2506+Rv3862c,"(1, 1, 1, 1, 1, -1)",0.0
1072,Rv0023+Rv0078+Rv0081+Rv1956+Rv2506+Rv3862c,"(1, 1, 1, 1, 1, 0)",0.0
1073,Rv0023+Rv0078+Rv0081+Rv1956+Rv2506+Rv3862c,"(1, 1, 1, 1, 1, 1)",0.0
1074,Rv0042c+Rv0302+Rv0474,"(-1, -1, -1)",0.0
1075,Rv0042c+Rv0302+Rv0474,"(-1, -1, 0)",-10.0
1076,Rv0042c+Rv0302+Rv0474,"(-1, -1, 1)",10.0
1077,Rv0042c+Rv0302+Rv0474,"(-1, 0, -1)",-10.0
1078,Rv0042c+Rv0302+Rv0474,"(-1, 0, 0)",0.505149978319906
1079,Rv0042c+Rv0302+Rv0474,"(-1, 0, 1)",10.0
1080,Rv0042c+Rv0302+Rv0474,"(-1, 1, -1)",0.0
1081,Rv0042c+Rv0302+Rv0474,"(-1, 1, 0)",0.0
1082,Rv0042c+Rv0302+Rv0474,"(-1, 1, 1)",0.0
1083,Rv0042c+Rv0302+Rv0474,"(0, -1, -1)",-10.0
1084,Rv0042c+Rv0302+Rv0474,"(0, -1, 0)",-10.0
1085,Rv0042c+Rv0302+Rv0474,"(0, -1, 1)",-2.2321487062561682
1086,Rv0042c+Rv0302+Rv0474,"(0, 0, -1)",-10.0
1087,Rv0042c+Rv0302+Rv0474,"(0, 0, 0)",-6.110776543628712
1088,Rv0042c+Rv0302+Rv0474,"(0, 0, 1)",10.0
1089,Rv0042c+Rv0302+Rv0474,"(0, 1, -1)",0.0
1090,Rv0042c+Rv0302+Rv0474,"(0, 1, 0)",0.0
1091,Rv0042c+Rv0302+Rv0474,"(0, 1, 1)",0.0
1092,Rv0042c+Rv0302+Rv0474,"(1, -1, -1)",0.0
1093,Rv0042c+Rv0302+Rv0474,"(1, -1, 0)",0.0
1094,Rv0042c+Rv0302+Rv0474,"(1, -1, 1)",0.0
1095,Rv0042c+Rv0302+Rv0474,"(1, 0, -1)",0.0
1096,Rv0042c+Rv0302+Rv0474,"(1, 0, 0)",0.0
1097,Rv0042c+Rv0302+Rv0474,"(1, 0, 1)",0.0
1098,Rv0042c+Rv0302+Rv0474,"(1, 1, -1)",0.0
1099,Rv0042c+Rv0302+Rv0474,"(1, 1, 0)",0.0
1100,Rv0042c+Rv0302+Rv0474,"(1, 1, 1)",0.0
1101,Rv0827c+Rv1994c,"(-1, -1)",0.0
1102,Rv0827c+Rv1994c,"(-1, 0)",-10.0
1103,Rv0827c+Rv1994c,"(-1, 1)",-10.0
1104,Rv0827c+Rv1994c,"(0, -1)",0.0
1105,Rv0827c+Rv1994c,"(0, 0)",-6.395416123104524
1106,Rv0827c+Rv1994c,"(0, 1)",-7.1842535413423185
1107,Rv0827c+Rv1994c,"(1, -1)",0.0
1108,Rv0827c+Rv1994c,"(1, 0)",-10.0
1109,Rv0827c+Rv1994c,"(1, 1)",1.2041199826559248
1110,Rv0445c+Rv3219,"(-1, -1)",-1.2041199826559248
1111,Rv0445c+Rv3219,"(-1, 0)",0.7269987279362623
1112,Rv0445c+Rv3219,"(-1, 1)",0.0
1113,Rv0445c+Rv3219,"(0, -1)",-10.0
1114,Rv0445c+Rv3219,"(0, 0)",-10.0
1115,Rv0445c+Rv3219,"(0, 1)",0.0
1116,Rv0445c+Rv3219,"(1, -1)",0.0
1117,Rv0445c+Rv3219,"(1, 0)",0.0
1118,Rv0445c+Rv3219,"(1, 1)",0.0
1119,Rv0047c+Rv3183,"(-1, -1)",-10.0
1120,Rv0047c+Rv3183,"(-1, 0)",-10.0
1121,Rv0047c+Rv3183,"(-1, 1)",-3.3113299523037933
1122,Rv0047c+Rv3183,"(0, -1)",-10.0
1123,Rv0047c+Rv3183,"(0, 0)",-5.511104679080543
1124,Rv0047c+Rv3183,"(0, 1)",0.7269987279362623
1125,Rv0047c+Rv3183,"(1, -1)",0.0
1126,Rv0047c+Rv3183,"(1, 0)",-10.0
1127,Rv0047c+Rv3183,"(1, 1)",0.0
1128,Rv2250c+Rv3249c,"(-1, -1)",-10.0
1129,Rv2250c+Rv3249c,"(-1, 0)",-4.526687350137231
1130,Rv2250c+Rv3249c,"(-1, 1)",0.0
1131,Rv2250c+Rv3249c,"(0, -1)",-3.8622374211843744
1132,Rv2250c+Rv3249c,"(0, 0)",10.0
1133,Rv2250c+Rv3249c,"(0, 1)",0.0
1134,Rv2250c+Rv3249c,"(1, -1)",-0.505149978319906
1135,Rv2250c+Rv3249c,"(1, 0)",0.0
1136,Rv2250c+Rv3249c,"(1, 1)",0.0
1137,Rv0238,"(-1,)",0.0
1138,Rv0238,"(0,)",0.0
1139,Rv0238,"(1,)",0.0
1140,Rv2069,"(-1,)",0.0
1141,Rv2069,"(0,)",0.0
1142,Rv2069,"(1,)",0.0
1143,Rv0135c,"(-1,)",0.0
1144,Rv0135c,"(0,)",0.0
1145,Rv0135c,"(1,)",0.0
1146,Rv0880,"(-1,)",0.0
1147,Rv0880,"(0,)",0.0
1148,Rv0880,"(1,)",0.0
1149,Rv0653c,"(-1,)",0.0
1150,Rv0653c,"(0,)",0.0
1151,Rv0653c,"(1,)",0.0
1152,Rv3417c,"(-1,)",0.0
1153,Rv3417c,"(0,)",0.0
1154,Rv3417c,"(1,)",0.0
1155,Rv0674,"(-1,)",0.0
1156,Rv0674,"(0,)",0.0
1157,Rv0674,"(1,)",0.0
1158,Rv0054,"(-1,)",0.0
1159,Rv0054,"(0,)",0.0
1160,Rv0054,"(1,)",0.0
1161,Rv3833,"(-1,)",0.0
1162,Rv3833,"(0,)",0.0
1163,Rv3833,"(1,)",0.0
1164,Rv3405c,"(-1,)",0.0
1165,Rv3405c,"(0,)",0.0
1166,Rv3405c,"(1,)",0.0
1167,Rv1219c,"(-1,)",0.0
1168,Rv1219c,"(0,)",0.0
1169,Rv1219c,"(1,)",0.0
1170,Rv1473A,"(-1,)",0.0
1171,Rv1473A,"(0,)",0.0
1172,Rv1473A,"(1,)",0.0
1173,Rv0022c,"(-1,)",0.0
1174,Rv0022c,"(0,)",0.0
1175,Rv0022c,"(1,)",0.0
1176,Rv1395,"(-1,)",0.0
1177,Rv1395,"(0,)",0.0
1178,Rv1395,"(1,)",0.0
1179,Rv3050c,"(-1,)",0.0
1180,Rv3050c,"(0,)",0.0
1181,Rv3050c,"(1,)",0.0
1182,Rv0967,"(-1,)",0.0
1183,Rv0967,"(0,)",0.0
1184,Rv0967,"(1,)",0.0
1185,Rv1176c,"(-1,)",0.0
1186,Rv1176c,"(0,)",0.0
1187,Rv1176c,"(1,)",0.0
1188,Rv3173c,"(-1,)",0.0
1189,Rv3173c,"(0,)",0.0
1190,Rv3173c,"(1,)",0.0
1191,Rv2779c,"(-1,)",0.0
1192,Rv2779c,"(0,)",0.0
1193,Rv2779c,"(1,)",0.0
1194,Rv0158,"(-1,)",0.0
1195,Rv0158,"(0,)",0.0
1196,Rv0158,"(1,)",0.0
1197,Rv0623,"(-1,)",0.0
1198,Rv0623,"(0,)",0.0
1199,Rv0623,"(1,)",0.0
1200,Rv0195,"(-1,)",0.0
1201,Rv0195,"(0,)",0.0
1202,Rv0195,"(1,)",0.0
1203,Rv1189,"(-1,)",0.0
1204,Rv1189,"(0,)",0.0
1205,Rv1189,"(1,)",0.0
1206,Rv3167c,"(-1,)",0.0
1207,Rv3167c,"(0,)",0.0
1208,Rv3167c,"(1,)",0.0
1209,Rv1990c,"(-1,)",0.0
1210,Rv1990c,"(0,)",0.0
1211,Rv1990c,"(1,)",0.0
1212,Rv2359,"(-1,)",0.0
1213,Rv2359,"(0,)",0.0
1214,Rv2359,"(1,)",0.0
1215,Rv1186c,"(-1,)",0.0
1216,Rv1186c,"(0,)",0.0
1217,Rv1186c,"(1,)",0.0
1218,Rv0330c,"(-1,)",0.0
1219,Rv0330c,"(0,)",0.0
1220,Rv0330c,"(1,)",0.0
1221,Rv3855,"(-1,)",0.0
1222,Rv3855,"(0,)",0.0
1223,Rv3855,"(1,)",0.0
1224,Rv0894,"(-1,)",0.0
1225,Rv0894,"(0,)",0.0
1226,Rv0894,"(1,)",0.0
1227,Rv3082c,"(-1,)",0.0
1228,Rv3082c,"(0,)",0.0
1229,Rv3082c,"(1,)",0.0
1230,Rv0232,"(-1,)",0.0
1231,Rv0232,"(0,)",0.0
1232,Rv0232,"(1,)",0.0
1233,Rv3260c,"(-1,)",0.0
1234,Rv3260c,"(0,)",0.0
1235,Rv3260c,"(1,)",0.0
1236,Rv1674c,"(-1,)",0.0
1237,Rv1674c,"(0,)",0.0
1238,Rv1674c,"(1,)",0.0
1239,Rv3246c,"(-1,)",0.0
1240,Rv3246c,"(0,)",0.0
1241,Rv3246c,"(1,)",0.0
1242,Rv2017,"(-1,)",0.0
1243,Rv2017,"(0,)",0.0
1244,Rv2017,"(1,)",0.0
1245,Rv3124,"(-1,)",0.0
1246,Rv3124,"(0,)",0.0
1247,Rv3124,"(1,)",0.0
1248,Rv1719,"(-1,)",0.0
1249,Rv1719,"(0,)",0.0
1250,Rv1719,"(1,)",0.0
1251,Rv0117,"(-1,)",0.0
1252,Rv0117,"(0,)",0.0
1253,Rv0117,"(1,)",0.0
1254,Rv0067c,"(-1,)",0.0
1255,Rv0067c,"(0,)",0.0
1256,Rv0067c,"(1,)",0.0
1257,Rv1556,"(-1,)",0.0
1258,Rv1556,"(0,)",0.0
1259,Rv1556,"(1,)",0.0
1260,Rv3830c,"(-1,)",0.0
1261,Rv3830c,"(0,)",0.0
1262,Rv3830c,"(1,)",0.0
1263,Rv1773c,"(-1,)",0.0
1264,Rv1773c,"(0,)",0.0
1265,Rv1773c,"(1,)",0.0
1266,Rv0353,"(-1,)",0.0
1267,Rv0353,"(0,)",0.0
1268,Rv0353,"(1,)",0.0
1269,Rv2760c,"(-1,)",0.0
1270,Rv2760c,"(0,)",0.0
1271,Rv2760c,"(1,)",0.0
1272,Rv2488c,"(-1,)",0.0
1273,Rv2488c,"(0,)",0.0
1274,Rv2488c,"(1,)",0.0
1275,Rv1675c,"(-1,)",0.0
1276,Rv1675c,"(0,)",0.0
1277,Rv1675c,"(1,)",0.0
1278,Rv2642,"(-1,)",0.0
1279,Rv2642,"(0,)",0.0
1280,Rv2642,"(1,)",0.0
1281,Rv2009,"(-1,)",0.0
1282,Rv2009,"(0,)",0.0
1283,Rv2009,"(1,)",0.0
1284,Rv0767c,"(-1,)",0.0
1285,Rv0767c,"(0,)",0.0
1286,Rv0767c,"(1,)",0.0
1287,Rv1460,"(-1,)",0.0
1288,Rv1460,"(0,)",0.0
1289,Rv1460,"(1,)",0.0
1290,Rv3066,"(-1,)",0.0
1291,Rv3066,"(0,)",0.0
1292,Rv3066,"(1,)",0.0
1293,Rv3133c,"(-1,)",0.0
1294,Rv3133c,"(0,)",0.0
1295,Rv3133c,"(1,)",0.0
1296,Rv3223c,"(-1,)",0.0
1297,Rv3223c,"(0,)",0.0
1298,Rv3223c,"(1,)",0.0
1299,Rv3164c,"(-1,)",0.0
1300,Rv3164c,"(0,)",0.0
1301,Rv3164c,"(1,)",0.0
1302,Rv2011c,"(-1,)",0.0
1303,Rv2011c,"(0,)",0.0
1304,Rv2011c,"(1,)",0.0
1305,Rv0602c,"(-1,)",0.0
1306,Rv0602c,"(0,)",0.0
1307,Rv0602c,"(1,)",0.0
1308,Rv0324,"(-1,)",0.0
1309,Rv0324,"(0,)",0.0
1310,Rv0324,"(1,)",0.0
1311,Rv1049,"(-1,)",0.0
1312,Rv1049,"(0,)",0.0
1313,Rv1049,"(1,)",0.0
1314,Rv3849,"(-1,)",0.0
1315,Rv3849,"(0,)",0.0
1316,Rv3849,"(1,)",0.0
1317,Rv0981--Rv1332--Rv1828,"(-1,)",0.0
1318,Rv0981--Rv1332--Rv1828,"(0,)",0.0
1319,Rv0981--Rv1332--Rv1828,"(1,)",0.0
1320,Rv1379,"(-1,)",0.0
1321,Rv1379,"(0,)",0.0
1322,Rv1379,"(1,)",0.0
1323,Rv3676,"(-1,)",0.0
1324,Rv3676,"(0,)",0.0
1325,Rv3676,"(1,)",0.0
1326,Rv1423,"(-1,)",0.0
1327,Rv1423,"(0,)",0.0
1328,Rv1423,"(1,)",0.0
1329,Rv1404,"(-1,)",0.0
1330,Rv1404,"(0,)",0.0
1331,Rv1404,"(1,)",0.0
1332,Rv3414c,"(-1,)",0.0
1333,Rv3414c,"(0,)",0.0
1334,Rv3414c,"(1,)",0.0
1335,Rv1359,"(-1,)",0.0
1336,Rv1359,"(0,)",0.0
1337,Rv1359,"(1,)",0.0
1338,Rv0891c,"(-1,)",0.0
1339,Rv0891c,"(0,)",0.0
1340,Rv0891c,"(1,)",0.0
1341,Rv0494,"(-1,)",0.0
1342,Rv0494,"(0,)",0.0
1343,Rv0494,"(1,)",0.0
