TF,Target,Sign
Rv0022c,Rv0029,1
Rv0022c,Rv0030,1
Rv0022c,Rv0031,1
Rv0022c,Rv0069c,1
Rv0022c,Rv0070c,1
Rv0022c,Rv0122,-1
Rv0022c,Rv0167,-1
Rv0022c,Rv0168,-1
Rv0022c,Rv0169,-1
Rv0022c,Rv0170,-1
Rv0022c,Rv0171,-1
Rv0022c,Rv0218,-1
Rv0022c,Rv0219,-1
Rv0022c,Rv0220,-1
Rv0022c,Rv0309,1
Rv0022c,Rv0378,-1
Rv0022c,Rv0421c,1
Rv0022c,Rv0460,-1
Rv0022c,Rv0461,-1
Rv0022c,Rv0578c,-1
Rv0022c,Rv1285,1
Rv0022c,Rv1286,1
Rv0022c,Rv1312,1
Rv0022c,Rv1469,-1
Rv0022c,Rv1798,1
Rv0022c,Rv2027c,-1
Rv0022c,Rv2077A,1
Rv0022c,Rv2078,1
Rv0022c,Rv2079,1
Rv0022c,Rv2080,1
Rv0022c,Rv2173,-1
Rv0022c,Rv2238c,1
Rv0022c,Rv2409c,1
Rv0022c,Rv2410c,1
Rv0022c,Rv2411c,1
Rv0022c,Rv2631,1
Rv0022c,Rv2657c,1
Rv0022c,Rv2658c,1
Rv0022c,Rv2659c,-1
Rv0022c,Rv2796c,1
Rv0022c,Rv2797c,1
Rv0022c,Rv2798c,1
Rv0022c,Rv2799,1
Rv0022c,Rv2800,1
Rv0022c,Rv2819c,1
Rv0022c,Rv2820c,1
Rv0022c,Rv2821c,1
Rv0022c,Rv2822c,1
Rv0022c,Rv2823c,1
Rv0022c,Rv2824c,1
Rv0022c,Rv2930,1
Rv0022c,Rv2931,1
Rv0022c,Rv2932,1
Rv0022c,Rv2933,1
Rv0022c,Rv2934,1
Rv0022c,Rv2935,1
Rv0022c,Rv2936,1
Rv0022c,Rv2937,1
Rv0022c,Rv2938,1
Rv0022c,Rv2943,-1
Rv0022c,Rv3105c,-1
Rv0022c,Rv3160c,-1
Rv0022c,Rv3161c,-1
Rv0022c,Rv3365c,-1
Rv0022c,Rv3450c,1
Rv0022c,Rv3451,1
Rv0022c,Rv3468c,1
Rv0022c,Rv3469c,1
Rv0022c,Rv3492c,1
Rv0022c,Rv3493c,1
Rv0022c,Rv3494c,1
Rv0022c,Rv3495c,1
Rv0022c,Rv3496c,1
Rv0022c,Rv3497c,1
Rv0022c,Rv3498c,1
Rv0022c,Rv3499c,1
Rv0022c,Rv3500c,1
Rv0022c,Rv3501c,1
Rv0022c,Rv3511,-1
Rv0022c,Rv3512,-1
Rv0022c,Rv3577,-1
Rv0022c,Rv3578,-1
Rv0022c,Rv3632,1
Rv0023,Rv0002,1
Rv0023,Rv0003,-1
Rv0023,Rv0004,-1
Rv0023,Rv0005,-1
Rv0023,Rv0006,-1
Rv0023,Rv0055,1
Rv0023,Rv0056,1
Rv0023,Rv0057,1
Rv0023,Rv0099,-1
Rv0023,Rv0101,-1
Rv0023,Rv0114,-1
Rv0023,Rv0115,-1
Rv0023,Rv0167,-1
Rv0023,Rv0168,-1
Rv0023,Rv0169,-1
Rv0023,Rv0170,-1
Rv0023,Rv0171,-1
Rv0023,Rv0172,-1
Rv0023,Rv0173,-1
Rv0023,Rv0174,-1
Rv0023,Rv0176,-1
Rv0023,Rv0177,-1
Rv0023,Rv0178,-1
Rv0023,Rv0230c,1
Rv0023,Rv0244c,1
Rv0023,Rv0245,1
Rv0023,Rv0258c,1
Rv0023,Rv0259c,1
Rv0023,Rv0268c,1
Rv0023,Rv0326,-1
Rv0023,Rv0354c,-1
Rv0023,Rv0363c,1
Rv0023,Rv0379,-1
Rv0023,Rv0404,-1
Rv0023,Rv0405,-1
Rv0023,Rv0410c,-1
Rv0023,Rv0411c,-1
Rv0023,Rv0412c,-1
Rv0023,Rv0424c,-1
Rv0023,Rv0426c,1
Rv0023,Rv0456A,-1
Rv0023,Rv0475,1
Rv0023,Rv0657c,-1
Rv0023,Rv0668,-1
Rv0023,Rv0690c,-1
Rv0023,Rv0691c,1
Rv0023,Rv0692,1
Rv0023,Rv0693,-1
Rv0023,Rv0694,-1
Rv0023,Rv0718,1
Rv0023,Rv0719,1
Rv0023,Rv0789c,1
Rv0023,Rv0790c,-1
Rv0023,Rv0792c,1
Rv0023,Rv0916c,1
Rv0023,Rv0961,-1
Rv0023,Rv1032c,-1
Rv0023,Rv1045,-1
Rv0023,Rv1052,1
Rv0023,Rv1056,1
Rv0023,Rv1075c,-1
Rv0023,Rv1087A,1
Rv0023,Rv1090,1
Rv0023,Rv1115,-1
Rv0023,Rv1116,-1
Rv0023,Rv1130,1
Rv0023,Rv1131,1
Rv0023,Rv1157c,-1
Rv0023,Rv1158c,-1
Rv0023,Rv1159,-1
Rv0023,Rv1168c,1
Rv0023,Rv1169c,1
Rv0023,Rv1170,1
Rv0023,Rv1184c,-1
Rv0023,Rv1205,-1
Rv0023,Rv1221,1
Rv0023,Rv1229c,-1
Rv0023,Rv1230c,-1
Rv0023,Rv1326c,-1
Rv0023,Rv1331,1
Rv0023,Rv1332,1
Rv0023,Rv1333,-1
Rv0023,Rv1334,-1
Rv0023,Rv1336,-1
Rv0023,Rv1337,-1
Rv0023,Rv1338,-1
Rv0023,Rv1339,-1
Rv0023,Rv1341,-1
Rv0023,Rv1497,-1
Rv0023,Rv1503c,-1
Rv0023,Rv1504c,-1
Rv0023,Rv1533,-1
Rv0023,Rv1534,-1
Rv0023,Rv1638A,-1
Rv0023,Rv1645c,1
Rv0023,Rv1702c,-1
Rv0023,Rv1706c,1
Rv0023,Rv1740,1
Rv0023,Rv1741,1
Rv0023,Rv1742,1
Rv0023,Rv1795,1
Rv0023,Rv1796,-1
Rv0023,Rv1797,-1
Rv0023,Rv1798,-1
Rv0023,Rv1805c,1
Rv0023,Rv1827,1
Rv0023,Rv1846c,1
Rv0023,Rv1871c,-1
Rv0023,Rv1874,1
Rv0023,Rv1875,1
Rv0023,Rv1882c,1
Rv0023,Rv1883c,1
Rv0023,Rv1884c,1
Rv0023,Rv1885c,1
Rv0023,Rv1886c,1
Rv0023,Rv1918c,-1
Rv0023,Rv1936,1
Rv0023,Rv1938,-1
Rv0023,Rv1939,-1
Rv0023,Rv1940,-1
Rv0023,Rv1952,1
Rv0023,Rv1953,1
Rv0023,Rv1954c,1
Rv0023,Rv1963c,1
Rv0023,Rv1981c,1
Rv0023,Rv1986,1
Rv0023,Rv1994c,1
Rv0023,Rv1995,1
Rv0023,Rv2000,-1
Rv0023,Rv2001,-1
Rv0023,Rv2017,-1
Rv0023,Rv2034,1
Rv0023,Rv2035,1
Rv0023,Rv2036,1
Rv0023,Rv2107,1
Rv0023,Rv2108,1
Rv0023,Rv2109c,-1
Rv0023,Rv2110c,-1
Rv0023,Rv2111c,1
Rv0023,Rv2162c,-1
Rv0023,Rv2243,-1
Rv0023,Rv2254c,1
Rv0023,Rv2255c,1
Rv0023,Rv2292c,1
Rv0023,Rv2294,1
Rv0023,Rv2319c,-1
Rv0023,Rv2320c,-1
Rv0023,Rv2321c,-1
Rv0023,Rv2322c,-1
Rv0023,Rv2323c,-1
Rv0023,Rv2412,1
Rv0023,Rv2452c,-1
Rv0023,Rv2455c,1
Rv0023,Rv2462c,1
Rv0023,Rv2463,-1
Rv0023,Rv2474c,-1
Rv0023,Rv2475c,-1
Rv0023,Rv2476c,-1
Rv0023,Rv2498c,-1
Rv0023,Rv2499c,-1
Rv0023,Rv2500c,-1
Rv0023,Rv2501c,-1
Rv0023,Rv2502c,-1
Rv0023,Rv2503c,1
Rv0023,Rv2504c,1
Rv0023,Rv2633c,1
Rv0023,Rv2640c,1
Rv0023,Rv2641,1
Rv0023,Rv2700,1
Rv0023,Rv2722,-1
Rv0023,Rv2723,-1
Rv0023,Rv2778c,-1
Rv0023,Rv2779c,-1
Rv0023,Rv2780,1
Rv0023,Rv2880c,-1
Rv0023,Rv2881c,-1
Rv0023,Rv2905,-1
Rv0023,Rv2931,-1
Rv0023,Rv2932,-1
Rv0023,Rv2933,-1
Rv0023,Rv2934,-1
Rv0023,Rv2935,-1
Rv0023,Rv2936,-1
Rv0023,Rv2937,-1
Rv0023,Rv2938,-1
Rv0023,Rv2946c,-1
Rv0023,Rv2947c,-1
Rv0023,Rv2948c,-1
Rv0023,Rv2949c,-1
Rv0023,Rv2967c,-1
Rv0023,Rv2968c,-1
Rv0023,Rv2990c,-1
Rv0023,Rv2991,1
Rv0023,Rv3065,1
Rv0023,Rv3083,1
Rv0023,Rv3084,-1
Rv0023,Rv3085,-1
Rv0023,Rv3086,-1
Rv0023,Rv3087,-1
Rv0023,Rv3088,-1
Rv0023,Rv3089,-1
Rv0023,Rv3142c,-1
Rv0023,Rv3143,-1
Rv0023,Rv3145,-1
Rv0023,Rv3146,-1
Rv0023,Rv3147,-1
Rv0023,Rv3148,-1
Rv0023,Rv3149,-1
Rv0023,Rv3150,-1
Rv0023,Rv3151,-1
Rv0023,Rv3216,-1
Rv0023,Rv3230c,1
Rv0023,Rv3237c,1
Rv0023,Rv3249c,1
Rv0023,Rv3250c,1
Rv0023,Rv3251c,1
Rv0023,Rv3252c,1
Rv0023,Rv3269,1
Rv0023,Rv3270,1
Rv0023,Rv3288c,1
Rv0023,Rv3289c,1
Rv0023,Rv3290c,1
Rv0023,Rv3322c,-1
Rv0023,Rv3324c,-1
Rv0023,Rv3350c,-1
Rv0023,Rv3440c,1
Rv0023,Rv3492c,-1
Rv0023,Rv3493c,-1
Rv0023,Rv3494c,-1
Rv0023,Rv3495c,-1
Rv0023,Rv3496c,-1
Rv0023,Rv3497c,-1
Rv0023,Rv3498c,-1
Rv0023,Rv3499c,-1
Rv0023,Rv3500c,-1
Rv0023,Rv3501c,1
Rv0023,Rv3508,-1
Rv0023,Rv3526,1
Rv0023,Rv3527,1
Rv0023,Rv3532,1
Rv0023,Rv3597c,1
Rv0023,Rv3631,-1
Rv0023,Rv3632,-1
Rv0023,Rv3743c,1
Rv0023,Rv3744,1
Rv0023,Rv3862c,-1
Rv0023,Rv3866,-1
Rv0023,Rv3868,-1
Rv0023,Rv3869,-1
Rv0023,Rv3870,-1
Rv0023,Rv3876,-1
Rv0023,Rv3877,-1
Rv0023,Rv3890c,1
Rv0023,Rv3891c,1
Rv0042c,Rv0830,-1
Rv0042c,Rv3738c,-1
Rv0043c,Rv3756c,-1
Rv0043c,Rv3757c,-1
Rv0043c,Rv3758c,-1
Rv0043c,Rv3759c,-1
Rv0047c,Rv0002,1
Rv0047c,Rv0003,1
Rv0047c,Rv0004,1
Rv0047c,Rv0046c,-1
Rv0047c,Rv0047c,1
Rv0047c,Rv0059,1
Rv0047c,Rv0082,1
Rv0047c,Rv0085,1
Rv0047c,Rv0086,1
Rv0047c,Rv0087,1
Rv0047c,Rv0088,1
Rv0047c,Rv0096,1
Rv0047c,Rv0097,1
Rv0047c,Rv0098,1
Rv0047c,Rv0099,1
Rv0047c,Rv0100,1
Rv0047c,Rv0101,1
Rv0047c,Rv0171,-1
Rv0047c,Rv0204c,-1
Rv0047c,Rv0229c,-1
Rv0047c,Rv0244c,-1
Rv0047c,Rv0262c,1
Rv0047c,Rv0263c,1
Rv0047c,Rv0264c,1
Rv0047c,Rv0268c,1
Rv0047c,Rv0282,1
Rv0047c,Rv0283,1
Rv0047c,Rv0284,1
Rv0047c,Rv0286,1
Rv0047c,Rv0306,1
Rv0047c,Rv0457c,1
Rv0047c,Rv0465c,1
Rv0047c,Rv0498,1
Rv0047c,Rv0504c,1
Rv0047c,Rv0572c,1
Rv0047c,Rv0645c,1
Rv0047c,Rv0719,1
Rv0047c,Rv0722,-1
Rv0047c,Rv0770,1
Rv0047c,Rv0771,1
Rv0047c,Rv0781,1
Rv0047c,Rv0782,1
Rv0047c,Rv0948c,1
Rv0047c,Rv0961,1
Rv0047c,Rv0986,1
Rv0047c,Rv0987,1
Rv0047c,Rv0988,1
Rv0047c,Rv1044,1
Rv0047c,Rv1045,1
Rv0047c,Rv1176c,1
Rv0047c,Rv1203c,1
Rv0047c,Rv1277,1
Rv0047c,Rv1314c,1
Rv0047c,Rv1315,1
Rv0047c,Rv1331,-1
Rv0047c,Rv1493,1
Rv0047c,Rv1494,-1
Rv0047c,Rv1495,1
Rv0047c,Rv1507c,1
Rv0047c,Rv1509,1
Rv0047c,Rv1519,-1
Rv0047c,Rv1520,1
Rv0047c,Rv1521,1
Rv0047c,Rv1532c,1
Rv0047c,Rv1667c,1
Rv0047c,Rv1668c,1
Rv0047c,Rv1728c,1
Rv0047c,Rv1729c,1
Rv0047c,Rv1833c,1
Rv0047c,Rv1878,1
Rv0047c,Rv1883c,-1
Rv0047c,Rv1964,1
Rv0047c,Rv1965,1
Rv0047c,Rv1966,1
Rv0047c,Rv1967,1
Rv0047c,Rv1968,1
Rv0047c,Rv1969,1
Rv0047c,Rv1970,1
Rv0047c,Rv1971,1
Rv0047c,Rv1972,1
Rv0047c,Rv1973,1
Rv0047c,Rv1974,1
Rv0047c,Rv1975,1
Rv0047c,Rv1985c,1
Rv0047c,Rv2016,1
Rv0047c,Rv2017,1
Rv0047c,Rv2098c,1
Rv0047c,Rv2100,1
Rv0047c,Rv2108,1
Rv0047c,Rv2137c,-1
Rv0047c,Rv2138,1
Rv0047c,Rv2307A,1
Rv0047c,Rv2320c,1
Rv0047c,Rv2322c,1
Rv0047c,Rv2323c,1
Rv0047c,Rv2428,-1
Rv0047c,Rv2429,-1
Rv0047c,Rv2492,1
Rv0047c,Rv2525c,-1
Rv0047c,Rv2549c,-1
Rv0047c,Rv2563,1
Rv0047c,Rv2564,1
Rv0047c,Rv2599,1
Rv0047c,Rv2683,1
Rv0047c,Rv2723,1
Rv0047c,Rv2729c,-1
Rv0047c,Rv2759c,1
Rv0047c,Rv2760c,1
Rv0047c,Rv2787,1
Rv0047c,Rv2809,1
Rv0047c,Rv2889c,1
Rv0047c,Rv2958c,1
Rv0047c,Rv2999,1
Rv0047c,Rv3012c,1
Rv0047c,Rv3057c,1
Rv0047c,Rv3111,1
Rv0047c,Rv3112,1
Rv0047c,Rv3124,1
Rv0047c,Rv3233c,1
Rv0047c,Rv3251c,1
Rv0047c,Rv3272,1
Rv0047c,Rv3343c,1
Rv0047c,Rv3406,1
Rv0047c,Rv3407,-1
Rv0047c,Rv3409c,-1
Rv0047c,Rv3416,1
Rv0047c,Rv3419c,1
Rv0047c,Rv3422c,1
Rv0047c,Rv3423c,1
Rv0047c,Rv3425,1
Rv0047c,Rv3426,1
Rv0047c,Rv3429,1
Rv0047c,Rv3432c,1
Rv0047c,Rv3434c,1
Rv0047c,Rv3510c,1
Rv0047c,Rv3526,1
Rv0047c,Rv3535c,1
Rv0047c,Rv3536c,1
Rv0047c,Rv3608c,1
Rv0047c,Rv3655c,-1
Rv0047c,Rv3660c,1
Rv0047c,Rv3738c,1
Rv0047c,Rv3740c,1
Rv0047c,Rv3741c,1
Rv0047c,Rv3742c,1
Rv0047c,Rv3746c,1
Rv0047c,Rv3762c,1
Rv0047c,Rv3766,1
Rv0047c,Rv3779,1
Rv0047c,Rv3810,-1
Rv0047c,Rv3827c,1
Rv0047c,Rv3828c,1
Rv0047c,Rv3829c,1
Rv0047c,Rv3833,1
Rv0054,Rv1870c,1
Rv0054,Rv3583c,1
Rv0067c,Rv0067c,1
Rv0067c,Rv0068,-1
Rv0067c,Rv2107,-1
Rv0078,Rv0077c,-1
Rv0078,Rv0078,1
Rv0081,Rv0032,1
Rv0081,Rv0033,1
Rv0081,Rv0034,1
Rv0081,Rv0035,1
Rv0081,Rv0044c,1
Rv0081,Rv0045c,1
Rv0081,Rv0047c,1
Rv0081,Rv0055,1
Rv0081,Rv0056,1
Rv0081,Rv0057,1
Rv0081,Rv0058,1
Rv0081,Rv0076c,1
Rv0081,Rv0081,1
Rv0081,Rv0082,-1
Rv0081,Rv0083,-1
Rv0081,Rv0084,-1
Rv0081,Rv0085,-1
Rv0081,Rv0086,-1
Rv0081,Rv0087,-1
Rv0081,Rv0088,-1
Rv0081,Rv0113,1
Rv0081,Rv0114,1
Rv0081,Rv0115,1
Rv0081,Rv0145,1
Rv0081,Rv0166,1
Rv0081,Rv0167,-1
Rv0081,Rv0168,-1
Rv0081,Rv0169,-1
Rv0081,Rv0170,-1
Rv0081,Rv0171,-1
Rv0081,Rv0172,-1
Rv0081,Rv0173,-1
Rv0081,Rv0174,-1
Rv0081,Rv0175,-1
Rv0081,Rv0176,-1
Rv0081,Rv0177,-1
Rv0081,Rv0188,1
Rv0081,Rv0196,1
Rv0081,Rv0197,1
Rv0081,Rv0207c,1
Rv0081,Rv0208c,1
Rv0081,Rv0220,-1
Rv0081,Rv0230c,1
Rv0081,Rv0268c,-1
Rv0081,Rv0293c,1
Rv0081,Rv0318c,1
Rv0081,Rv0319,-1
Rv0081,Rv0320,-1
Rv0081,Rv0323c,-1
Rv0081,Rv0324,-1
Rv0081,Rv0325,-1
Rv0081,Rv0326,-1
Rv0081,Rv0331,1
Rv0081,Rv0341,1
Rv0081,Rv0342,1
Rv0081,Rv0343,1
Rv0081,Rv0347,1
Rv0081,Rv0348,1
Rv0081,Rv0349,1
Rv0081,Rv0350,-1
Rv0081,Rv0351,-1
Rv0081,Rv0352,-1
Rv0081,Rv0353,-1
Rv0081,Rv0354c,-1
Rv0081,Rv0388c,-1
Rv0081,Rv0389,1
Rv0081,Rv0397,-1
Rv0081,Rv0402c,-1
Rv0081,Rv0404,-1
Rv0081,Rv0405,-1
Rv0081,Rv0410c,-1
Rv0081,Rv0413,-1
Rv0081,Rv0426c,1
Rv0081,Rv0467,1
Rv0081,Rv0474,1
Rv0081,Rv0475,1
Rv0081,Rv0476,1
Rv0081,Rv0477,1
Rv0081,Rv0478,1
Rv0081,Rv0492c,1
Rv0081,Rv0493c,1
Rv0081,Rv0494,1
Rv0081,Rv0503c,1
Rv0081,Rv0506,-1
Rv0081,Rv0507,-1
Rv0081,Rv0508,-1
Rv0081,Rv0544c,-1
Rv0081,Rv0545c,-1
Rv0081,Rv0576,1
Rv0081,Rv0577,1
Rv0081,Rv0578c,-1
Rv0081,Rv0579,1
Rv0081,Rv0608,1
Rv0081,Rv0609,1
Rv0081,Rv0609A,1
Rv0081,Rv0653c,1
Rv0081,Rv0654,1
Rv0081,Rv0655,-1
Rv0081,Rv0657c,-1
Rv0081,Rv0668,-1
Rv0081,Rv0672,1
Rv0081,Rv0673,1
Rv0081,Rv0677c,1
Rv0081,Rv0687,1
Rv0081,Rv0688,1
Rv0081,Rv0695,1
Rv0081,Rv0729,-1
Rv0081,Rv0730,1
Rv0081,Rv0743c,1
Rv0081,Rv0744c,1
Rv0081,Rv0747,-1
Rv0081,Rv0789c,1
Rv0081,Rv0790c,1
Rv0081,Rv0791c,1
Rv0081,Rv0792c,1
Rv0081,Rv0821c,1
Rv0081,Rv0830,1
Rv0081,Rv0837c,1
Rv0081,Rv0916c,1
Rv0081,Rv0931c,-1
Rv0081,Rv0932c,-1
Rv0081,Rv0933,1
Rv0081,Rv0934,1
Rv0081,Rv0967,1
Rv0081,Rv0989c,1
Rv0081,Rv0997,-1
Rv0081,Rv0998,-1
Rv0081,Rv1013,1
Rv0081,Rv1032c,-1
Rv0081,Rv1033c,-1
Rv0081,Rv1048c,1
Rv0081,Rv1075c,-1
Rv0081,Rv1113,1
Rv0081,Rv1116,1
Rv0081,Rv1117,1
Rv0081,Rv1129c,1
Rv0081,Rv1131,-1
Rv0081,Rv1132,-1
Rv0081,Rv1157c,-1
Rv0081,Rv1158c,-1
Rv0081,Rv1161,-1
Rv0081,Rv1162,-1
Rv0081,Rv1180,-1
Rv0081,Rv1189,1
Rv0081,Rv1190,1
Rv0081,Rv1192,1
Rv0081,Rv1193,1
Rv0081,Rv1204c,-1
Rv0081,Rv1221,1
Rv0081,Rv1229c,-1
Rv0081,Rv1230c,-1
Rv0081,Rv1246c,1
Rv0081,Rv1247c,1
Rv0081,Rv1248c,1
Rv0081,Rv1255c,1
Rv0081,Rv1256c,1
Rv0081,Rv1265,1
Rv0081,Rv1302,1
Rv0081,Rv1316c,1
Rv0081,Rv1317c,1
Rv0081,Rv1319c,1
Rv0081,Rv1320c,1
Rv0081,Rv1321,1
Rv0081,Rv1322,1
Rv0081,Rv1342c,1
Rv0081,Rv1343c,1
Rv0081,Rv1374c,-1
Rv0081,Rv1386,1
Rv0081,Rv1404,1
Rv0081,Rv1405c,1
Rv0081,Rv1406,1
Rv0081,Rv1409,-1
Rv0081,Rv1424c,-1
Rv0081,Rv1425,1
Rv0081,Rv1435c,-1
Rv0081,Rv1441c,-1
Rv0081,Rv1442,1
Rv0081,Rv1460,1
Rv0081,Rv1461,1
Rv0081,Rv1462,1
Rv0081,Rv1463,1
Rv0081,Rv1464,1
Rv0081,Rv1465,1
Rv0081,Rv1466,1
Rv0081,Rv1471,1
Rv0081,Rv1473,1
Rv0081,Rv1491c,-1
Rv0081,Rv1507c,1
Rv0081,Rv1532c,1
Rv0081,Rv1533,1
Rv0081,Rv1534,1
Rv0081,Rv1566c,-1
Rv0081,Rv1590,-1
Rv0081,Rv1646,-1
Rv0081,Rv1652,1
Rv0081,Rv1656,1
Rv0081,Rv1672c,-1
Rv0081,Rv1674c,1
Rv0081,Rv1687c,1
Rv0081,Rv1688,1
Rv0081,Rv1689,1
Rv0081,Rv1690,1
Rv0081,Rv1780,-1
Rv0081,Rv1785c,1
Rv0081,Rv1791,1
Rv0081,Rv1805c,1
Rv0081,Rv1810,1
Rv0081,Rv1811,1
Rv0081,Rv1814,1
Rv0081,Rv1874,1
Rv0081,Rv1875,1
Rv0081,Rv1878,1
Rv0081,Rv1902c,1
Rv0081,Rv1920,1
Rv0081,Rv1926c,1
Rv0081,Rv1936,1
Rv0081,Rv1937,1
Rv0081,Rv1938,1
Rv0081,Rv1939,1
Rv0081,Rv1940,1
Rv0081,Rv1963c,1
Rv0081,Rv1964,1
Rv0081,Rv1965,1
Rv0081,Rv1966,1
Rv0081,Rv1967,1
Rv0081,Rv1968,1
Rv0081,Rv1969,1
Rv0081,Rv1970,1
Rv0081,Rv1971,1
Rv0081,Rv1972,1
Rv0081,Rv1973,1
Rv0081,Rv1974,1
Rv0081,Rv1975,1
Rv0081,Rv1985c,1
Rv0081,Rv1990c,1
Rv0081,Rv1994c,1
Rv0081,Rv1995,1
Rv0081,Rv2009,1
Rv0081,Rv2010,1
Rv0081,Rv2012,1
Rv0081,Rv2034,1
Rv0081,Rv2035,1
Rv0081,Rv2036,1
Rv0081,Rv2055c,-1
Rv0081,Rv2057c,1
Rv0081,Rv2058c,1
Rv0081,Rv2060,-1
Rv0081,Rv2093c,1
Rv0081,Rv2100,1
Rv0081,Rv2107,1
Rv0081,Rv2108,1
Rv0081,Rv2132,1
Rv0081,Rv2147c,-1
Rv0081,Rv2148c,-1
Rv0081,Rv2149c,-1
Rv0081,Rv2150c,-1
Rv0081,Rv2162c,-1
Rv0081,Rv2172c,-1
Rv0081,Rv2194,-1
Rv0081,Rv2195,-1
Rv0081,Rv2196,-1
Rv0081,Rv2242,-1
Rv0081,Rv2256c,-1
Rv0081,Rv2267c,-1
Rv0081,Rv2268c,-1
Rv0081,Rv2285,1
Rv0081,Rv2302,1
Rv0081,Rv2307A,1
Rv0081,Rv2307B,1
Rv0081,Rv2307c,1
Rv0081,Rv2312,1
Rv0081,Rv2319c,-1
Rv0081,Rv2320c,-1
Rv0081,Rv2323c,1
Rv0081,Rv2348c,1
Rv0081,Rv2358,1
Rv0081,Rv2359,1
Rv0081,Rv2365c,-1
Rv0081,Rv2377c,1
Rv0081,Rv2380c,1
Rv0081,Rv2392,1
Rv0081,Rv2431c,1
Rv0081,Rv2435c,1
Rv0081,Rv2452c,1
Rv0081,Rv2453c,1
Rv0081,Rv2454c,1
Rv0081,Rv2455c,1
Rv0081,Rv2463,-1
Rv0081,Rv2505c,1
Rv0081,Rv2506,1
Rv0081,Rv2516c,1
Rv0081,Rv2517c,1
Rv0081,Rv2525c,-1
Rv0081,Rv2526,1
Rv0081,Rv2527,1
Rv0081,Rv2531c,1
Rv0081,Rv2536,1
Rv0081,Rv2549c,1
Rv0081,Rv2550c,1
Rv0081,Rv2551c,-1
Rv0081,Rv2562,1
Rv0081,Rv2564,-1
Rv0081,Rv2589,1
Rv0081,Rv2590,1
Rv0081,Rv2592c,-1
Rv0081,Rv2593c,-1
Rv0081,Rv2594c,-1
Rv0081,Rv2595,1
Rv0081,Rv2596,1
Rv0081,Rv2633c,1
Rv0081,Rv2638,1
Rv0081,Rv2642,1
Rv0081,Rv2643,1
Rv0081,Rv2665,-1
Rv0081,Rv2667,1
Rv0081,Rv2712c,1
Rv0081,Rv2713,1
Rv0081,Rv2724c,1
Rv0081,Rv2779c,1
Rv0081,Rv2808,-1
Rv0081,Rv2809,-1
Rv0081,Rv2826c,1
Rv0081,Rv2827c,1
Rv0081,Rv2877c,1
Rv0081,Rv2878c,1
Rv0081,Rv2939,1
Rv0081,Rv2947c,1
Rv0081,Rv2948c,1
Rv0081,Rv2991,1
Rv0081,Rv3005c,-1
Rv0081,Rv3007c,1
Rv0081,Rv3017c,1
Rv0081,Rv3018A,1
Rv0081,Rv3019c,1
Rv0081,Rv3022c,1
Rv0081,Rv3055,1
Rv0081,Rv3056,1
Rv0081,Rv3065,1
Rv0081,Rv3066,1
Rv0081,Rv3075c,-1
Rv0081,Rv3076,1
Rv0081,Rv3077,1
Rv0081,Rv3096,-1
Rv0081,Rv3110,1
Rv0081,Rv3111,1
Rv0081,Rv3112,1
Rv0081,Rv3124,1
Rv0081,Rv3136,1
Rv0081,Rv3139,1
Rv0081,Rv3140,1
Rv0081,Rv3142c,1
Rv0081,Rv3144c,-1
Rv0081,Rv3145,-1
Rv0081,Rv3146,-1
Rv0081,Rv3147,-1
Rv0081,Rv3148,-1
Rv0081,Rv3149,-1
Rv0081,Rv3150,-1
Rv0081,Rv3151,-1
Rv0081,Rv3163c,1
Rv0081,Rv3164c,1
Rv0081,Rv3165c,1
Rv0081,Rv3166c,1
Rv0081,Rv3179,1
Rv0081,Rv3180c,1
Rv0081,Rv3181c,1
Rv0081,Rv3191c,1
Rv0081,Rv3239c,1
Rv0081,Rv3244c,-1
Rv0081,Rv3245c,-1
Rv0081,Rv3248c,1
Rv0081,Rv3249c,1
Rv0081,Rv3250c,1
Rv0081,Rv3251c,1
Rv0081,Rv3252c,1
Rv0081,Rv3260c,-1
Rv0081,Rv3269,1
Rv0081,Rv3270,-1
Rv0081,Rv3288c,1
Rv0081,Rv3289c,1
Rv0081,Rv3290c,1
Rv0081,Rv3322c,-1
Rv0081,Rv3323c,1
Rv0081,Rv3324c,-1
Rv0081,Rv3335c,-1
Rv0081,Rv3348,1
Rv0081,Rv3371,1
Rv0081,Rv3376,-1
Rv0081,Rv3382c,1
Rv0081,Rv3383c,1
Rv0081,Rv3399,-1
Rv0081,Rv3406,1
Rv0081,Rv3413c,-1
Rv0081,Rv3414c,-1
Rv0081,Rv3429,1
Rv0081,Rv3493c,-1
Rv0081,Rv3501c,1
Rv0081,Rv3502c,1
Rv0081,Rv3503c,1
Rv0081,Rv3514,-1
Rv0081,Rv3526,1
Rv0081,Rv3527,1
Rv0081,Rv3528c,1
Rv0081,Rv3540c,1
Rv0081,Rv3541c,1
Rv0081,Rv3542c,1
Rv0081,Rv3543c,1
Rv0081,Rv3544c,1
Rv0081,Rv3545c,1
Rv0081,Rv3546,1
Rv0081,Rv3547,1
Rv0081,Rv3553,-1
Rv0081,Rv3554,1
Rv0081,Rv3566c,-1
Rv0081,Rv3571,1
Rv0081,Rv3572,1
Rv0081,Rv3574,1
Rv0081,Rv3612c,-1
Rv0081,Rv3613c,-1
Rv0081,Rv3619c,1
Rv0081,Rv3660c,1
Rv0081,Rv3661,1
Rv0081,Rv3674c,1
Rv0081,Rv3675,1
Rv0081,Rv3676,1
Rv0081,Rv3681c,1
Rv0081,Rv3728,-1
Rv0081,Rv3733c,1
Rv0081,Rv3734c,1
Rv0081,Rv3743c,1
Rv0081,Rv3750c,1
Rv0081,Rv3770c,1
Rv0081,Rv3811,-1
Rv0081,Rv3830c,1
Rv0081,Rv3831,1
Rv0081,Rv3844,1
Rv0081,Rv3845,1
Rv0081,Rv3848,1
Rv0081,Rv3849,1
Rv0081,Rv3862c,1
Rv0081,Rv3874,1
Rv0081,Rv3883c,-1
Rv0081,Rv3885c,-1
Rv0081,Rv3886c,-1
Rv0081,Rv3899c,-1
Rv0081,Rv3912,1
Rv0081,Rv3922c,1
Rv0081,Rv3924c,1
Rv0117,Rv0167,1
Rv0117,Rv0171,1
Rv0135c,Rv0062,1
Rv0135c,Rv0100,1
Rv0135c,Rv0101,-1
Rv0135c,Rv0135c,1
Rv0135c,Rv0136,-1
Rv0135c,Rv0167,1
Rv0135c,Rv0171,1
Rv0135c,Rv0172,1
Rv0135c,Rv0173,1
Rv0135c,Rv0238,-1
Rv0135c,Rv0446c,1
Rv0135c,Rv0505c,1
Rv0135c,Rv0520,-1
Rv0135c,Rv0521,-1
Rv0135c,Rv0749A,-1
Rv0135c,Rv0828c,-1
Rv0135c,Rv0885,1
Rv0135c,Rv0886,1
Rv0135c,Rv0910,1
Rv0135c,Rv0942,1
Rv0135c,Rv0987,1
Rv0135c,Rv0988,1
Rv0135c,Rv1016c,-1
Rv0135c,Rv1058,1
Rv0135c,Rv1112,1
Rv0135c,Rv1221,-1
Rv0135c,Rv1227c,1
Rv0135c,Rv1348,-1
Rv0135c,Rv1349,-1
Rv0135c,Rv1557,-1
Rv0135c,Rv1560,-1
Rv0135c,Rv1561,-1
Rv0135c,Rv1592c,1
Rv0135c,Rv1804c,-1
Rv0135c,Rv1815,-1
Rv0135c,Rv1859,-1
Rv0135c,Rv1919c,-1
Rv0135c,Rv1920,1
Rv0135c,Rv2185c,-1
Rv0135c,Rv2196,1
Rv0135c,Rv2201,1
Rv0135c,Rv2204c,-1
Rv0135c,Rv2205c,-1
Rv0135c,Rv2217,1
Rv0135c,Rv2339,-1
Rv0135c,Rv2377c,1
Rv0135c,Rv2378c,-1
Rv0135c,Rv2380c,-1
Rv0135c,Rv2477c,-1
Rv0135c,Rv2524c,1
Rv0135c,Rv2645,-1
Rv0135c,Rv2646,-1
Rv0135c,Rv2709,1
Rv0135c,Rv2884,-1
Rv0135c,Rv2923c,1
Rv0135c,Rv3040c,1
Rv0135c,Rv3197A,-1
Rv0135c,Rv3312A,-1
Rv0135c,Rv3361c,-1
Rv0135c,Rv3391,-1
Rv0135c,Rv3400,-1
Rv0135c,Rv3401,-1
Rv0135c,Rv3519,1
Rv0135c,Rv3598c,1
Rv0135c,Rv3599c,-1
Rv0135c,Rv3601c,-1
Rv0135c,Rv3603c,-1
Rv0135c,Rv3615c,1
Rv0135c,Rv3660c,-1
Rv0135c,Rv3784,-1
Rv0135c,Rv3843c,-1
Rv0135c,Rv3889c,-1
Rv0158,Rv0167,1
Rv0158,Rv0404,-1
Rv0158,Rv1503c,-1
Rv0158,Rv1504c,-1
Rv0158,Rv2035,-1
Rv0158,Rv2036,-1
Rv0158,Rv2307B,-1
Rv0195,Rv0076c,1
Rv0195,Rv0191,-1
Rv0195,Rv0192,-1
Rv0195,Rv0192A,-1
Rv0195,Rv0194,1
Rv0195,Rv1352,-1
Rv0195,Rv2700,1
Rv0195,Rv3863,-1
Rv0212c,Rv0485,1
Rv0212c,Rv3616c,1
Rv0232,Rv1572c,1
Rv0238,Rv0241c,-1
Rv0238,Rv0242c,-1
Rv0238,Rv0243,-1
Rv0238,Rv3028c,-1
Rv0238,Rv3029c,-1
Rv0238,Rv3030,-1
Rv0238,Rv3031,-1
Rv0238,Rv3032,-1
Rv0238,Rv3138,-1
Rv0238,Rv3139,-1
Rv0238,Rv3140,-1
Rv0273c,Rv0029,1
Rv0273c,Rv0107c,-1
Rv0273c,Rv0113,-1
Rv0273c,Rv0114,-1
Rv0273c,Rv0115,-1
Rv0273c,Rv0212c,1
Rv0273c,Rv0213c,1
Rv0273c,Rv0273c,1
Rv0273c,Rv0274,-1
Rv0273c,Rv0578c,-1
Rv0273c,Rv2243,1
Rv0273c,Rv2369c,1
Rv0273c,Rv2370c,1
Rv0273c,Rv3755c,-1
Rv0273c,Rv3756c,-1
Rv0273c,Rv3757c,-1
Rv0273c,Rv3758c,-1
Rv0273c,Rv3759c,-1
Rv0273c,Rv3760,-1
Rv0275c,Rv0275c,1
Rv0275c,Rv0276,-1
Rv0275c,Rv0520,-1
Rv0275c,Rv0521,-1
Rv0275c,Rv2162c,-1
Rv0302,Rv0093c,-1
Rv0302,Rv0171,1
Rv0302,Rv0302,1
Rv0302,Rv0303,-1
Rv0302,Rv0430,1
Rv0302,Rv0600c,1
Rv0302,Rv0712,1
Rv0302,Rv0757,-1
Rv0302,Rv0807,-1
Rv0302,Rv1032c,1
Rv0302,Rv1033c,1
Rv0302,Rv1326c,1
Rv0302,Rv1327c,1
Rv0302,Rv1407,1
Rv0302,Rv1511,-1
Rv0302,Rv1512,-1
Rv0302,Rv1513,-1
Rv0302,Rv1684,1
Rv0302,Rv1761c,-1
Rv0302,Rv1848,1
Rv0302,Rv1850,1
Rv0302,Rv1851,1
Rv0302,Rv2524c,-1
Rv0302,Rv2570,-1
Rv0302,Rv2690c,-1
Rv0302,Rv2691,-1
Rv0302,Rv2692,-1
Rv0302,Rv2727c,-1
Rv0302,Rv2728c,-1
Rv0302,Rv2876,1
Rv0302,Rv2951c,-1
Rv0302,Rv3172c,1
Rv0302,Rv3290c,1
Rv0302,Rv3763,-1
Rv0302,Rv3794,-1
Rv0302,Rv3795,-1
Rv0324,Rv0002,1
Rv0324,Rv0003,1
Rv0324,Rv0004,1
Rv0324,Rv0021c,-1
Rv0324,Rv0032,1
Rv0324,Rv0033,1
Rv0324,Rv0034,1
Rv0324,Rv0035,1
Rv0324,Rv0058,1
Rv0324,Rv0096,1
Rv0324,Rv0097,1
Rv0324,Rv0098,1
Rv0324,Rv0099,1
Rv0324,Rv0100,1
Rv0324,Rv0101,1
Rv0324,Rv0168,1
Rv0324,Rv0188,1
Rv0324,Rv0214,-1
Rv0324,Rv0268c,-1
Rv0324,Rv0318c,-1
Rv0324,Rv0319,-1
Rv0324,Rv0324,1
Rv0324,Rv0325,-1
Rv0324,Rv0326,-1
Rv0324,Rv0331,-1
Rv0324,Rv0349,1
Rv0324,Rv0430,-1
Rv0324,Rv0431,-1
Rv0324,Rv0456A,-1
Rv0324,Rv0458,-1
Rv0324,Rv0459,-1
Rv0324,Rv0506,-1
Rv0324,Rv0578c,-1
Rv0324,Rv0579,1
Rv0324,Rv0632c,-1
Rv0324,Rv0708,-1
Rv0324,Rv0741,-1
Rv0324,Rv0805,-1
Rv0324,Rv0854,-1
Rv0324,Rv0855,-1
Rv0324,Rv0859,-1
Rv0324,Rv0860,-1
Rv0324,Rv1005c,-1
Rv0324,Rv1006,1
Rv0324,Rv1032c,-1
Rv0324,Rv1033c,-1
Rv0324,Rv1052,1
Rv0324,Rv1113,-1
Rv0324,Rv1114,-1
Rv0324,Rv1116,-1
Rv0324,Rv1184c,1
Rv0324,Rv1268c,1
Rv0324,Rv1353c,1
Rv0324,Rv1354c,1
Rv0324,Rv1355c,1
Rv0324,Rv1356c,1
Rv0324,Rv1360,1
Rv0324,Rv1435c,-1
Rv0324,Rv1504c,1
Rv0324,Rv1532c,-1
Rv0324,Rv1533,-1
Rv0324,Rv1534,-1
Rv0324,Rv1572c,-1
Rv0324,Rv1587c,1
Rv0324,Rv1588c,1
Rv0324,Rv1646,-1
Rv0324,Rv1682,1
Rv0324,Rv1697,-1
Rv0324,Rv1698,-1
Rv0324,Rv1754c,-1
Rv0324,Rv1799,1
Rv0324,Rv1819c,-1
Rv0324,Rv1820,-1
Rv0324,Rv1830,-1
Rv0324,Rv1889c,1
Rv0324,Rv1907c,1
Rv0324,Rv1908c,1
Rv0324,Rv1909c,1
Rv0324,Rv1910c,1
Rv0324,Rv1929c,1
Rv0324,Rv1930c,1
Rv0324,Rv1931c,1
Rv0324,Rv1936,1
Rv0324,Rv1937,1
Rv0324,Rv1938,1
Rv0324,Rv1939,1
Rv0324,Rv1940,1
Rv0324,Rv1952,-1
Rv0324,Rv1953,-1
Rv0324,Rv1963c,-1
Rv0324,Rv1964,1
Rv0324,Rv1965,1
Rv0324,Rv1966,1
Rv0324,Rv1967,1
Rv0324,Rv1968,1
Rv0324,Rv1969,1
Rv0324,Rv1970,1
Rv0324,Rv1971,1
Rv0324,Rv1972,1
Rv0324,Rv1973,1
Rv0324,Rv1974,1
Rv0324,Rv1975,1
Rv0324,Rv1981c,-1
Rv0324,Rv1985c,-1
Rv0324,Rv1986,-1
Rv0324,Rv1994c,-1
Rv0324,Rv1995,1
Rv0324,Rv2131c,-1
Rv0324,Rv2132,-1
Rv0324,Rv2145c,-1
Rv0324,Rv2193,-1
Rv0324,Rv2222c,-1
Rv0324,Rv2254c,-1
Rv0324,Rv2319c,-1
Rv0324,Rv2320c,-1
Rv0324,Rv2321c,-1
Rv0324,Rv2322c,-1
Rv0324,Rv2323c,-1
Rv0324,Rv2336,-1
Rv0324,Rv2365c,-1
Rv0324,Rv2366c,-1
Rv0324,Rv2367c,-1
Rv0324,Rv2368c,-1
Rv0324,Rv2387,-1
Rv0324,Rv2412,1
Rv0324,Rv2432c,1
Rv0324,Rv2434c,1
Rv0324,Rv2435c,1
Rv0324,Rv2452c,1
Rv0324,Rv2516c,1
Rv0324,Rv2517c,1
Rv0324,Rv2624c,-1
Rv0324,Rv2625c,-1
Rv0324,Rv2683,-1
Rv0324,Rv2684,-1
Rv0324,Rv2729c,-1
Rv0324,Rv2780,-1
Rv0324,Rv2799,1
Rv0324,Rv2800,1
Rv0324,Rv2809,-1
Rv0324,Rv2817c,-1
Rv0324,Rv2820c,-1
Rv0324,Rv2821c,-1
Rv0324,Rv2822c,-1
Rv0324,Rv2928,1
Rv0324,Rv2929,1
Rv0324,Rv2957,1
Rv0324,Rv3008,-1
Rv0324,Rv3017c,-1
Rv0324,Rv3058c,-1
Rv0324,Rv3059,-1
Rv0324,Rv3083,1
Rv0324,Rv3084,1
Rv0324,Rv3085,1
Rv0324,Rv3086,1
Rv0324,Rv3088,1
Rv0324,Rv3089,1
Rv0324,Rv3110,1
Rv0324,Rv3111,1
Rv0324,Rv3112,1
Rv0324,Rv3172c,-1
Rv0324,Rv3179,-1
Rv0324,Rv3216,-1
Rv0324,Rv3221c,-1
Rv0324,Rv3238c,-1
Rv0324,Rv3269,-1
Rv0324,Rv3270,-1
Rv0324,Rv3288c,1
Rv0324,Rv3289c,-1
Rv0324,Rv3290c,-1
Rv0324,Rv3348,1
Rv0324,Rv3390,1
Rv0324,Rv3406,1
Rv0324,Rv3493c,1
Rv0324,Rv3494c,1
Rv0324,Rv3495c,1
Rv0324,Rv3496c,1
Rv0324,Rv3497c,1
Rv0324,Rv3498c,1
Rv0324,Rv3499c,1
Rv0324,Rv3501c,1
Rv0324,Rv3502c,-1
Rv0324,Rv3503c,-1
Rv0324,Rv3509c,-1
Rv0324,Rv3510c,-1
Rv0324,Rv3540c,1
Rv0324,Rv3541c,1
Rv0324,Rv3545c,1
Rv0324,Rv3546,-1
Rv0324,Rv3573c,-1
Rv0324,Rv3574,1
Rv0324,Rv3577,-1
Rv0324,Rv3578,-1
Rv0324,Rv3597c,-1
Rv0324,Rv3599c,1
Rv0324,Rv3600c,1
Rv0324,Rv3602c,1
Rv0324,Rv3603c,1
Rv0324,Rv3636,1
Rv0324,Rv3733c,-1
Rv0324,Rv3734c,-1
Rv0324,Rv3738c,-1
Rv0324,Rv3844,1
Rv0324,Rv3845,1
Rv0324,Rv3854c,1
Rv0324,Rv3882c,1
Rv0324,Rv3885c,-1
Rv0324,Rv3886c,-1
Rv0324,Rv3887c,-1
Rv0324,Rv3888c,-1
Rv0324,Rv3889c,-1
Rv0324,Rv3890c,-1
Rv0324,Rv3891c,-1
Rv0324,Rv3894c,1
Rv0324,Rv3895c,1
Rv0324,Rv3896c,1
Rv0324,Rv3902c,1
Rv0330c,Rv0329c,-1
Rv0330c,Rv0330c,1
Rv0330c,Rv0331,-1
Rv0339c,Rv0094c,1
Rv0339c,Rv0339c,1
Rv0339c,Rv0340,1
Rv0339c,Rv0341,1
Rv0339c,Rv0342,1
Rv0339c,Rv0343,1
Rv0339c,Rv2225,-1
Rv0339c,Rv3350c,-1
Rv0339c,Rv3466,1
Rv0339c,Rv3467,1
Rv0339c,Rv3652,1
Rv0348,Rv0347,-1
Rv0348,Rv0348,1
Rv0348,Rv3574,1
Rv0353,Rv0350,-1
Rv0353,Rv0351,-1
Rv0353,Rv0352,-1
Rv0353,Rv0353,1
Rv0353,Rv0384c,1
Rv0465c,Rv0456A,-1
Rv0465c,Rv0464c,-1
Rv0465c,Rv0465c,1
Rv0465c,Rv0466,-1
Rv0465c,Rv0467,1
Rv0465c,Rv0472c,-1
Rv0465c,Rv0928,-1
Rv0465c,Rv0929,-1
Rv0465c,Rv0930,-1
Rv0465c,Rv1090,-1
Rv0465c,Rv1302,1
Rv0465c,Rv1353c,-1
Rv0465c,Rv1354c,-1
Rv0465c,Rv1356c,-1
Rv0465c,Rv1500,-1
Rv0465c,Rv1847,-1
Rv0465c,Rv2307B,-1
Rv0465c,Rv2478c,-1
Rv0465c,Rv2516c,-1
Rv0465c,Rv2908c,-1
Rv0465c,Rv2909c,-1
Rv0465c,Rv3068c,-1
Rv0465c,Rv3137,-1
Rv0465c,Rv3138,-1
Rv0465c,Rv3139,-1
Rv0465c,Rv3140,-1
Rv0465c,Rv3144c,-1
Rv0465c,Rv3323c,-1
Rv0465c,Rv3370c,-1
Rv0465c,Rv3377c,-1
Rv0465c,Rv3378c,-1
Rv0465c,Rv3379c,-1
Rv0465c,Rv3724A,-1
Rv0465c,Rv3724B,-1
Rv0472c,Rv0456A,-1
Rv0472c,Rv0824c,-1
Rv0472c,Rv1094,-1
Rv0472c,Rv1177,-1
Rv0472c,Rv1178,-1
Rv0472c,Rv3130c,1
Rv0472c,Rv3131,1
Rv0474,Rv0474,1
Rv0474,Rv0475,-1
Rv0474,Rv1089A,1
Rv0474,Rv1090,1
Rv0494,Rv0467,-1
Rv0494,Rv0492c,-1
Rv0494,Rv0493c,-1
Rv0494,Rv0494,1
Rv0494,Rv1632c,-1
Rv0494,Rv1817,1
Rv0494,Rv1952,1
Rv0494,Rv1953,1
Rv0494,Rv2389c,1
Rv0494,Rv2390c,1
Rv0494,Rv2436,1
Rv0494,Rv2514c,1
Rv0494,Rv2515c,1
Rv0494,Rv2610c,1
Rv0494,Rv2613c,1
Rv0494,Rv3083,1
Rv0494,Rv3084,1
Rv0494,Rv3085,1
Rv0494,Rv3086,1
Rv0494,Rv3087,1
Rv0494,Rv3088,1
Rv0494,Rv3089,1
Rv0494,Rv3092c,-1
Rv0494,Rv3093c,-1
Rv0494,Rv3094c,-1
Rv0494,Rv3095,-1
Rv0494,Rv3145,1
Rv0494,Rv3146,1
Rv0494,Rv3147,1
Rv0494,Rv3148,1
Rv0494,Rv3149,1
Rv0494,Rv3150,1
Rv0494,Rv3151,1
Rv0494,Rv3786c,-1
Rv0494,Rv3787c,1
Rv0576,Rv0165c,-1
Rv0576,Rv0166,-1
Rv0576,Rv0302,-1
Rv0576,Rv0303,-1
Rv0576,Rv0413,-1
Rv0576,Rv0516c,-1
Rv0576,Rv0517,-1
Rv0576,Rv0576,1
Rv0576,Rv0577,-1
Rv0576,Rv0768,-1
Rv0576,Rv0769,-1
Rv0576,Rv1519,-1
Rv0576,Rv1520,-1
Rv0576,Rv1847,-1
Rv0576,Rv1876,-1
Rv0576,Rv1986,-1
Rv0576,Rv2034,-1
Rv0576,Rv2035,-1
Rv0576,Rv2036,-1
Rv0576,Rv2307B,-1
Rv0576,Rv2336,-1
Rv0576,Rv2760c,-1
Rv0576,Rv3403c,-1
Rv0576,Rv3494c,-1
Rv0576,Rv3495c,-1
Rv0576,Rv3500c,1
Rv0576,Rv3581c,-1
Rv0576,Rv3582c,-1
Rv0576,Rv3660c,-1
Rv0576,Rv3661,-1
Rv0576,Rv3681c,-1
Rv0602c,Rv0331,-1
Rv0602c,Rv0475,-1
Rv0602c,Rv0602c,1
Rv0602c,Rv0603,1
Rv0602c,Rv0687,1
Rv0602c,Rv0789c,-1
Rv0602c,Rv0790c,1
Rv0602c,Rv1116,1
Rv0602c,Rv1503c,1
Rv0602c,Rv1504c,1
Rv0602c,Rv1776c,-1
Rv0602c,Rv1793,-1
Rv0602c,Rv1799,1
Rv0602c,Rv1985c,-1
Rv0602c,Rv2107,1
Rv0602c,Rv2137c,-1
Rv0602c,Rv2243,-1
Rv0602c,Rv2280,-1
Rv0602c,Rv2307B,1
Rv0602c,Rv2333c,-1
Rv0602c,Rv2369c,1
Rv0602c,Rv2438c,-1
Rv0602c,Rv2452c,1
Rv0602c,Rv2562,1
Rv0602c,Rv2779c,1
Rv0602c,Rv2884,-1
Rv0602c,Rv2946c,1
Rv0602c,Rv2948c,1
Rv0602c,Rv3007c,-1
Rv0602c,Rv3109,1
Rv0602c,Rv3477,-1
Rv0602c,Rv3478,-1
Rv0602c,Rv3706c,-1
Rv0602c,Rv3869,-1
Rv0623,Rv0623,1
Rv0623,Rv0624,1
Rv0653c,Rv0653c,1
Rv0653c,Rv0654,-1
Rv0653c,Rv2866,-1
Rv0653c,Rv3350c,1
Rv0653c,Rv3741c,1
Rv0653c,Rv3742c,1
Rv0674,Rv0672,-1
Rv0674,Rv0673,-1
Rv0674,Rv0674,1
Rv0674,Rv0675,-1
Rv0678,Rv0032,1
Rv0678,Rv0033,1
Rv0678,Rv0034,1
Rv0678,Rv0043c,1
Rv0678,Rv0044c,1
Rv0678,Rv0045c,1
Rv0678,Rv0055,1
Rv0678,Rv0056,1
Rv0678,Rv0057,1
Rv0678,Rv0058,1
Rv0678,Rv0113,1
Rv0678,Rv0114,1
Rv0678,Rv0128,1
Rv0678,Rv0138,1
Rv0678,Rv0150c,1
Rv0678,Rv0156,1
Rv0678,Rv0159c,1
Rv0678,Rv0161,1
Rv0678,Rv0183,-1
Rv0678,Rv0211,1
Rv0678,Rv0219,1
Rv0678,Rv0247c,1
Rv0678,Rv0294,1
Rv0678,Rv0321,1
Rv0678,Rv0337c,1
Rv0678,Rv0344c,1
Rv0678,Rv0347,1
Rv0678,Rv0348,1
Rv0678,Rv0349,1
Rv0678,Rv0354c,-1
Rv0678,Rv0385,1
Rv0678,Rv0388c,-1
Rv0678,Rv0389,-1
Rv0678,Rv0392c,1
Rv0678,Rv0410c,1
Rv0678,Rv0411c,1
Rv0678,Rv0452,1
Rv0678,Rv0467,1
Rv0678,Rv0478,-1
Rv0678,Rv0485,-1
Rv0678,Rv0492c,1
Rv0678,Rv0493c,1
Rv0678,Rv0503c,1
Rv0678,Rv0504c,1
Rv0678,Rv0506,-1
Rv0678,Rv0507,-1
Rv0678,Rv0508,-1
Rv0678,Rv0517,1
Rv0678,Rv0520,-1
Rv0678,Rv0586,1
Rv0678,Rv0590,1
Rv0678,Rv0594,1
Rv0678,Rv0622,1
Rv0678,Rv0654,1
Rv0678,Rv0676c,-1
Rv0678,Rv0677c,-1
Rv0678,Rv0678,1
Rv0678,Rv0692,1
Rv0678,Rv0726c,1
Rv0678,Rv0748,-1
Rv0678,Rv0821c,-1
Rv0678,Rv0848,1
Rv0678,Rv0849,1
Rv0678,Rv0850,1
Rv0678,Rv0890c,1
Rv0678,Rv0891c,1
Rv0678,Rv0892,1
Rv0678,Rv0928,1
Rv0678,Rv0956,1
Rv0678,Rv0957,1
Rv0678,Rv0963c,1
Rv0678,Rv0985c,1
Rv0678,Rv1005c,-1
Rv0678,Rv1013,1
Rv0678,Rv1032c,-1
Rv0678,Rv1033c,-1
Rv0678,Rv1128c,1
Rv0678,Rv1129c,1
Rv0678,Rv1130,-1
Rv0678,Rv1131,-1
Rv0678,Rv1148c,1
Rv0678,Rv1218c,1
Rv0678,Rv1219c,1
Rv0678,Rv1230c,-1
Rv0678,Rv1268c,1
Rv0678,Rv1352,1
Rv0678,Rv1362c,1
Rv0678,Rv1363c,1
Rv0678,Rv1374c,-1
Rv0678,Rv1455,1
Rv0678,Rv1460,1
Rv0678,Rv1461,1
Rv0678,Rv1462,1
Rv0678,Rv1463,1
Rv0678,Rv1474c,-1
Rv0678,Rv1497,-1
Rv0678,Rv1503c,-1
Rv0678,Rv1504c,1
Rv0678,Rv1509,1
Rv0678,Rv1521,-1
Rv0678,Rv1562c,1
Rv0678,Rv1563c,1
Rv0678,Rv1564c,1
Rv0678,Rv1579c,1
Rv0678,Rv1652,1
Rv0678,Rv1654,1
Rv0678,Rv1666c,1
Rv0678,Rv1667c,1
Rv0678,Rv1668c,1
Rv0678,Rv1669,1
Rv0678,Rv1670,1
Rv0678,Rv1671,1
Rv0678,Rv1685c,1
Rv0678,Rv1686c,1
Rv0678,Rv1760,1
Rv0678,Rv1774,1
Rv0678,Rv1786,1
Rv0678,Rv1808,1
Rv0678,Rv1861,1
Rv0678,Rv1874,1
Rv0678,Rv1875,1
Rv0678,Rv1886c,1
Rv0678,Rv1895,1
Rv0678,Rv1931c,1
Rv0678,Rv1943c,1
Rv0678,Rv1944c,1
Rv0678,Rv1945,1
Rv0678,Rv1950c,1
Rv0678,Rv1964,1
Rv0678,Rv1965,1
Rv0678,Rv1974,1
Rv0678,Rv1975,1
Rv0678,Rv1977,-1
Rv0678,Rv1978,1
Rv0678,Rv1981c,1
Rv0678,Rv1986,1
Rv0678,Rv2006,1
Rv0678,Rv2057c,1
Rv0678,Rv2060,-1
Rv0678,Rv2116,1
Rv0678,Rv2117,1
Rv0678,Rv2172c,-1
Rv0678,Rv2173,1
Rv0678,Rv2256c,-1
Rv0678,Rv2267c,1
Rv0678,Rv2268c,1
Rv0678,Rv2270,1
Rv0678,Rv2271,1
Rv0678,Rv2307B,1
Rv0678,Rv2323c,1
Rv0678,Rv2330c,1
Rv0678,Rv2332,1
Rv0678,Rv2336,-1
Rv0678,Rv2381c,1
Rv0678,Rv2382c,1
Rv0678,Rv2383c,1
Rv0678,Rv2384,1
Rv0678,Rv2387,-1
Rv0678,Rv2404c,1
Rv0678,Rv2460c,1
Rv0678,Rv2517c,1
Rv0678,Rv2530A,-1
Rv0678,Rv2560,1
Rv0678,Rv2638,1
Rv0678,Rv2663,1
Rv0678,Rv2665,-1
Rv0678,Rv2667,1
Rv0678,Rv2699c,1
Rv0678,Rv2705c,1
Rv0678,Rv2730,1
Rv0678,Rv2731,1
Rv0678,Rv2768c,1
Rv0678,Rv2787,1
Rv0678,Rv2803,-1
Rv0678,Rv2875,1
Rv0678,Rv2884,-1
Rv0678,Rv2904c,-1
Rv0678,Rv2905,-1
Rv0678,Rv3019c,-1
Rv0678,Rv3023c,-1
Rv0678,Rv3065,1
Rv0678,Rv3066,1
Rv0678,Rv3250c,1
Rv0678,Rv3251c,1
Rv0678,Rv3353c,1
Rv0678,Rv3354,1
Rv0678,Rv3502c,1
Rv0678,Rv3503c,1
Rv0678,Rv3504,1
Rv0678,Rv3505,1
Rv0678,Rv3526,1
Rv0678,Rv3527,1
Rv0678,Rv3566c,-1
Rv0678,Rv3567c,-1
Rv0678,Rv3568c,-1
Rv0678,Rv3569c,-1
Rv0678,Rv3570c,-1
Rv0678,Rv3571,1
Rv0678,Rv3572,1
Rv0678,Rv3598c,1
Rv0678,Rv3601c,1
Rv0678,Rv3673c,-1
Rv0678,Rv3674c,-1
Rv0678,Rv3681c,1
Rv0678,Rv3706c,-1
Rv0678,Rv3714c,1
Rv0678,Rv3717,-1
Rv0678,Rv3734c,1
Rv0678,Rv3756c,-1
Rv0678,Rv3757c,-1
Rv0678,Rv3758c,-1
Rv0678,Rv3852,-1
Rv0681,Rv3529c,1
Rv0681,Rv3530c,1
Rv0681,Rv3531c,1
Rv0681,Rv3540c,1
Rv0681,Rv3541c,1
Rv0681,Rv3542c,1
Rv0681,Rv3543c,1
Rv0681,Rv3544c,1
Rv0681,Rv3545c,1
Rv0681,Rv3546,1
Rv0681,Rv3571,1
Rv0691c,Rv0069c,-1
Rv0691c,Rv0070c,-1
Rv0691c,Rv0181c,1
Rv0691c,Rv0244c,1
Rv0691c,Rv0245,1
Rv0691c,Rv0350,1
Rv0691c,Rv0351,1
Rv0691c,Rv0352,1
Rv0691c,Rv0353,1
Rv0691c,Rv0441c,-1
Rv0691c,Rv0442c,-1
Rv0691c,Rv0532,-1
Rv0691c,Rv0691c,1
Rv0691c,Rv0692,-1
Rv0691c,Rv0693,-1
Rv0691c,Rv0694,-1
Rv0691c,Rv0891c,1
Rv0691c,Rv1001,-1
Rv0691c,Rv1007c,-1
Rv0691c,Rv1008,-1
Rv0691c,Rv1090,1
Rv0691c,Rv1265,1
Rv0691c,Rv1319c,1
Rv0691c,Rv1320c,1
Rv0691c,Rv1408,1
Rv0691c,Rv1503c,1
Rv0691c,Rv1504c,1
Rv0691c,Rv1765A,1
Rv0691c,Rv1798,1
Rv0691c,Rv1818c,-1
Rv0691c,Rv2226,-1
Rv0691c,Rv2331,1
Rv0691c,Rv2331A,1
Rv0691c,Rv2332,1
Rv0691c,Rv2567,-1
Rv0691c,Rv2777c,1
Rv0691c,Rv2862c,1
Rv0691c,Rv3492c,1
Rv0691c,Rv3500c,-1
Rv0691c,Rv3529c,1
Rv0691c,Rv3530c,1
Rv0691c,Rv3601c,1
Rv0691c,Rv3870,1
Rv0691c,Rv3872,1
Rv0691c,Rv3918c,1
Rv0691c,Rv3919c,1
Rv0757,Rv0055,-1
Rv0757,Rv0056,-1
Rv0757,Rv0057,-1
Rv0757,Rv0058,-1
Rv0757,Rv0112,1
Rv0757,Rv0114,1
Rv0757,Rv0115,1
Rv0757,Rv0167,-1
Rv0757,Rv0168,-1
Rv0757,Rv0169,-1
Rv0757,Rv0170,-1
Rv0757,Rv0171,-1
Rv0757,Rv0172,-1
Rv0757,Rv0173,-1
Rv0757,Rv0207c,-1
Rv0757,Rv0211,-1
Rv0757,Rv0230c,-1
Rv0757,Rv0251c,-1
Rv0757,Rv0252,1
Rv0757,Rv0253,1
Rv0757,Rv0674,1
Rv0757,Rv0757,1
Rv0757,Rv0789c,1
Rv0757,Rv0821c,1
Rv0757,Rv1013,-1
Rv0757,Rv1102c,-1
Rv0757,Rv1103c,-1
Rv0757,Rv1180,1
Rv0757,Rv1184c,1
Rv0757,Rv1302,1
Rv0757,Rv1388,-1
Rv0757,Rv1392,1
Rv0757,Rv1517,1
Rv0757,Rv1518,1
Rv0757,Rv1519,1
Rv0757,Rv1520,1
Rv0757,Rv1535,-1
Rv0757,Rv2124c,1
Rv0757,Rv2135c,1
Rv0757,Rv2136c,1
Rv0757,Rv2137c,1
Rv0757,Rv2138,-1
Rv0757,Rv2243,-1
Rv0757,Rv2287,-1
Rv0757,Rv2288,-1
Rv0757,Rv2289,-1
Rv0757,Rv2307B,-1
Rv0757,Rv2331,1
Rv0757,Rv2331A,1
Rv0757,Rv2332,1
Rv0757,Rv2340c,-1
Rv0757,Rv2376c,-1
Rv0757,Rv2389c,1
Rv0757,Rv2390c,1
Rv0757,Rv2391,1
Rv0757,Rv2392,1
Rv0757,Rv2393,1
Rv0757,Rv2394,1
Rv0757,Rv2579,-1
Rv0757,Rv2581c,-1
Rv0757,Rv2582,-1
Rv0757,Rv2583c,1
Rv0757,Rv2584c,1
Rv0757,Rv2590,1
Rv0757,Rv2633c,-1
Rv0757,Rv2768c,-1
Rv0757,Rv2779c,1
Rv0757,Rv2780,-1
Rv0757,Rv2904c,-1
Rv0757,Rv2905,1
Rv0757,Rv2971,-1
Rv0757,Rv3116,-1
Rv0757,Rv3118,-1
Rv0757,Rv3119,-1
Rv0757,Rv3120,-1
Rv0757,Rv3197,1
Rv0757,Rv3312A,-1
Rv0757,Rv3478,-1
Rv0757,Rv3500c,-1
Rv0757,Rv3501c,-1
Rv0757,Rv3750c,-1
Rv0757,Rv3767c,1
Rv0757,Rv3768,-1
Rv0757,Rv3779,-1
Rv0757,Rv3780,-1
Rv0757,Rv3783,1
Rv0757,Rv3804c,-1
Rv0757,Rv3825c,1
Rv0767c,Rv0042c,-1
Rv0767c,Rv0207c,-1
Rv0767c,Rv0208c,-1
Rv0767c,Rv0217c,-1
Rv0767c,Rv0311,-1
Rv0767c,Rv0492c,-1
Rv0767c,Rv0493c,-1
Rv0767c,Rv0494,-1
Rv0767c,Rv0581,-1
Rv0767c,Rv0634A,1
Rv0767c,Rv0643c,1
Rv0767c,Rv0776c,-1
Rv0767c,Rv0902c,-1
Rv0767c,Rv0903c,-1
Rv0767c,Rv0928,1
Rv0767c,Rv0989c,-1
Rv0767c,Rv1085c,-1
Rv0767c,Rv1086,-1
Rv0767c,Rv1097c,-1
Rv0767c,Rv1098c,-1
Rv0767c,Rv1099c,-1
Rv0767c,Rv1331,1
Rv0767c,Rv1367c,-1
Rv0767c,Rv1568,1
Rv0767c,Rv1820,-1
Rv0767c,Rv1848,1
Rv0767c,Rv1849,1
Rv0767c,Rv1852,-1
Rv0767c,Rv1853,-1
Rv0767c,Rv1908c,-1
Rv0767c,Rv1994c,1
Rv0767c,Rv2047c,-1
Rv0767c,Rv2048c,-1
Rv0767c,Rv2049c,-1
Rv0767c,Rv2050,-1
Rv0767c,Rv2058c,-1
Rv0767c,Rv2250c,1
Rv0767c,Rv2526,-1
Rv0767c,Rv2527,-1
Rv0767c,Rv2638,-1
Rv0767c,Rv2670c,-1
Rv0767c,Rv2671,1
Rv0767c,Rv2757c,1
Rv0767c,Rv2758c,1
Rv0767c,Rv2930,1
Rv0767c,Rv2931,1
Rv0767c,Rv2932,1
Rv0767c,Rv2933,1
Rv0767c,Rv2934,1
Rv0767c,Rv2936,1
Rv0767c,Rv2938,1
Rv0767c,Rv3196A,-1
Rv0767c,Rv3197,-1
Rv0767c,Rv3198A,1
Rv0767c,Rv3198c,-1
Rv0767c,Rv3493c,-1
Rv0767c,Rv3494c,-1
Rv0767c,Rv3495c,-1
Rv0767c,Rv3496c,-1
Rv0767c,Rv3497c,-1
Rv0767c,Rv3498c,-1
Rv0767c,Rv3524,-1
Rv0767c,Rv3625c,1
Rv0818,Rv0044c,1
Rv0818,Rv0244c,-1
Rv0818,Rv0252,1
Rv0818,Rv0253,1
Rv0818,Rv0501,1
Rv0818,Rv0502,1
Rv0818,Rv1322A,-1
Rv0818,Rv1386,-1
Rv0818,Rv1387,-1
Rv0818,Rv1542c,1
Rv0818,Rv1791,1
Rv0818,Rv3229c,1
Rv0818,Rv3384c,1
Rv0818,Rv3385c,1
Rv0818,Rv3386,-1
Rv0827c,Rv0827c,1
Rv0827c,Rv3660c,-1
Rv0880,Rv0690c,1
Rv0880,Rv0726c,-1
Rv0880,Rv1219c,1
Rv0880,Rv2172c,-1
Rv0880,Rv2590,-1
Rv0967,Rv0033,1
Rv0967,Rv0225,-1
Rv0967,Rv0284,1
Rv0967,Rv0285,1
Rv0967,Rv0286,1
Rv0967,Rv0296c,1
Rv0967,Rv0350,1
Rv0967,Rv0380c,-1
Rv0967,Rv0468,1
Rv0967,Rv0519c,1
Rv0967,Rv0554,1
Rv0967,Rv0574c,-1
Rv0967,Rv0652,1
Rv0967,Rv0729,1
Rv0967,Rv0730,1
Rv0967,Rv0747,1
Rv0967,Rv0867c,1
Rv0967,Rv0885,-1
Rv0967,Rv0886,-1
Rv0967,Rv0896,-1
Rv0967,Rv0941c,-1
Rv0967,Rv0967,1
Rv0967,Rv1003,-1
Rv0967,Rv1103c,1
Rv0967,Rv1191,-1
Rv0967,Rv1382,-1
Rv0967,Rv1386,1
Rv0967,Rv1490,1
Rv0967,Rv1624c,1
Rv0967,Rv1657,-1
Rv0967,Rv1671,-1
Rv0967,Rv1716,1
Rv0967,Rv1724c,-1
Rv0967,Rv1725c,-1
Rv0967,Rv1739c,-1
Rv0967,Rv1746,-1
Rv0967,Rv1898,-1
Rv0967,Rv1964,-1
Rv0967,Rv2064,-1
Rv0967,Rv2102,1
Rv0967,Rv2160c,-1
Rv0967,Rv2401,-1
Rv0967,Rv2441c,1
Rv0967,Rv2507,-1
Rv0967,Rv2551c,-1
Rv0967,Rv2582,1
Rv0967,Rv2668,-1
Rv0967,Rv2669,-1
Rv0967,Rv2705c,-1
Rv0967,Rv2922A,-1
Rv0967,Rv2959c,1
Rv0967,Rv2960c,-1
Rv0967,Rv2962c,1
Rv0967,Rv3122,1
Rv0967,Rv3145,-1
Rv0967,Rv3146,-1
Rv0967,Rv3147,-1
Rv0967,Rv3148,-1
Rv0967,Rv3149,-1
Rv0967,Rv3150,-1
Rv0967,Rv3151,-1
Rv0967,Rv3152,-1
Rv0967,Rv3153,-1
Rv0967,Rv3154,-1
Rv0967,Rv3155,-1
Rv0967,Rv3156,-1
Rv0967,Rv3157,-1
Rv0967,Rv3158,-1
Rv0967,Rv3227,1
Rv0967,Rv3337,-1
Rv0967,Rv3338,-1
Rv0967,Rv3394c,-1
Rv0967,Rv3444c,-1
Rv0967,Rv3445c,-1
Rv0967,Rv3794,1
Rv0967,Rv3796,1
Rv0967,Rv3812,1
Rv0967,Rv3829c,1
Rv1019,Rv3229c,1
Rv1019,Rv3230c,1
Rv1019,Rv3574,1
Rv1033c,Rv0001,1
Rv1033c,Rv0002,1
Rv1033c,Rv0020c,-1
Rv1033c,Rv0023,1
Rv1033c,Rv0032,1
Rv1033c,Rv0033,1
Rv1033c,Rv0034,1
Rv1033c,Rv0035,1
Rv1033c,Rv0047c,1
Rv1033c,Rv0058,1
Rv1033c,Rv0077c,-1
Rv1033c,Rv0078,-1
Rv1033c,Rv0078A,-1
Rv1033c,Rv0112,1
Rv1033c,Rv0113,1
Rv1033c,Rv0114,1
Rv1033c,Rv0115,1
Rv1033c,Rv0155,-1
Rv1033c,Rv0156,-1
Rv1033c,Rv0157,-1
Rv1033c,Rv0165c,-1
Rv1033c,Rv0167,-1
Rv1033c,Rv0168,-1
Rv1033c,Rv0208c,1
Rv1033c,Rv0245,1
Rv1033c,Rv0254c,1
Rv1033c,Rv0269c,-1
Rv1033c,Rv0270,-1
Rv1033c,Rv0388c,-1
Rv1033c,Rv0413,-1
Rv1033c,Rv0426c,-1
Rv1033c,Rv0427c,1
Rv1033c,Rv0430,-1
Rv1033c,Rv0458,-1
Rv1033c,Rv0502,1
Rv1033c,Rv0568,-1
Rv1033c,Rv0586,1
Rv1033c,Rv0589,1
Rv1033c,Rv0590A,1
Rv1033c,Rv0594,1
Rv1033c,Rv0653c,1
Rv1033c,Rv0752c,1
Rv1033c,Rv0753c,1
Rv1033c,Rv0789c,-1
Rv1033c,Rv0839,1
Rv1033c,Rv0985c,-1
Rv1033c,Rv0987,1
Rv1033c,Rv0988,1
Rv1033c,Rv0996,-1
Rv1033c,Rv1013,-1
Rv1033c,Rv1018c,-1
Rv1033c,Rv1032c,-1
Rv1033c,Rv1033c,1
Rv1033c,Rv1048c,1
Rv1033c,Rv1157c,-1
Rv1033c,Rv1158c,-1
Rv1033c,Rv1159,1
Rv1033c,Rv1204c,-1
Rv1033c,Rv1205,-1
Rv1033c,Rv1221,-1
Rv1033c,Rv1230c,-1
Rv1033c,Rv1333,-1
Rv1033c,Rv1334,-1
Rv1033c,Rv1335,-1
Rv1033c,Rv1339,1
Rv1033c,Rv1374c,1
Rv1033c,Rv1375,-1
Rv1033c,Rv1386,-1
Rv1033c,Rv1387,-1
Rv1033c,Rv1460,1
Rv1033c,Rv1477,-1
Rv1033c,Rv1478,-1
Rv1033c,Rv1489,1
Rv1033c,Rv1489A,1
Rv1033c,Rv1503c,1
Rv1033c,Rv1504c,1
Rv1033c,Rv1509,1
Rv1033c,Rv1572c,1
Rv1033c,Rv1574,-1
Rv1033c,Rv1592c,1
Rv1033c,Rv1645c,1
Rv1033c,Rv1646,-1
Rv1033c,Rv1728c,-1
Rv1033c,Rv1803c,-1
Rv1033c,Rv1808,-1
Rv1033c,Rv1812c,-1
Rv1033c,Rv1857,1
Rv1033c,Rv1859,1
Rv1033c,Rv1873,1
Rv1033c,Rv1939,-1
Rv1033c,Rv1940,-1
Rv1033c,Rv1964,1
Rv1033c,Rv1979c,1
Rv1033c,Rv2010,1
Rv1033c,Rv2098c,1
Rv1033c,Rv2100,1
Rv1033c,Rv2107,1
Rv1033c,Rv2127,1
Rv1033c,Rv2128,1
Rv1033c,Rv2147c,-1
Rv1033c,Rv2153c,-1
Rv1033c,Rv2243,-1
Rv1033c,Rv2245,-1
Rv1033c,Rv2246,-1
Rv1033c,Rv2247,-1
Rv1033c,Rv2307A,1
Rv1033c,Rv2330c,-1
Rv1033c,Rv2332,-1
Rv1033c,Rv2376c,-1
Rv1033c,Rv2387,-1
Rv1033c,Rv2389c,1
Rv1033c,Rv2516c,1
Rv1033c,Rv2517c,1
Rv1033c,Rv2524c,-1
Rv1033c,Rv2525c,-1
Rv1033c,Rv2526,-1
Rv1033c,Rv2527,-1
Rv1033c,Rv2645,-1
Rv1033c,Rv2646,-1
Rv1033c,Rv2708c,-1
Rv1033c,Rv2709,-1
Rv1033c,Rv2713,-1
Rv1033c,Rv2847c,1
Rv1033c,Rv2905,-1
Rv1033c,Rv2930,1
Rv1033c,Rv2931,1
Rv1033c,Rv2932,1
Rv1033c,Rv2933,1
Rv1033c,Rv2937,1
Rv1033c,Rv2938,1
Rv1033c,Rv2952,-1
Rv1033c,Rv2987c,-1
Rv1033c,Rv2988c,-1
Rv1033c,Rv2989,-1
Rv1033c,Rv2990c,1
Rv1033c,Rv2991,-1
Rv1033c,Rv3017c,1
Rv1033c,Rv3018A,1
Rv1033c,Rv3019c,1
Rv1033c,Rv3020c,1
Rv1033c,Rv3034c,1
Rv1033c,Rv3035,-1
Rv1033c,Rv3062,1
Rv1033c,Rv3066,-1
Rv1033c,Rv3140,1
Rv1033c,Rv3143,1
Rv1033c,Rv3144c,1
Rv1033c,Rv3225c,-1
Rv1033c,Rv3229c,1
Rv1033c,Rv3236c,-1
Rv1033c,Rv3237c,-1
Rv1033c,Rv3251c,1
Rv1033c,Rv3252c,1
Rv1033c,Rv3288c,1
Rv1033c,Rv3289c,1
Rv1033c,Rv3290c,1
Rv1033c,Rv3357,1
Rv1033c,Rv3360,1
Rv1033c,Rv3406,1
Rv1033c,Rv3421c,-1
Rv1033c,Rv3422c,-1
Rv1033c,Rv3424c,1
Rv1033c,Rv3425,1
Rv1033c,Rv3488,1
Rv1033c,Rv3566c,-1
Rv1033c,Rv3571,1
Rv1033c,Rv3572,1
Rv1033c,Rv3588c,1
Rv1033c,Rv3646c,-1
Rv1033c,Rv3655c,1
Rv1033c,Rv3658c,1
Rv1033c,Rv3659c,1
Rv1033c,Rv3660c,1
Rv1033c,Rv3661,1
Rv1033c,Rv3681c,1
Rv1033c,Rv3706c,-1
Rv1033c,Rv3728,-1
Rv1033c,Rv3746c,1
Rv1033c,Rv3762c,-1
Rv1033c,Rv3765c,-1
Rv1033c,Rv3889c,1
Rv1033c,Rv3902c,1
Rv1033c,Rv3924c,1
Rv1049,Rv0005,1
Rv1049,Rv0033,-1
Rv1049,Rv0055,1
Rv1049,Rv0056,1
Rv1049,Rv0057,1
Rv1049,Rv0144,-1
Rv1049,Rv0155,1
Rv1049,Rv0156,1
Rv1049,Rv0157,1
Rv1049,Rv0167,-1
Rv1049,Rv0168,-1
Rv1049,Rv0169,-1
Rv1049,Rv0170,-1
Rv1049,Rv0171,-1
Rv1049,Rv0172,-1
Rv1049,Rv0173,-1
Rv1049,Rv0174,-1
Rv1049,Rv0175,-1
Rv1049,Rv0176,-1
Rv1049,Rv0177,-1
Rv1049,Rv0178,-1
Rv1049,Rv0241c,-1
Rv1049,Rv0242c,-1
Rv1049,Rv0344c,-1
Rv1049,Rv0476,-1
Rv1049,Rv0549c,-1
Rv1049,Rv0550c,-1
Rv1049,Rv0635,1
Rv1049,Rv0687,1
Rv1049,Rv0688,-1
Rv1049,Rv0700,1
Rv1049,Rv0701,1
Rv1049,Rv0702,1
Rv1049,Rv0703,1
Rv1049,Rv0705,1
Rv1049,Rv0706,1
Rv1049,Rv0707,1
Rv1049,Rv0708,1
Rv1049,Rv0709,1
Rv1049,Rv0710,1
Rv1049,Rv0730,-1
Rv1049,Rv1049,1
Rv1049,Rv1050,-1
Rv1049,Rv1075c,-1
Rv1049,Rv1094,-1
Rv1049,Rv1177,-1
Rv1049,Rv1178,-1
Rv1049,Rv1210,1
Rv1049,Rv1212c,1
Rv1049,Rv1277,-1
Rv1049,Rv1278,-1
Rv1049,Rv1279,-1
Rv1049,Rv1339,-1
Rv1049,Rv1566c,-1
Rv1049,Rv1585c,-1
Rv1049,Rv1586c,-1
Rv1049,Rv1588c,1
Rv1049,Rv1653,-1
Rv1049,Rv1657,-1
Rv1049,Rv1780,-1
Rv1049,Rv1851,-1
Rv1049,Rv1853,-1
Rv1049,Rv1901,1
Rv1049,Rv1985c,-1
Rv1049,Rv1986,1
Rv1049,Rv2052c,1
Rv1049,Rv2053c,1
Rv1049,Rv2107,1
Rv1049,Rv2146c,1
Rv1049,Rv2147c,-1
Rv1049,Rv2224c,1
Rv1049,Rv2271,-1
Rv1049,Rv2438A,-1
Rv1049,Rv2646,1
Rv1049,Rv2720,-1
Rv1049,Rv2737A,1
Rv1049,Rv2839c,-1
Rv1049,Rv2930,1
Rv1049,Rv2931,1
Rv1049,Rv2932,1
Rv1049,Rv2933,1
Rv1049,Rv2934,1
Rv1049,Rv2935,1
Rv1049,Rv2936,1
Rv1049,Rv2937,1
Rv1049,Rv2938,1
Rv1049,Rv2941,1
Rv1049,Rv2942,1
Rv1049,Rv2952,1
Rv1049,Rv2953,1
Rv1049,Rv2987c,1
Rv1049,Rv2988c,1
Rv1049,Rv2989,1
Rv1049,Rv3103c,1
Rv1049,Rv3104c,1
Rv1049,Rv3105c,1
Rv1049,Rv3579c,-1
Rv1049,Rv3605c,-1
Rv1049,Rv3608c,-1
Rv1049,Rv3610c,-1
Rv1049,Rv3660c,-1
Rv1049,Rv3674c,1
Rv1049,Rv3714c,1
Rv1049,Rv3719,1
Rv1049,Rv3849,1
Rv1049,Rv3862c,1
Rv1167c,Rv0711,-1
Rv1167c,Rv1168c,-1
Rv1167c,Rv1169c,-1
Rv1167c,Rv1170,1
Rv1167c,Rv1870c,1
Rv1167c,Rv3646c,-1
Rv1167c,Rv3864,1
Rv1176c,Rv1175c,-1
Rv1176c,Rv1176c,1
Rv1186c,Rv1186c,1
Rv1186c,Rv1187,-1
Rv1186c,Rv1188,-1
Rv1186c,Rv3269,-1
Rv1186c,Rv3270,-1
Rv1189,Rv0069c,1
Rv1189,Rv0070c,1
Rv1189,Rv0167,1
Rv1189,Rv0168,1
Rv1189,Rv0169,1
Rv1189,Rv0170,1
Rv1189,Rv0171,1
Rv1189,Rv0172,1
Rv1189,Rv0173,1
Rv1189,Rv0174,1
Rv1189,Rv0467,-1
Rv1189,Rv1116,-1
Rv1189,Rv1585c,-1
Rv1189,Rv1588c,-1
Rv1189,Rv1963c,-1
Rv1189,Rv2107,-1
Rv1189,Rv3289c,-1
Rv1189,Rv3290c,-1
Rv1189,Rv3747,1
Rv1219c,Rv0302,1
Rv1219c,Rv0384c,-1
Rv1219c,Rv1215c,-1
Rv1219c,Rv1216c,-1
Rv1219c,Rv1217c,-1
Rv1219c,Rv1218c,-1
Rv1219c,Rv1219c,1
Rv1219c,Rv1249c,-1
Rv1219c,Rv1250,-1
Rv1219c,Rv1386,1
Rv1219c,Rv1387,1
Rv1219c,Rv2292c,-1
Rv1219c,Rv2729c,-1
Rv1219c,Rv2730,-1
Rv1219c,Rv2883c,-1
Rv1219c,Rv2910c,-1
Rv1219c,Rv2915c,-1
Rv1219c,Rv2916c,-1
Rv1219c,Rv2922c,-1
Rv1219c,Rv3231c,1
Rv1219c,Rv3234c,-1
Rv1219c,Rv3528c,-1
Rv1219c,Rv3714c,1
Rv1255c,Rv0455c,1
Rv1255c,Rv0634A,1
Rv1255c,Rv0634c,-1
Rv1255c,Rv0768,1
Rv1255c,Rv0769,1
Rv1255c,Rv0890c,1
Rv1255c,Rv0891c,1
Rv1255c,Rv0950c,-1
Rv1255c,Rv1255c,1
Rv1255c,Rv1256c,-1
Rv1255c,Rv1776c,-1
Rv1255c,Rv2243,-1
Rv1255c,Rv2300c,-1
Rv1255c,Rv2338c,1
Rv1255c,Rv2638,-1
Rv1255c,Rv3249c,-1
Rv1255c,Rv3251c,-1
Rv1255c,Rv3252c,-1
Rv1255c,Rv3706c,-1
Rv1287,Rv1285,1
Rv1287,Rv1286,1
Rv1332,Rv2307B,1
Rv1332,Rv3425,-1
Rv1353c,Rv0014c,1
Rv1353c,Rv0055,-1
Rv1353c,Rv0056,-1
Rv1353c,Rv0057,-1
Rv1353c,Rv0058,-1
Rv1353c,Rv0100,1
Rv1353c,Rv0101,1
Rv1353c,Rv0107c,-1
Rv1353c,Rv0119,-1
Rv1353c,Rv0136,-1
Rv1353c,Rv0155,-1
Rv1353c,Rv0156,-1
Rv1353c,Rv0157,-1
Rv1353c,Rv0167,-1
Rv1353c,Rv0168,-1
Rv1353c,Rv0183,-1
Rv1353c,Rv0238,-1
Rv1353c,Rv0252,1
Rv1353c,Rv0253,1
Rv1353c,Rv0272c,1
Rv1353c,Rv0273c,1
Rv1353c,Rv0283,-1
Rv1353c,Rv0284,-1
Rv1353c,Rv0293c,1
Rv1353c,Rv0303,1
Rv1353c,Rv0316,-1
Rv1353c,Rv0350,-1
Rv1353c,Rv0351,-1
Rv1353c,Rv0352,-1
Rv1353c,Rv0353,-1
Rv1353c,Rv0356c,1
Rv1353c,Rv0359,-1
Rv1353c,Rv0387c,1
Rv1353c,Rv0404,-1
Rv1353c,Rv0421c,1
Rv1353c,Rv0431,-1
Rv1353c,Rv0455c,-1
Rv1353c,Rv0474,1
Rv1353c,Rv0481c,-1
Rv1353c,Rv0509,-1
Rv1353c,Rv0537c,-1
Rv1353c,Rv0548c,-1
Rv1353c,Rv0586,-1
Rv1353c,Rv0605,-1
Rv1353c,Rv0731c,-1
Rv1353c,Rv0732,-1
Rv1353c,Rv0737,-1
Rv1353c,Rv0777,-1
Rv1353c,Rv0778,-1
Rv1353c,Rv0787A,1
Rv1353c,Rv0788,1
Rv1353c,Rv0810c,-1
Rv1353c,Rv0867c,-1
Rv1353c,Rv0931c,1
Rv1353c,Rv0947c,-1
Rv1353c,Rv0998,-1
Rv1353c,Rv1025,1
Rv1353c,Rv1026,1
Rv1353c,Rv1032c,1
Rv1353c,Rv1033c,1
Rv1353c,Rv1043c,-1
Rv1353c,Rv1078,-1
Rv1353c,Rv1079,-1
Rv1353c,Rv1106c,-1
Rv1353c,Rv1107c,-1
Rv1353c,Rv1108c,-1
Rv1353c,Rv1109c,-1
Rv1353c,Rv1161,1
Rv1353c,Rv1162,1
Rv1353c,Rv1173,-1
Rv1353c,Rv1181,1
Rv1353c,Rv1182,1
Rv1353c,Rv1183,1
Rv1353c,Rv1205,-1
Rv1353c,Rv1207,-1
Rv1353c,Rv1208,-1
Rv1353c,Rv1210,1
Rv1353c,Rv1215c,1
Rv1353c,Rv1278,1
Rv1353c,Rv1279,1
Rv1353c,Rv1280c,1
Rv1353c,Rv1281c,1
Rv1353c,Rv1283c,1
Rv1353c,Rv1334,1
Rv1353c,Rv1336,1
Rv1353c,Rv1360,-1
Rv1353c,Rv1362c,1
Rv1353c,Rv1363c,1
Rv1353c,Rv1375,1
Rv1353c,Rv1376,1
Rv1353c,Rv1399c,-1
Rv1353c,Rv1401,-1
Rv1353c,Rv1408,1
Rv1353c,Rv1409,1
Rv1353c,Rv1413,1
Rv1353c,Rv1414,1
Rv1353c,Rv1425,1
Rv1353c,Rv1442,1
Rv1353c,Rv1483,-1
Rv1353c,Rv1484,-1
Rv1353c,Rv1485,-1
Rv1353c,Rv1493,1
Rv1353c,Rv1538c,-1
Rv1353c,Rv1539,-1
Rv1353c,Rv1540,-1
Rv1353c,Rv1557,1
Rv1353c,Rv1560,-1
Rv1353c,Rv1561,-1
Rv1353c,Rv1562c,1
Rv1353c,Rv1563c,1
Rv1353c,Rv1564c,1
Rv1353c,Rv1567c,-1
Rv1353c,Rv1637c,-1
Rv1353c,Rv1690,-1
Rv1353c,Rv1691,-1
Rv1353c,Rv1692,-1
Rv1353c,Rv1706c,1
Rv1353c,Rv1791,-1
Rv1353c,Rv1855c,-1
Rv1353c,Rv1856c,-1
Rv1353c,Rv1857,-1
Rv1353c,Rv1858,-1
Rv1353c,Rv1859,-1
Rv1353c,Rv1875,1
Rv1353c,Rv1908c,1
Rv1353c,Rv1909c,1
Rv1353c,Rv1919c,-1
Rv1353c,Rv1920,-1
Rv1353c,Rv1964,1
Rv1353c,Rv1965,1
Rv1353c,Rv1966,1
Rv1353c,Rv1967,1
Rv1353c,Rv1968,1
Rv1353c,Rv1969,1
Rv1353c,Rv1970,1
Rv1353c,Rv1971,1
Rv1353c,Rv1972,1
Rv1353c,Rv1974,1
Rv1353c,Rv2007c,-1
Rv1353c,Rv2062c,-1
Rv1353c,Rv2067c,-1
Rv1353c,Rv2068c,-1
Rv1353c,Rv2143,1
Rv1353c,Rv2153c,-1
Rv1353c,Rv2154c,-1
Rv1353c,Rv2157c,1
Rv1353c,Rv2158c,1
Rv1353c,Rv2159c,1
Rv1353c,Rv2203,-1
Rv1353c,Rv2214c,-1
Rv1353c,Rv2222c,-1
Rv1353c,Rv2232,-1
Rv1353c,Rv2234,-1
Rv1353c,Rv2235,-1
Rv1353c,Rv2250c,-1
Rv1353c,Rv2330c,-1
Rv1353c,Rv2331,1
Rv1353c,Rv2331A,1
Rv1353c,Rv2332,1
Rv1353c,Rv2334,-1
Rv1353c,Rv2335,-1
Rv1353c,Rv2452c,1
Rv1353c,Rv2453c,1
Rv1353c,Rv2454c,1
Rv1353c,Rv2455c,1
Rv1353c,Rv2563,-1
Rv1353c,Rv2564,-1
Rv1353c,Rv2565,1
Rv1353c,Rv2566,1
Rv1353c,Rv2567,-1
Rv1353c,Rv2568c,1
Rv1353c,Rv2576c,-1
Rv1353c,Rv2577,1
Rv1353c,Rv2579,-1
Rv1353c,Rv2642,1
Rv1353c,Rv2656c,1
Rv1353c,Rv2657c,1
Rv1353c,Rv2659c,1
Rv1353c,Rv2663,1
Rv1353c,Rv2664,1
Rv1353c,Rv2668,1
Rv1353c,Rv2669,1
Rv1353c,Rv2713,-1
Rv1353c,Rv2731,-1
Rv1353c,Rv2746c,-1
Rv1353c,Rv2747,-1
Rv1353c,Rv2765,1
Rv1353c,Rv2778c,-1
Rv1353c,Rv2779c,-1
Rv1353c,Rv2780,1
Rv1353c,Rv2798c,-1
Rv1353c,Rv2800,1
Rv1353c,Rv2846c,-1
Rv1353c,Rv2881c,1
Rv1353c,Rv2882c,1
Rv1353c,Rv2945c,-1
Rv1353c,Rv3027c,-1
Rv1353c,Rv3044,-1
Rv1353c,Rv3060c,-1
Rv1353c,Rv3093c,-1
Rv1353c,Rv3094c,-1
Rv1353c,Rv3095,-1
Rv1353c,Rv3110,-1
Rv1353c,Rv3111,-1
Rv1353c,Rv3132c,1
Rv1353c,Rv3133c,1
Rv1353c,Rv3162c,1
Rv1353c,Rv3163c,1
Rv1353c,Rv3164c,1
Rv1353c,Rv3165c,1
Rv1353c,Rv3166c,1
Rv1353c,Rv3203,1
Rv1353c,Rv3225c,-1
Rv1353c,Rv3227,-1
Rv1353c,Rv3230c,1
Rv1353c,Rv3231c,-1
Rv1353c,Rv3232c,-1
Rv1353c,Rv3376,-1
Rv1353c,Rv3383c,-1
Rv1353c,Rv3384c,-1
Rv1353c,Rv3385c,-1
Rv1353c,Rv3386,1
Rv1353c,Rv3387,1
Rv1353c,Rv3405c,-1
Rv1353c,Rv3407,-1
Rv1353c,Rv3408,-1
Rv1353c,Rv3426,-1
Rv1353c,Rv3442c,-1
Rv1353c,Rv3443c,-1
Rv1353c,Rv3463,-1
Rv1353c,Rv3489,-1
Rv1353c,Rv3490,-1
Rv1353c,Rv3524,1
Rv1353c,Rv3526,-1
Rv1353c,Rv3527,-1
Rv1353c,Rv3540c,1
Rv1353c,Rv3541c,1
Rv1353c,Rv3542c,1
Rv1353c,Rv3543c,1
Rv1353c,Rv3544c,1
Rv1353c,Rv3545c,1
Rv1353c,Rv3566c,1
Rv1353c,Rv3567c,1
Rv1353c,Rv3568c,1
Rv1353c,Rv3569c,1
Rv1353c,Rv3570c,1
Rv1353c,Rv3582c,1
Rv1353c,Rv3598c,-1
Rv1353c,Rv3599c,-1
Rv1353c,Rv3600c,-1
Rv1353c,Rv3601c,-1
Rv1353c,Rv3602c,-1
Rv1353c,Rv3603c,-1
Rv1353c,Rv3616c,1
Rv1353c,Rv3641c,1
Rv1353c,Rv3645,-1
Rv1353c,Rv3660c,-1
Rv1353c,Rv3661,-1
Rv1353c,Rv3682,-1
Rv1353c,Rv3728,-1
Rv1353c,Rv3752c,-1
Rv1353c,Rv3753c,-1
Rv1353c,Rv3813c,-1
Rv1353c,Rv3814c,-1
Rv1353c,Rv3815c,-1
Rv1353c,Rv3816c,-1
Rv1353c,Rv3817,1
Rv1353c,Rv3824c,1
Rv1353c,Rv3825c,1
Rv1353c,Rv3860,-1
Rv1353c,Rv3861,-1
Rv1353c,Rv3884c,1
Rv1353c,Rv3902c,1
Rv1353c,Rv3922c,1
Rv1353c,Rv3924c,1
Rv1359,Rv1359,1
Rv1379,Rv1573,1
Rv1395,Rv1395,1
Rv1395,Rv1870c,-1
Rv1404,Rv0244c,-1
Rv1404,Rv0576,1
Rv1404,Rv0746,-1
Rv1404,Rv0747,-1
Rv1404,Rv0849,1
Rv1404,Rv0850,1
Rv1404,Rv1094,-1
Rv1404,Rv1116,1
Rv1404,Rv1137c,1
Rv1404,Rv1139c,-1
Rv1404,Rv1255c,1
Rv1404,Rv1256c,1
Rv1404,Rv1337,-1
Rv1404,Rv1375,-1
Rv1404,Rv1376,-1
Rv1404,Rv1386,-1
Rv1404,Rv1387,-1
Rv1404,Rv1403c,-1
Rv1404,Rv1404,1
Rv1404,Rv1405c,-1
Rv1404,Rv1441c,-1
Rv1404,Rv1442,1
Rv1404,Rv1730c,1
Rv1404,Rv1731,-1
Rv1404,Rv2389c,-1
Rv1404,Rv2390c,-1
Rv1404,Rv2549c,-1
Rv1404,Rv2550c,-1
Rv1404,Rv2555c,1
Rv1404,Rv2956,-1
Rv1404,Rv3574,1
Rv1404,Rv3746c,-1
Rv1404,Rv3747,-1
Rv1423,Rv0011c,1
Rv1423,Rv0081,-1
Rv1423,Rv0082,-1
Rv1423,Rv0083,-1
Rv1423,Rv0084,-1
Rv1423,Rv0085,-1
Rv1423,Rv0086,-1
Rv1423,Rv0088,1
Rv1423,Rv0153c,-1
Rv1423,Rv0154c,-1
Rv1423,Rv0229c,1
Rv1423,Rv0232,1
Rv1423,Rv0233,1
Rv1423,Rv0430,1
Rv1423,Rv0431,1
Rv1423,Rv0447c,1
Rv1423,Rv0519c,1
Rv1423,Rv0959,1
Rv1423,Rv1011,-1
Rv1423,Rv1012,-1
Rv1423,Rv1145,1
Rv1423,Rv1148c,-1
Rv1423,Rv1221,-1
Rv1423,Rv1255c,1
Rv1423,Rv1256c,1
Rv1423,Rv1274,-1
Rv1423,Rv1275,-1
Rv1423,Rv1319c,1
Rv1423,Rv1320c,1
Rv1423,Rv1360,-1
Rv1423,Rv1456c,-1
Rv1423,Rv1503c,1
Rv1423,Rv1504c,1
Rv1423,Rv1547,1
Rv1423,Rv1582c,1
Rv1423,Rv1584c,1
Rv1423,Rv1768,1
Rv1423,Rv1845c,-1
Rv1423,Rv1954c,-1
Rv1423,Rv2074,1
Rv1423,Rv2118c,-1
Rv1423,Rv2119,-1
Rv1423,Rv2311,-1
Rv1423,Rv2350c,-1
Rv1423,Rv2376c,-1
Rv1423,Rv2458,1
Rv1423,Rv2562,1
Rv1423,Rv2567,1
Rv1423,Rv2586c,-1
Rv1423,Rv2592c,-1
Rv1423,Rv2593c,-1
Rv1423,Rv2594c,-1
Rv1423,Rv2644c,1
Rv1423,Rv2698,-1
Rv1423,Rv2732c,-1
Rv1423,Rv2733c,-1
Rv1423,Rv2871,1
Rv1423,Rv2923c,-1
Rv1423,Rv2927c,-1
Rv1423,Rv2928,1
Rv1423,Rv3094c,1
Rv1423,Rv3194c,-1
Rv1423,Rv3195,1
Rv1423,Rv3198c,1
Rv1423,Rv3208A,-1
Rv1423,Rv3259,-1
Rv1423,Rv3424c,1
Rv1423,Rv3425,1
Rv1423,Rv3429,1
Rv1423,Rv3479,1
Rv1423,Rv3587c,-1
Rv1423,Rv3604c,-1
Rv1423,Rv3659c,1
Rv1423,Rv3715c,-1
Rv1423,Rv3749c,1
Rv1423,Rv3750c,1
Rv1423,Rv3765c,1
Rv1460,Rv1460,1
Rv1460,Rv1461,-1
Rv1460,Rv1462,-1
Rv1460,Rv1463,-1
Rv1460,Rv1464,-1
Rv1460,Rv1465,-1
Rv1460,Rv1466,-1
Rv1473A,Rv0003,1
Rv1473A,Rv0759c,-1
Rv1473A,Rv1237,-1
Rv1473A,Rv1238,-1
Rv1473A,Rv1685c,-1
Rv1473A,Rv1686c,-1
Rv1473A,Rv1806,-1
Rv1473A,Rv1807,-1
Rv1473A,Rv1918c,1
Rv1473A,Rv2025c,-1
Rv1473A,Rv2518c,-1
Rv1473A,Rv2805,-1
Rv1473A,Rv3118,-1
Rv1473A,Rv3718c,-1
Rv1473A,Rv3737,-1
Rv1473A,Rv3763,-1
Rv1556,Rv1556,1
Rv1556,Rv1557,-1
Rv1556,Rv1573,1
Rv1657,Rv1652,1
Rv1657,Rv1653,1
Rv1657,Rv1654,1
Rv1657,Rv1655,1
Rv1657,Rv1656,1
Rv1657,Rv1657,1
Rv1657,Rv1658,1
Rv1674c,Rv0324,-1
Rv1674c,Rv0325,-1
Rv1674c,Rv0326,-1
Rv1674c,Rv1673c,-1
Rv1674c,Rv1674c,1
Rv1674c,Rv2319c,-1
Rv1674c,Rv2320c,-1
Rv1674c,Rv2321c,-1
Rv1674c,Rv2322c,-1
Rv1674c,Rv2323c,-1
Rv1675c,Rv1670,-1
Rv1719,Rv0081,1
Rv1719,Rv0082,1
Rv1719,Rv0083,1
Rv1719,Rv0087,1
Rv1719,Rv0167,1
Rv1719,Rv0168,1
Rv1719,Rv0169,1
Rv1719,Rv0170,1
Rv1719,Rv0171,1
Rv1719,Rv0172,1
Rv1719,Rv0173,1
Rv1719,Rv0174,1
Rv1719,Rv0280,1
Rv1719,Rv0428c,-1
Rv1719,Rv0429c,-1
Rv1719,Rv0599c,1
Rv1719,Rv0687,1
Rv1719,Rv0688,1
Rv1719,Rv1640c,-1
Rv1719,Rv1715,-1
Rv1719,Rv1716,-1
Rv1719,Rv1717,-1
Rv1719,Rv1816,1
Rv1719,Rv2452c,1
Rv1719,Rv2488c,1
Rv1719,Rv2489c,1
Rv1719,Rv2570,-1
Rv1719,Rv2989,-1
Rv1719,Rv3067,-1
Rv1719,Rv3302c,-1
Rv1719,Rv3303c,-1
Rv1719,Rv3357,1
Rv1719,Rv3358,1
Rv1719,Rv3386,1
Rv1719,Rv3685c,1
Rv1719,Rv3725,-1
Rv1773c,Rv1773c,1
Rv1773c,Rv1774,-1
Rv1773c,Rv1775,-1
Rv1776c,Rv0019c,1
Rv1776c,Rv0040c,-1
Rv1776c,Rv0049,-1
Rv1776c,Rv0103c,-1
Rv1776c,Rv0114,-1
Rv1776c,Rv0115,-1
Rv1776c,Rv0121c,-1
Rv1776c,Rv0167,-1
Rv1776c,Rv0168,-1
Rv1776c,Rv0169,-1
Rv1776c,Rv0170,-1
Rv1776c,Rv0171,-1
Rv1776c,Rv0172,-1
Rv1776c,Rv0173,-1
Rv1776c,Rv0208c,1
Rv1776c,Rv0211,-1
Rv1776c,Rv0224c,1
Rv1776c,Rv0250c,-1
Rv1776c,Rv0269c,-1
Rv1776c,Rv0270,-1
Rv1776c,Rv0275c,-1
Rv1776c,Rv0276,-1
Rv1776c,Rv0282,1
Rv1776c,Rv0283,1
Rv1776c,Rv0284,1
Rv1776c,Rv0286,1
Rv1776c,Rv0338c,-1
Rv1776c,Rv0366c,1
Rv1776c,Rv0367c,1
Rv1776c,Rv0407,-1
Rv1776c,Rv0408,-1
Rv1776c,Rv0409,-1
Rv1776c,Rv0424c,-1
Rv1816,Rv0053,-1
Rv1816,Rv0142,1
Rv1816,Rv0167,-1
Rv1816,Rv0168,-1
Rv1816,Rv0169,-1
Rv1816,Rv0170,-1
Rv1816,Rv0171,-1
Rv1816,Rv0172,-1
Rv1816,Rv0173,-1
Rv1816,Rv0174,-1
Rv1816,Rv0232,-1
Rv1816,Rv0444c,1
Rv1816,Rv0495c,1
Rv1816,Rv0551c,1
Rv1816,Rv0552,1
Rv1816,Rv0553,1
Rv1816,Rv0586,-1
Rv1816,Rv0629c,1
Rv1816,Rv0631c,1
Rv1816,Rv0663,1
Rv1816,Rv0664,1
Rv1816,Rv0665,1
Rv1816,Rv0770,1
Rv1816,Rv0771,1
Rv1816,Rv0875c,1
Rv1816,Rv0933,-1
Rv1816,Rv0996,1
Rv1816,Rv1064c,1
Rv1816,Rv1065,1
Rv1816,Rv1066,1
Rv1816,Rv1114,1
Rv1816,Rv1270c,1
Rv1816,Rv1288,1
Rv1816,Rv1334,1
Rv1816,Rv1335,1
Rv1816,Rv1413,1
Rv1816,Rv1414,1
Rv1816,Rv1458c,1
Rv1816,Rv1460,1
Rv1816,Rv1461,1
Rv1816,Rv1462,1
Rv1816,Rv1463,1
Rv1816,Rv1500,1
Rv1816,Rv1670,1
Rv1816,Rv1671,1
Rv1816,Rv1816,1
Rv1816,Rv1885c,1
Rv1816,Rv1896c,1
Rv1816,Rv1992c,1
Rv1816,Rv1993c,1
Rv1816,Rv2163c,1
Rv1816,Rv2164c,1
Rv1816,Rv2174,-1
Rv1816,Rv2322c,1
Rv1816,Rv2323c,1
Rv1816,Rv2377c,1
Rv1816,Rv2382c,1
Rv1816,Rv2383c,1
Rv1816,Rv2495c,1
Rv1816,Rv2496c,1
Rv1816,Rv2497c,1
Rv1816,Rv2498c,1
Rv1816,Rv2558,1
Rv1816,Rv2630,1
Rv1816,Rv2656c,-1
Rv1816,Rv2657c,-1
Rv1816,Rv2658c,1
Rv1816,Rv2659c,1
Rv1816,Rv2848c,1
Rv1816,Rv2850c,1
Rv1816,Rv2884,1
Rv1816,Rv2930,-1
Rv1816,Rv2931,-1
Rv1816,Rv2932,-1
Rv1816,Rv2933,-1
Rv1816,Rv2934,-1
Rv1816,Rv2935,-1
Rv1816,Rv2936,-1
Rv1816,Rv2937,-1
Rv1816,Rv2938,-1
Rv1816,Rv3015c,1
Rv1816,Rv3116,1
Rv1816,Rv3119,1
Rv1816,Rv3272,1
Rv1816,Rv3384c,-1
Rv1816,Rv3385c,-1
Rv1816,Rv3463,1
Rv1816,Rv3504,1
Rv1816,Rv3505,1
Rv1816,Rv3509c,1
Rv1816,Rv3534c,1
Rv1816,Rv3535c,1
Rv1816,Rv3613c,1
Rv1816,Rv3714c,-1
Rv1816,Rv3741c,-1
Rv1816,Rv3742c,-1
Rv1816,Rv3789,-1
Rv1816,Rv3902c,1
Rv1816,Rv3905c,-1
Rv1828,Rv0307c,1
Rv1828,Rv0308,1
Rv1828,Rv1141c,1
Rv1828,Rv2148c,1
Rv1828,Rv2149c,1
Rv1828,Rv2150c,1
Rv1828,Rv2742c,-1
Rv1846c,Rv0524,-1
Rv1846c,Rv0525,-1
Rv1846c,Rv0526,-1
Rv1846c,Rv0527,-1
Rv1846c,Rv0528,-1
Rv1846c,Rv0529,-1
Rv1846c,Rv1451,-1
Rv1846c,Rv1456c,-1
Rv1846c,Rv1622c,-1
Rv1846c,Rv1623c,-1
Rv1846c,Rv2069,-1
Rv1846c,Rv3921c,-1
Rv1846c,Rv3922c,-1
Rv1956,Rv0824c,-1
Rv1956,Rv0905,-1
Rv1956,Rv0906,-1
Rv1956,Rv1503c,1
Rv1956,Rv1504c,1
Rv1956,Rv1786,1
Rv1956,Rv1954c,-1
Rv1956,Rv1964,1
Rv1956,Rv1965,1
Rv1956,Rv2219A,-1
Rv1956,Rv2349c,1
Rv1956,Rv2787,1
Rv1956,Rv3083,1
Rv1956,Rv3084,1
Rv1956,Rv3085,1
Rv1956,Rv3086,1
Rv1956,Rv3087,1
Rv1956,Rv3088,1
Rv1956,Rv3089,1
Rv1985c,Rv0081,-1
Rv1985c,Rv0082,-1
Rv1985c,Rv0083,-1
Rv1985c,Rv0084,-1
Rv1985c,Rv0085,-1
Rv1985c,Rv0086,-1
Rv1985c,Rv0087,-1
Rv1985c,Rv0088,-1
Rv1985c,Rv0167,1
Rv1985c,Rv0168,1
Rv1985c,Rv0171,1
Rv1985c,Rv0172,1
Rv1985c,Rv0173,1
Rv1985c,Rv0174,1
Rv1985c,Rv0324,1
Rv1985c,Rv0347,-1
Rv1985c,Rv0348,-1
Rv1985c,Rv0349,-1
Rv1985c,Rv0507,-1
Rv1985c,Rv0571c,-1
Rv1985c,Rv0572c,-1
Rv1985c,Rv0859,1
Rv1985c,Rv0860,1
Rv1985c,Rv1032c,-1
Rv1985c,Rv1033c,-1
Rv1985c,Rv1131,1
Rv1985c,Rv1161,1
Rv1985c,Rv1162,1
Rv1985c,Rv1374c,1
Rv1985c,Rv1435c,1
Rv1985c,Rv1646,-1
Rv1985c,Rv1691,1
Rv1985c,Rv1814,-1
Rv1985c,Rv1985c,1
Rv1985c,Rv2004c,-1
Rv1985c,Rv2005c,-1
Rv1985c,Rv2006,-1
Rv1985c,Rv2056c,1
Rv1985c,Rv2059,1
Rv1985c,Rv2060,1
Rv1985c,Rv2107,-1
Rv1985c,Rv2137c,1
Rv1985c,Rv2243,1
Rv1985c,Rv2307B,-1
Rv1985c,Rv2346c,1
Rv1985c,Rv2387,-1
Rv1985c,Rv2486,-1
Rv1985c,Rv2493,1
Rv1985c,Rv2494,1
Rv1985c,Rv2550c,1
Rv1985c,Rv2626c,-1
Rv1985c,Rv2628,-1
Rv1985c,Rv2656c,1
Rv1985c,Rv2657c,1
Rv1985c,Rv2658c,-1
Rv1985c,Rv2659c,-1
Rv1985c,Rv2722,1
Rv1985c,Rv2729c,-1
Rv1985c,Rv2816c,1
Rv1985c,Rv2817c,1
Rv1985c,Rv2864c,-1
Rv1985c,Rv3019c,-1
Rv1985c,Rv3131,1
Rv1985c,Rv3144c,1
Rv1985c,Rv3251c,-1
Rv1985c,Rv3289c,1
Rv1985c,Rv3566c,-1
Rv1985c,Rv3567c,-1
Rv1985c,Rv3845,1
Rv1990c,Rv0032,1
Rv1990c,Rv0034,1
Rv1990c,Rv0081,-1
Rv1990c,Rv0083,-1
Rv1990c,Rv0086,-1
Rv1990c,Rv0087,-1
Rv1990c,Rv0088,-1
Rv1990c,Rv0113,-1
Rv1990c,Rv0114,-1
Rv1990c,Rv0115,-1
Rv1990c,Rv0207c,-1
Rv1990c,Rv0208c,-1
Rv1990c,Rv0209,-1
Rv1990c,Rv0224c,-1
Rv1990c,Rv0225,-1
Rv1990c,Rv0252,-1
Rv1990c,Rv0253,-1
Rv1990c,Rv0355c,-1
Rv1990c,Rv0386,-1
Rv1990c,Rv0473,-1
Rv1990c,Rv0507,-1
Rv1990c,Rv0597c,-1
Rv1990c,Rv0873,-1
Rv1990c,Rv0925c,-1
Rv1990c,Rv0992c,-1
Rv1990c,Rv1058,-1
Rv1990c,Rv1086,-1
Rv1990c,Rv1095,-1
Rv1990c,Rv1102c,-1
Rv1990c,Rv1103c,-1
Rv1990c,Rv1107c,-1
Rv1990c,Rv1108c,-1
Rv1990c,Rv1109c,-1
Rv1990c,Rv1110,-1
Rv1990c,Rv1116A,-1
Rv1990c,Rv1136,-1
Rv1990c,Rv1213,-1
Rv1990c,Rv1255c,-1
Rv1990c,Rv1256c,-1
Rv1990c,Rv1280c,-1
Rv1990c,Rv1281c,-1
Rv1990c,Rv1393c,-1
Rv1990c,Rv1394c,-1
Rv1990c,Rv1820,-1
Rv1990c,Rv1835c,-1
Rv1990c,Rv1864c,-1
Rv1990c,Rv1865c,-1
Rv1990c,Rv1868,-1
Rv1990c,Rv1882c,-1
Rv1990c,Rv1883c,-1
Rv1990c,Rv1884c,-1
Rv1990c,Rv1954c,1
Rv1990c,Rv1964,1
Rv1990c,Rv1970,-1
Rv1990c,Rv1971,-1
Rv1990c,Rv1974,-1
Rv1990c,Rv1977,-1
Rv1990c,Rv1990c,1
Rv1990c,Rv2026c,-1
Rv1990c,Rv2027c,-1
Rv1990c,Rv2103c,-1
Rv1990c,Rv2104c,-1
Rv1990c,Rv2180c,-1
Rv1990c,Rv2224c,-1
Rv1990c,Rv2254c,-1
Rv1990c,Rv2255c,-1
Rv1990c,Rv2305,-1
Rv1990c,Rv2306A,-1
Rv1990c,Rv2306B,-1
Rv1990c,Rv2337c,-1
Rv1990c,Rv2365c,-1
Rv1990c,Rv2366c,-1
Rv1990c,Rv2367c,-1
Rv1990c,Rv2368c,-1
Rv1990c,Rv2369c,-1
Rv1990c,Rv2438c,-1
Rv1990c,Rv2464c,-1
Rv1990c,Rv2465c,-1
Rv1990c,Rv2469c,-1
Rv1990c,Rv2470,-1
Rv1990c,Rv2471,-1
Rv1990c,Rv2534c,-1
Rv1990c,Rv2535c,-1
Rv1990c,Rv2536,-1
Rv1990c,Rv2537c,-1
Rv1990c,Rv2538c,-1
Rv1990c,Rv2568c,-1
Rv1990c,Rv2569c,-1
Rv1990c,Rv2570,-1
Rv1990c,Rv2600,-1
Rv1990c,Rv2601,-1
Rv1990c,Rv2657c,-1
Rv1990c,Rv2713,-1
Rv1990c,Rv2731,-1
Rv1990c,Rv2991,-1
Rv1990c,Rv3006,-1
Rv1990c,Rv3017c,-1
Rv1990c,Rv3058c,-1
Rv1990c,Rv3059,-1
Rv1990c,Rv3064c,-1
Rv1990c,Rv3066,-1
Rv1990c,Rv3100c,-1
Rv1990c,Rv3116,-1
Rv1990c,Rv3119,-1
Rv1990c,Rv3161c,-1
Rv1990c,Rv3179,-1
Rv1990c,Rv3182,-1
Rv1990c,Rv3183,-1
Rv1990c,Rv3240c,-1
Rv1990c,Rv3276c,-1
Rv1990c,Rv3310,-1
Rv1990c,Rv3625c,1
Rv1990c,Rv3631,-1
Rv1990c,Rv3632,-1
Rv1990c,Rv3717,-1
Rv1990c,Rv3728,-1
Rv1990c,Rv3737,1
Rv1994c,Rv0069c,-1
Rv1994c,Rv0070c,-1
Rv1994c,Rv0077c,1
Rv1994c,Rv0078,-1
Rv1994c,Rv0140,1
Rv1994c,Rv0188,1
Rv1994c,Rv0262c,1
Rv1994c,Rv0318c,-1
Rv1994c,Rv0319,-1
Rv1994c,Rv0508,-1
Rv1994c,Rv0695,-1
Rv1994c,Rv0918,-1
Rv1994c,Rv0963c,1
Rv1994c,Rv1032c,-1
Rv1994c,Rv1033c,-1
Rv1994c,Rv1319c,-1
Rv1994c,Rv1321,-1
Rv1994c,Rv1322,-1
Rv1994c,Rv1515c,1
Rv1994c,Rv1516c,1
Rv1994c,Rv1682,-1
Rv1994c,Rv1792,-1
Rv1994c,Rv1922,1
Rv1994c,Rv1923,-1
Rv1994c,Rv1985c,-1
Rv1994c,Rv1986,-1
Rv1994c,Rv1987,-1
Rv1994c,Rv1994c,1
Rv1994c,Rv2346c,-1
Rv1994c,Rv2360c,-1
Rv1994c,Rv2361c,-1
Rv1994c,Rv2362c,-1
Rv1994c,Rv2363,-1
Rv1994c,Rv2946c,1
Rv1994c,Rv2949c,-1
Rv1994c,Rv3142c,-1
Rv1994c,Rv3143,1
Rv1994c,Rv3163c,1
Rv1994c,Rv3180c,-1
Rv1994c,Rv3181c,-1
Rv1994c,Rv3269,-1
Rv1994c,Rv3270,-1
Rv1994c,Rv3347c,1
Rv1994c,Rv3426,-1
Rv1994c,Rv3528c,1
Rv1994c,Rv3597c,1
Rv1994c,Rv3598c,1
Rv1994c,Rv3599c,1
Rv1994c,Rv3600c,1
Rv1994c,Rv3601c,1
Rv1994c,Rv3603c,1
Rv1994c,Rv3746c,-1
Rv1994c,Rv3831,-1
Rv1994c,Rv3863,1
Rv2009,Rv2009,1
Rv2009,Rv2010,1
Rv2011c,Rv0016c,-1
Rv2011c,Rv0067c,-1
Rv2011c,Rv0069c,-1
Rv2011c,Rv0070c,-1
Rv2011c,Rv0071,-1
Rv2011c,Rv0158,-1
Rv2011c,Rv0168,-1
Rv2011c,Rv0169,-1
Rv2011c,Rv0170,-1
Rv2011c,Rv0171,-1
Rv2011c,Rv0172,-1
Rv2011c,Rv0173,-1
Rv2011c,Rv0174,-1
Rv2011c,Rv0318c,-1
Rv2011c,Rv0319,-1
Rv2011c,Rv0471c,-1
Rv2011c,Rv0472c,-1
Rv2011c,Rv0473,-1
Rv2011c,Rv0590A,-1
Rv2011c,Rv0594,-1
Rv2011c,Rv0690c,-1
Rv2011c,Rv0691c,-1
Rv2011c,Rv0692,-1
Rv2011c,Rv0693,-1
Rv2011c,Rv0694,-1
Rv2011c,Rv0724,-1
Rv2011c,Rv0734,-1
Rv2011c,Rv0756c,-1
Rv2011c,Rv0757,-1
Rv2011c,Rv0774c,-1
Rv2011c,Rv0981,-1
Rv2011c,Rv0982,-1
Rv2011c,Rv0997,-1
Rv2011c,Rv0999,-1
Rv2011c,Rv1090,-1
Rv2011c,Rv1194c,-1
Rv2011c,Rv1235,1
Rv2011c,Rv1331,-1
Rv2011c,Rv1332,-1
Rv2011c,Rv1333,-1
Rv2011c,Rv1334,-1
Rv2011c,Rv1335,-1
Rv2011c,Rv1336,-1
Rv2011c,Rv1338,-1
Rv2011c,Rv1340,-1
Rv2011c,Rv1391,-1
Rv2011c,Rv1492,-1
Rv2011c,Rv1652,1
Rv2011c,Rv1653,1
Rv2011c,Rv1654,1
Rv2011c,Rv1720c,-1
Rv2011c,Rv1721c,-1
Rv2011c,Rv1844c,-1
Rv2011c,Rv1846c,-1
Rv2011c,Rv1881c,-1
Rv2011c,Rv1882c,-1
Rv2011c,Rv1883c,-1
Rv2011c,Rv1884c,-1
Rv2011c,Rv2011c,1
Rv2011c,Rv2012,-1
Rv2011c,Rv2145c,-1
Rv2011c,Rv2151c,-1
Rv2011c,Rv2152c,-1
Rv2011c,Rv2154c,-1
Rv2011c,Rv2159c,-1
Rv2011c,Rv2287,1
Rv2011c,Rv2289,1
Rv2011c,Rv2347c,1
Rv2011c,Rv2389c,-1
Rv2011c,Rv2390c,-1
Rv2011c,Rv2525c,-1
Rv2011c,Rv2585c,-1
Rv2011c,Rv2586c,-1
Rv2011c,Rv2587c,-1
Rv2011c,Rv2644c,-1
Rv2011c,Rv2746c,-1
Rv2011c,Rv2747,-1
Rv2011c,Rv2946c,1
Rv2011c,Rv2956,-1
Rv2011c,Rv3035,-1
Rv2011c,Rv3058c,-1
Rv2011c,Rv3059,-1
Rv2011c,Rv3075c,-1
Rv2011c,Rv3076,-1
Rv2011c,Rv3077,-1
Rv2011c,Rv3078,-1
Rv2011c,Rv3099c,-1
Rv2011c,Rv3100c,-1
Rv2011c,Rv3231c,-1
Rv2011c,Rv3232c,-1
Rv2011c,Rv3234c,-1
Rv2011c,Rv3288c,-1
Rv2011c,Rv3299c,-1
Rv2011c,Rv3300c,-1
Rv2011c,Rv3310,-1
Rv2011c,Rv3355c,1
Rv2011c,Rv3358,1
Rv2011c,Rv3436c,-1
Rv2011c,Rv3437,-1
Rv2011c,Rv3463,-1
Rv2011c,Rv3476c,-1
Rv2011c,Rv3534c,1
Rv2011c,Rv3535c,1
Rv2011c,Rv3536c,1
Rv2011c,Rv3566A,-1
Rv2011c,Rv3566c,-1
Rv2011c,Rv3598c,1
Rv2011c,Rv3599c,-1
Rv2011c,Rv3600c,-1
Rv2011c,Rv3601c,-1
Rv2011c,Rv3681c,-1
Rv2011c,Rv3684,-1
Rv2011c,Rv3746c,1
Rv2011c,Rv3761c,1
Rv2011c,Rv3842c,-1
Rv2011c,Rv3843c,-1
Rv2011c,Rv3875,1
Rv2017,Rv2016,-1
Rv2017,Rv2017,1
Rv2021c,Rv1996,-1
Rv2021c,Rv3026c,1
Rv2021c,Rv3027c,1
Rv2021c,Rv3641c,1
Rv2034,Rv0001,-1
Rv2034,Rv0030,-1
Rv2034,Rv0031,-1
Rv2034,Rv0078,-1
Rv2034,Rv0133,-1
Rv2034,Rv0179c,1
Rv2034,Rv0202c,-1
Rv2034,Rv0356c,-1
Rv2034,Rv0357c,-1
Rv2034,Rv0407,-1
Rv2034,Rv0408,-1
Rv2034,Rv0415,-1
Rv2034,Rv0441c,1
Rv2034,Rv0443,-1
Rv2034,Rv0481c,-1
Rv2034,Rv0482,-1
Rv2034,Rv0505c,-1
Rv2034,Rv0506,-1
Rv2034,Rv0537c,-1
Rv2034,Rv0538,-1
Rv2034,Rv0558,-1
Rv2034,Rv0576,-1
Rv2034,Rv0577,-1
Rv2034,Rv0735,1
Rv2034,Rv0827c,-1
Rv2034,Rv0874c,1
Rv2034,Rv0895,-1
Rv2034,Rv0949,-1
Rv2034,Rv1000c,1
Rv2034,Rv1001,-1
Rv2034,Rv1138c,-1
Rv2034,Rv1139c,-1
Rv2034,Rv1162,1
Rv2034,Rv1163,1
Rv2034,Rv1164,1
Rv2034,Rv1192,-1
Rv2034,Rv1193,-1
Rv2034,Rv1251c,1
Rv2034,Rv1331,1
Rv2034,Rv1332,1
Rv2034,Rv1333,1
Rv2034,Rv1334,1
Rv2034,Rv1335,1
Rv2034,Rv1336,1
Rv2034,Rv1338,1
Rv2034,Rv1519,-1
Rv2034,Rv1572c,-1
Rv2034,Rv1624c,1
Rv2034,Rv1625c,1
Rv2034,Rv1720c,1
Rv2034,Rv1721c,1
Rv2034,Rv1812c,-1
Rv2034,Rv1816,1
Rv2034,Rv1817,1
Rv2034,Rv1901,-1
Rv2034,Rv1922,1
Rv2034,Rv1961,1
Rv2034,Rv2034,1
Rv2034,Rv2035,-1
Rv2034,Rv2036,-1
Rv2034,Rv2133c,1
Rv2034,Rv2188c,1
Rv2034,Rv2307A,1
Rv2034,Rv2347c,-1
Rv2034,Rv2349c,-1
Rv2034,Rv2364c,1
Rv2034,Rv2431c,1
Rv2034,Rv2432c,1
Rv2034,Rv2505c,-1
Rv2034,Rv2506,-1
Rv2034,Rv2532c,1
Rv2034,Rv2619c,-1
Rv2034,Rv2620c,-1
Rv2034,Rv2621c,-1
Rv2034,Rv2622,-1
Rv2034,Rv2650c,1
Rv2034,Rv2651c,1
Rv2034,Rv2663,-1
Rv2034,Rv2664,-1
Rv2034,Rv2704,1
Rv2034,Rv2779c,1
Rv2034,Rv2905,-1
Rv2034,Rv2907c,1
Rv2034,Rv2931,1
Rv2034,Rv2932,1
Rv2034,Rv2933,1
Rv2034,Rv2934,1
Rv2034,Rv2935,1
Rv2034,Rv3030,-1
Rv2034,Rv3031,-1
Rv2034,Rv3032,-1
Rv2034,Rv3108,1
Rv2034,Rv3109,1
Rv2034,Rv3132c,1
Rv2034,Rv3133c,1
Rv2034,Rv3161c,1
Rv2034,Rv3229c,1
Rv2034,Rv3233c,-1
Rv2034,Rv3234c,-1
Rv2034,Rv3299c,-1
Rv2034,Rv3300c,-1
Rv2034,Rv3301c,-1
Rv2034,Rv3396c,1
Rv2034,Rv3397c,1
Rv2034,Rv3398c,1
Rv2034,Rv3478,-1
Rv2034,Rv3488,1
Rv2034,Rv3529c,-1
Rv2034,Rv3530c,-1
Rv2034,Rv3531c,-1
Rv2034,Rv3545c,-1
Rv2034,Rv3581c,-1
Rv2034,Rv3582c,-1
Rv2034,Rv3583c,-1
Rv2034,Rv3660c,1
Rv2034,Rv3714c,1
Rv2034,Rv3728,1
Rv2034,Rv3804c,-1
Rv2034,Rv3838c,-1
Rv2034,Rv3839,-1
Rv2034,Rv3917c,-1
Rv2034,Rv3918c,-1
Rv2034,Rv3919c,-1
Rv2034,Rv3921c,-1
Rv2034,Rv3922c,-1
Rv2034,Rv3923c,-1
Rv2034,Rv3924c,-1
Rv2069,Rv0096,1
Rv2069,Rv0097,1
Rv2069,Rv0098,1
Rv2069,Rv0099,1
Rv2069,Rv0100,1
Rv2069,Rv0101,1
Rv2069,Rv0103c,1
Rv2069,Rv0172,1
Rv2069,Rv0173,1
Rv2069,Rv0175,1
Rv2069,Rv2107,-1
Rv2250c,Rv0049,-1
Rv2250c,Rv0063,-1
Rv2250c,Rv0137c,-1
Rv2250c,Rv0138,-1
Rv2250c,Rv0139,-1
Rv2250c,Rv0196,-1
Rv2250c,Rv0197,-1
Rv2250c,Rv0205,-1
Rv2250c,Rv0221,-1
Rv2250c,Rv0222,-1
Rv2250c,Rv0241c,-1
Rv2250c,Rv0252,-1
Rv2250c,Rv0253,-1
Rv2250c,Rv0262c,-1
Rv2250c,Rv0263c,-1
Rv2250c,Rv0264c,-1
Rv2250c,Rv0318c,-1
Rv2250c,Rv0319,-1
Rv2250c,Rv0365c,-1
Rv2250c,Rv0366c,-1
Rv2250c,Rv0367c,-1
Rv2250c,Rv0450c,-1
Rv2250c,Rv0478,1
Rv2250c,Rv0520,-1
Rv2250c,Rv0537c,-1
Rv2250c,Rv0586,-1
Rv2250c,Rv0590A,-1
Rv2250c,Rv0594,-1
Rv2250c,Rv0672,-1
Rv2250c,Rv0673,-1
Rv2250c,Rv0674,-1
Rv2250c,Rv0687,-1
Rv2250c,Rv0688,-1
Rv2250c,Rv0756c,1
Rv2250c,Rv0757,-1
Rv2250c,Rv0842,-1
Rv2250c,Rv0877,-1
Rv2250c,Rv0913c,-1
Rv2250c,Rv0938,-1
Rv2250c,Rv1046c,-1
Rv2250c,Rv1047,1
Rv2250c,Rv1145,-1
Rv2250c,Rv1146,-1
Rv2250c,Rv1157c,-1
Rv2250c,Rv1158c,-1
Rv2250c,Rv1166,-1
Rv2250c,Rv1546,-1
Rv2250c,Rv1561,-1
Rv2250c,Rv1747,-1
Rv2250c,Rv1806,-1
Rv2250c,Rv1807,-1
Rv2250c,Rv1843c,1
Rv2250c,Rv1846c,1
Rv2250c,Rv1868,-1
Rv2250c,Rv1878,-1
Rv2250c,Rv1948c,-1
Rv2250c,Rv1950c,-1
Rv2250c,Rv2031c,1
Rv2250c,Rv2114,1
Rv2250c,Rv2140c,-1
Rv2250c,Rv2250A,-1
Rv2250c,Rv2250c,1
Rv2250c,Rv2347c,1
Rv2250c,Rv2358,-1
Rv2250c,Rv2359,-1
Rv2250c,Rv2390c,-1
Rv2250c,Rv2502c,1
Rv2250c,Rv2503c,1
Rv2250c,Rv2504c,1
Rv2250c,Rv2531c,-1
Rv2250c,Rv2535c,-1
Rv2250c,Rv2641,-1
Rv2250c,Rv2657c,1
Rv2250c,Rv2666,1
Rv2250c,Rv2737c,-1
Rv2250c,Rv2749,-1
Rv2250c,Rv2750,-1
Rv2250c,Rv2751,-1
Rv2250c,Rv2905,-1
Rv2250c,Rv3053c,1
Rv2250c,Rv3100c,-1
Rv2250c,Rv3101c,-1
Rv2250c,Rv3102c,-1
Rv2250c,Rv3115,1
Rv2250c,Rv3116,-1
Rv2250c,Rv3143,1
Rv2250c,Rv3267,-1
Rv2250c,Rv3268,-1
Rv2250c,Rv3330,-1
Rv2250c,Rv3382c,-1
Rv2250c,Rv3383c,-1
Rv2250c,Rv3409c,1
Rv2250c,Rv3526,-1
Rv2250c,Rv3527,-1
Rv2250c,Rv3577,-1
Rv2250c,Rv3631,-1
Rv2250c,Rv3632,-1
Rv2250c,Rv3660c,-1
Rv2250c,Rv3681c,-1
Rv2250c,Rv3710,-1
Rv2250c,Rv3711c,-1
Rv2250c,Rv3762c,1
Rv2250c,Rv3854c,-1
Rv2250c,Rv3855,-1
Rv2250c,Rv3893c,-1
Rv2250c,Rv3924c,1
Rv2282c,Rv2282c,1
Rv2324,Rv0001,-1
Rv2324,Rv0069c,-1
Rv2324,Rv0070c,-1
Rv2324,Rv0153c,-1
Rv2324,Rv0154c,-1
Rv2324,Rv0568,-1
Rv2324,Rv0838,-1
Rv2324,Rv0981,-1
Rv2324,Rv0997,-1
Rv2324,Rv1161,-1
Rv2324,Rv1162,-1
Rv2324,Rv1246c,-1
Rv2324,Rv1305,1
Rv2324,Rv1339,-1
Rv2324,Rv1646,-1
Rv2324,Rv1832,-1
Rv2324,Rv2080,-1
Rv2324,Rv2162c,-1
Rv2324,Rv2311,-1
Rv2324,Rv2312,-1
Rv2324,Rv2319c,-1
Rv2324,Rv2320c,-1
Rv2324,Rv2321c,-1
Rv2324,Rv2322c,-1
Rv2324,Rv2323c,-1
Rv2324,Rv2458,1
Rv2324,Rv2485c,-1
Rv2324,Rv2526,-1
Rv2324,Rv2545,-1
Rv2324,Rv2557,-1
Rv2324,Rv2598,-1
Rv2324,Rv2645,-1
Rv2324,Rv2646,-1
Rv2324,Rv2797c,-1
Rv2324,Rv2798c,-1
Rv2324,Rv2803,-1
Rv2324,Rv3013,-1
Rv2324,Rv3014c,-1
Rv2324,Rv3033,-1
Rv2324,Rv3064c,-1
Rv2324,Rv3066,-1
Rv2324,Rv3144c,-1
Rv2324,Rv3238c,-1
Rv2324,Rv3241c,-1
Rv2324,Rv3246c,-1
Rv2324,Rv3390,-1
Rv2324,Rv3413c,1
Rv2324,Rv3414c,1
Rv2324,Rv3558,-1
Rv2324,Rv3740c,-1
Rv2324,Rv3741c,-1
Rv2324,Rv3742c,-1
Rv2359,Rv0106,-1
Rv2359,Rv0280,-1
Rv2359,Rv0282,-1
Rv2359,Rv1117,-1
Rv2359,Rv1386,-1
Rv2359,Rv1387,-1
Rv2359,Rv2055c,-1
Rv2359,Rv2056c,-1
Rv2359,Rv2057c,-1
Rv2359,Rv2058c,-1
Rv2359,Rv2059,-1
Rv2359,Rv2990c,-1
Rv2374c,Rv0168,1
Rv2374c,Rv0991c,1
Rv2374c,Rv1180,1
Rv2374c,Rv3418c,1
Rv2488c,Rv1218c,-1
Rv2506,Rv2498c,-1
Rv2506,Rv2499c,-1
Rv2506,Rv2500c,-1
Rv2506,Rv2501c,-1
Rv2506,Rv2502c,-1
Rv2506,Rv2503c,-1
Rv2506,Rv2504c,-1
Rv2506,Rv2505c,-1
Rv2506,Rv2506,1
Rv2506,Rv3160c,-1
Rv2506,Rv3161c,-1
Rv2595,Rv2595,1
Rv2595,Rv2596,1
Rv2642,Rv0309,1
Rv2642,Rv3140,-1
Rv2642,Rv3599c,-1
Rv2745c,Rv2028c,-1
Rv2745c,Rv2029c,-1
Rv2745c,Rv2030c,-1
Rv2745c,Rv2032,-1
Rv2760c,Rv2757c,1
Rv2760c,Rv2758c,1
Rv2760c,Rv2759c,1
Rv2760c,Rv2760c,1
Rv2779c,Rv2779c,1
Rv2779c,Rv2780,1
Rv2788,Rv0115,-1
Rv2788,Rv1981c,-1
Rv2788,Rv3848,1
Rv2827c,Rv0757,-1
Rv2827c,Rv2826c,-1
Rv2827c,Rv2827c,1
Rv2887,Rv0722,-1
Rv2887,Rv0824c,1
Rv2887,Rv1129c,-1
Rv2887,Rv1205,-1
Rv2887,Rv1562c,-1
Rv2887,Rv1563c,-1
Rv2887,Rv1564c,-1
Rv2887,Rv1565c,-1
Rv2887,Rv1963c,-1
Rv2887,Rv1983,-1
Rv2887,Rv2107,-1
Rv2887,Rv2108,-1
Rv2887,Rv2307B,-1
Rv2887,Rv2338c,-1
Rv2887,Rv2347c,1
Rv2887,Rv2543,1
Rv2887,Rv2545,-1
Rv2887,Rv2885c,-1
Rv2887,Rv2886c,-1
Rv2887,Rv2887,1
Rv2887,Rv2964,-1
Rv2887,Rv3033,-1
Rv2887,Rv3110,-1
Rv2887,Rv3111,-1
Rv2887,Rv3112,-1
Rv2887,Rv3127,-1
Rv2887,Rv3163c,-1
Rv2887,Rv3164c,-1
Rv2887,Rv3165c,-1
Rv2887,Rv3166c,-1
Rv2887,Rv3425,-1
Rv2887,Rv3478,1
Rv2887,Rv3661,-1
Rv2887,Rv3763,-1
Rv2912c,Rv2912c,1
Rv2912c,Rv2913c,-1
Rv2989,Rv0211,-1
Rv2989,Rv0304c,1
Rv2989,Rv0350,-1
Rv2989,Rv0351,-1
Rv2989,Rv0352,-1
Rv2989,Rv0355c,1
Rv2989,Rv0488,1
Rv2989,Rv0653c,-1
Rv2989,Rv0961,-1
Rv2989,Rv1354c,1
Rv2989,Rv1355c,1
Rv2989,Rv1356c,1
Rv2989,Rv1909c,1
Rv2989,Rv1986,1
Rv2989,Rv2107,1
Rv2989,Rv2336,1
Rv2989,Rv2368c,1
Rv2989,Rv2780,1
Rv2989,Rv2987c,-1
Rv2989,Rv2988c,-1
Rv2989,Rv2989,1
Rv2989,Rv3302c,-1
Rv2989,Rv3303c,-1
Rv2989,Rv3304,-1
Rv2989,Rv3548c,1
Rv2989,Rv3549c,1
Rv3050c,Rv0113,-1
Rv3050c,Rv0114,-1
Rv3050c,Rv0115,-1
Rv3050c,Rv0885,-1
Rv3050c,Rv0886,-1
Rv3050c,Rv3049c,-1
Rv3050c,Rv3888c,-1
Rv3058c,Rv0835,1
Rv3066,Rv3065,-1
Rv3066,Rv3066,1
Rv3066,Rv3110,-1
Rv3066,Rv3142c,-1
Rv3066,Rv3143,-1
Rv3082c,Rv3082c,1
Rv3082c,Rv3083,-1
Rv3082c,Rv3084,-1
Rv3082c,Rv3085,-1
Rv3082c,Rv3086,-1
Rv3082c,Rv3087,-1
Rv3082c,Rv3088,-1
Rv3082c,Rv3089,-1
Rv3095,Rv3093c,-1
Rv3095,Rv3094c,-1
Rv3095,Rv3095,1
Rv3124,Rv0167,1
Rv3124,Rv0168,1
Rv3124,Rv0170,1
Rv3133c,Rv0011c,-1
Rv3133c,Rv0042c,-1
Rv3133c,Rv0079,1
Rv3133c,Rv0080,1
Rv3133c,Rv0107c,1
Rv3133c,Rv0116c,-1
Rv3133c,Rv0158,-1
Rv3133c,Rv0252,-1
Rv3133c,Rv0253,-1
Rv3133c,Rv0289,1
Rv3133c,Rv0318c,1
Rv3133c,Rv0319,1
Rv3133c,Rv0404,-1
Rv3133c,Rv0456A,-1
Rv3133c,Rv0456c,1
Rv3133c,Rv0566c,1
Rv3133c,Rv0569,1
Rv3133c,Rv0570,1
Rv3133c,Rv0571c,1
Rv3133c,Rv0572c,1
Rv3133c,Rv0609A,-1
Rv3133c,Rv0634A,-1
Rv3133c,Rv0880,-1
Rv3133c,Rv1036c,-1
Rv3133c,Rv1065,-1
Rv3133c,Rv1129c,1
Rv3133c,Rv1130,1
Rv3133c,Rv1131,1
Rv3133c,Rv1132,1
Rv3133c,Rv1168c,-1
Rv3133c,Rv1169c,-1
Rv3133c,Rv1170,-1
Rv3133c,Rv1331,-1
Rv3133c,Rv1332,-1
Rv3133c,Rv1339,-1
Rv3133c,Rv1523,-1
Rv3133c,Rv1541c,1
Rv3133c,Rv1572c,1
Rv3133c,Rv1651c,1
Rv3133c,Rv1652,1
Rv3133c,Rv1653,1
Rv3133c,Rv1654,1
Rv3133c,Rv1655,1
Rv3133c,Rv1656,1
Rv3133c,Rv1657,1
Rv3133c,Rv1658,1
Rv3133c,Rv1734c,1
Rv3133c,Rv1738,1
Rv3133c,Rv1791,1
Rv3133c,Rv1818c,1
Rv3133c,Rv1952,-1
Rv3133c,Rv1954c,1
Rv3133c,Rv1996,1
Rv3133c,Rv1997,1
Rv3133c,Rv2004c,1
Rv3133c,Rv2005c,1
Rv3133c,Rv2006,1
Rv3133c,Rv2007c,1
Rv3133c,Rv2023c,-1
Rv3133c,Rv2028c,1
Rv3133c,Rv2029c,1
Rv3133c,Rv2030c,1
Rv3133c,Rv2031c,1
Rv3133c,Rv2032,1
Rv3133c,Rv2035,1
Rv3133c,Rv2036,1
Rv3133c,Rv2037c,1
Rv3133c,Rv2286c,1
Rv3133c,Rv2301,1
Rv3133c,Rv2307A,-1
Rv3133c,Rv2336,-1
Rv3133c,Rv2366c,-1
Rv3133c,Rv2367c,-1
Rv3133c,Rv2368c,-1
Rv3133c,Rv2369c,-1
Rv3133c,Rv2418c,-1
Rv3133c,Rv2420c,-1
Rv3133c,Rv2421c,-1
Rv3133c,Rv2591,1
Rv3133c,Rv2619c,1
Rv3133c,Rv2622,1
Rv3133c,Rv2623,1
Rv3133c,Rv2626c,1
Rv3133c,Rv2628,1
Rv3133c,Rv2629,1
Rv3133c,Rv2630,1
Rv3133c,Rv2634c,1
Rv3133c,Rv2636,-1
Rv3133c,Rv2708c,-1
Rv3133c,Rv2709,-1
Rv3133c,Rv2779c,-1
Rv3133c,Rv2780,-1
Rv3133c,Rv2816c,1
Rv3133c,Rv2818c,1
Rv3133c,Rv2907c,1
Rv3133c,Rv2908c,1
Rv3133c,Rv2923c,1
Rv3133c,Rv2965c,-1
Rv3133c,Rv3084,1
Rv3133c,Rv3087,1
Rv3133c,Rv3088,1
Rv3133c,Rv3089,1
Rv3133c,Rv3116,1
Rv3133c,Rv3119,1
Rv3133c,Rv3120,1
Rv3133c,Rv3125c,1
Rv3133c,Rv3126c,1
Rv3133c,Rv3127,1
Rv3133c,Rv3130c,1
Rv3133c,Rv3131,1
Rv3133c,Rv3132c,1
Rv3133c,Rv3133c,1
Rv3133c,Rv3134c,1
Rv3133c,Rv3136,1
Rv3133c,Rv3179,1
Rv3133c,Rv3354,-1
Rv3133c,Rv3385c,-1
Rv3133c,Rv3386,-1
Rv3133c,Rv3387,1
Rv3133c,Rv3500c,1
Rv3133c,Rv3545c,1
Rv3133c,Rv3546,1
Rv3133c,Rv3736,1
Rv3133c,Rv3740c,-1
Rv3133c,Rv3742c,-1
Rv3133c,Rv3859c,1
Rv3133c,Rv3916c,-1
Rv3160c,Rv3160c,1
Rv3160c,Rv3161c,-1
Rv3164c,Rv3163c,1
Rv3164c,Rv3164c,1
Rv3164c,Rv3165c,1
Rv3164c,Rv3166c,1
Rv3167c,Rv0168,1
Rv3167c,Rv0171,1
Rv3167c,Rv0172,1
Rv3167c,Rv0173,1
Rv3167c,Rv1895,-1
Rv3167c,Rv2338c,1
Rv3173c,Rv0320,-1
Rv3173c,Rv3173c,1
Rv3173c,Rv3176c,-1
Rv3183,Rv3182,-1
Rv3183,Rv3183,1
Rv3219,Rv1374c,1
Rv3219,Rv1398c,1
Rv3219,Rv2274c,1
Rv3219,Rv2275,1
Rv3219,Rv2276,1
Rv3223c,Rv0053,-1
Rv3223c,Rv1470,1
Rv3223c,Rv1471,1
Rv3223c,Rv1472,1
Rv3223c,Rv1473,1
Rv3223c,Rv1528c,1
Rv3223c,Rv1874,1
Rv3223c,Rv1875,1
Rv3223c,Rv2204c,1
Rv3223c,Rv2466c,1
Rv3223c,Rv2467,1
Rv3223c,Rv2705c,1
Rv3223c,Rv2706c,1
Rv3223c,Rv2707,1
Rv3223c,Rv3205c,1
Rv3223c,Rv3206c,1
Rv3223c,Rv3222c,1
Rv3223c,Rv3223c,1
Rv3223c,Rv3224B,-1
Rv3223c,Rv3350c,1
Rv3223c,Rv3913,1
Rv3223c,Rv3914,1
Rv3246c,Rv0040c,1
Rv3246c,Rv0114,-1
Rv3246c,Rv0115,-1
Rv3246c,Rv0130,1
Rv3246c,Rv0207c,1
Rv3246c,Rv0208c,1
Rv3246c,Rv0252,1
Rv3246c,Rv0253,1
Rv3246c,Rv0309,1
Rv3246c,Rv0320,1
Rv3246c,Rv0653c,1
Rv3246c,Rv1116,1
Rv3246c,Rv1158c,1
Rv3246c,Rv1169c,-1
Rv3246c,Rv1433,1
Rv3246c,Rv1434,1
Rv3246c,Rv1469,1
Rv3246c,Rv1690,1
Rv3246c,Rv1754c,1
Rv3246c,Rv1772,1
Rv3246c,Rv1882c,-1
Rv3246c,Rv1886c,1
Rv3246c,Rv1987,1
Rv3246c,Rv2293c,1
Rv3246c,Rv2757c,-1
Rv3246c,Rv2864c,1
Rv3246c,Rv3159c,1
Rv3246c,Rv3241c,1
Rv3246c,Rv3246c,1
Rv3246c,Rv3354,1
Rv3246c,Rv3581c,-1
Rv3246c,Rv3675,1
Rv3246c,Rv3717,-1
Rv3249c,Rv0032,1
Rv3249c,Rv0033,1
Rv3249c,Rv0034,1
Rv3249c,Rv0035,1
Rv3249c,Rv0095c,1
Rv3249c,Rv0096,1
Rv3249c,Rv0097,1
Rv3249c,Rv0098,1
Rv3249c,Rv0099,1
Rv3249c,Rv0100,1
Rv3249c,Rv0101,1
Rv3249c,Rv0347,1
Rv3249c,Rv0404,1
Rv3249c,Rv0405,1
Rv3249c,Rv0454,1
Rv3249c,Rv0512,-1
Rv3249c,Rv0634c,-1
Rv3249c,Rv0839,-1
Rv3249c,Rv1117,1
Rv3249c,Rv1129c,-1
Rv3249c,Rv1130,1
Rv3249c,Rv1131,1
Rv3249c,Rv1159,-1
Rv3249c,Rv1305,1
Rv3249c,Rv1333,-1
Rv3249c,Rv1334,-1
Rv3249c,Rv1335,-1
Rv3249c,Rv1336,-1
Rv3249c,Rv1338,-1
Rv3249c,Rv1503c,-1
Rv3249c,Rv1504c,-1
Rv3249c,Rv1505c,-1
Rv3249c,Rv1562c,-1
Rv3249c,Rv1563c,-1
Rv3249c,Rv1564c,-1
Rv3249c,Rv1565c,-1
Rv3249c,Rv1646,1
Rv3249c,Rv1753c,1
Rv3249c,Rv2107,1
Rv3249c,Rv2108,1
Rv3249c,Rv2365c,-1
Rv3249c,Rv2470,-1
Rv3249c,Rv2471,-1
Rv3249c,Rv2574,-1
Rv3249c,Rv2575,-1
Rv3249c,Rv2887,-1
Rv3249c,Rv3006,-1
Rv3249c,Rv3066,-1
Rv3249c,Rv3073c,-1
Rv3249c,Rv3127,-1
Rv3249c,Rv3249c,1
Rv3249c,Rv3250c,-1
Rv3249c,Rv3251c,-1
Rv3249c,Rv3252c,-1
Rv3249c,Rv3322c,-1
Rv3249c,Rv3323c,-1
Rv3249c,Rv3347c,1
Rv3249c,Rv3409c,1
Rv3249c,Rv3439c,-1
Rv3249c,Rv3494c,-1
Rv3249c,Rv3554,1
Rv3249c,Rv3660c,-1
Rv3249c,Rv3855,-1
Rv3260c,Rv1582c,1
Rv3260c,Rv1583c,1
Rv3260c,Rv1584c,1
Rv3260c,Rv2137c,1
Rv3260c,Rv2147c,1
Rv3260c,Rv2148c,1
Rv3260c,Rv2149c,1
Rv3260c,Rv2150c,1
Rv3260c,Rv2331,1
Rv3260c,Rv2331A,1
Rv3260c,Rv2332,1
Rv3260c,Rv2770c,1
Rv3260c,Rv2905,1
Rv3260c,Rv3587c,1
Rv3260c,Rv3909,1
Rv3260c,Rv3912,1
Rv3286c,Rv0212c,1
Rv3286c,Rv0213c,1
Rv3286c,Rv0759c,1
Rv3286c,Rv0941c,1
Rv3286c,Rv2107,1
Rv3286c,Rv2884,1
Rv3286c,Rv3286c,1
Rv3286c,Rv3287c,1
Rv3286c,Rv3760,1
Rv3291c,Rv1116,1
Rv3291c,Rv1572c,1
Rv3291c,Rv1573,1
Rv3291c,Rv1585c,1
Rv3291c,Rv1586c,1
Rv3291c,Rv1963c,1
Rv3291c,Rv2779c,1
Rv3291c,Rv3288c,1
Rv3291c,Rv3289c,1
Rv3291c,Rv3290c,1
Rv3405c,Rv0404,1
Rv3405c,Rv0405,1
Rv3405c,Rv1116,-1
Rv3405c,Rv3405c,1
Rv3405c,Rv3406,-1
Rv3405c,Rv3616c,1
Rv3414c,Rv3413c,1
Rv3414c,Rv3414c,1
Rv3416,Rv0167,-1
Rv3416,Rv0168,-1
Rv3416,Rv0169,-1
Rv3416,Rv0170,-1
Rv3416,Rv0171,-1
Rv3416,Rv0172,-1
Rv3416,Rv0173,-1
Rv3416,Rv0174,-1
Rv3416,Rv0218,-1
Rv3416,Rv0219,1
Rv3416,Rv0220,-1
Rv3416,Rv0950c,1
Rv3416,Rv2135c,1
Rv3416,Rv2136c,1
Rv3416,Rv2137c,1
Rv3416,Rv3685c,1
Rv3417c,Rv3417c,1
Rv3488,Rv0047c,1
Rv3488,Rv0153c,-1
Rv3488,Rv0154c,-1
Rv3488,Rv0301,-1
Rv3488,Rv0478,-1
Rv3488,Rv0578c,1
Rv3488,Rv0667,-1
Rv3488,Rv0729,-1
Rv3488,Rv0989c,1
Rv3488,Rv1192,1
Rv3488,Rv1907c,1
Rv3488,Rv1908c,1
Rv3488,Rv1909c,1
Rv3488,Rv1952,-1
Rv3488,Rv1953,-1
Rv3488,Rv1999c,-1
Rv3488,Rv2000,1
Rv3488,Rv2001,1
Rv3488,Rv2056c,-1
Rv3488,Rv2058c,-1
Rv3488,Rv2059,-1
Rv3488,Rv2060,-1
Rv3488,Rv2187,-1
Rv3488,Rv2343c,-1
Rv3488,Rv2567,-1
Rv3488,Rv2719c,1
Rv3488,Rv2779c,-1
Rv3488,Rv2983,1
Rv3488,Rv3019c,-1
Rv3488,Rv3250c,1
Rv3488,Rv3251c,1
Rv3488,Rv3252c,1
Rv3488,Rv3269,1
Rv3488,Rv3270,1
Rv3488,Rv3461c,-1
Rv3488,Rv3486,-1
Rv3488,Rv3488,1
Rv3557c,Rv0321,1
Rv3557c,Rv0793,1
Rv3557c,Rv1572c,-1
Rv3557c,Rv2550c,-1
Rv3557c,Rv3548c,-1
Rv3557c,Rv3549c,-1
Rv3557c,Rv3550,-1
Rv3557c,Rv3551,-1
Rv3557c,Rv3552,-1
Rv3557c,Rv3559c,-1
Rv3557c,Rv3560c,-1
Rv3557c,Rv3561,-1
Rv3557c,Rv3562,-1
Rv3557c,Rv3563,-1
Rv3557c,Rv3564,-1
Rv3557c,Rv3565,-1
Rv3574,Rv0158,-1
Rv3574,Rv0167,1
Rv3574,Rv0170,1
Rv3574,Rv0171,1
Rv3574,Rv0218,1
Rv3574,Rv0219,1
Rv3574,Rv0257,-1
Rv3574,Rv0404,-1
Rv3574,Rv0405,-1
Rv3574,Rv0456A,-1
Rv3574,Rv0498,-1
Rv3574,Rv0512,-1
Rv3574,Rv0513,-1
Rv3574,Rv0514,-1
Rv3574,Rv0551c,-1
Rv3574,Rv0552,-1
Rv3574,Rv0553,-1
Rv3574,Rv0666,1
Rv3574,Rv0687,-1
Rv3574,Rv0749A,-1
Rv3574,Rv0770,1
Rv3574,Rv0771,1
Rv3574,Rv0772,-1
Rv3574,Rv0892,-1
Rv3574,Rv0916c,-1
Rv3574,Rv0937c,-1
Rv3574,Rv0940c,-1
Rv3574,Rv0953c,-1
Rv3574,Rv0956,-1
Rv3574,Rv0957,-1
Rv3574,Rv1116,-1
Rv3574,Rv1159,-1
Rv3574,Rv1161,-1
Rv3574,Rv1162,-1
Rv3574,Rv1163,-1
Rv3574,Rv1164,-1
Rv3574,Rv1165,-1
Rv3574,Rv1204c,-1
Rv3574,Rv1205,-1
Rv3574,Rv1234,-1
Rv3574,Rv1235,-1
Rv3574,Rv1236,-1
Rv3574,Rv1237,-1
Rv3574,Rv1238,-1
Rv3574,Rv1331,-1
Rv3574,Rv1338,-1
Rv3574,Rv1339,-1
Rv3574,Rv1341,-1
Rv3574,Rv1344,1
Rv3574,Rv1346,1
Rv3574,Rv1353c,-1
Rv3574,Rv1374c,-1
Rv3574,Rv1383,1
Rv3574,Rv1384,1
Rv3574,Rv1474c,-1
Rv3574,Rv1482c,1
Rv3574,Rv1503c,-1
Rv3574,Rv1526c,-1
Rv3574,Rv1527c,-1
Rv3574,Rv1587c,1
Rv3574,Rv1627c,-1
Rv3574,Rv1628c,-1
Rv3574,Rv1629,-1
Rv3574,Rv1791,-1
Rv3574,Rv1822,-1
Rv3574,Rv1823,-1
Rv3574,Rv1824,-1
Rv3574,Rv1894c,-1
Rv3574,Rv1912c,-1
Rv3574,Rv1913,-1
Rv3574,Rv1956,1
Rv3574,Rv1957,1
Rv3574,Rv1959c,-1
Rv3574,Rv1960c,-1
Rv3574,Rv2107,-1
Rv3574,Rv2118c,-1
Rv3574,Rv2222c,-1
Rv3574,Rv2556c,-1
Rv3574,Rv2562,-1
Rv3574,Rv2563,-1
Rv3574,Rv2565,-1
Rv3574,Rv2577,1
Rv3574,Rv2799,-1
Rv3574,Rv2800,-1
Rv3574,Rv2837c,-1
Rv3574,Rv3110,1
Rv3574,Rv3348,-1
Rv3574,Rv3371,-1
Rv3574,Rv3476c,1
Rv3574,Rv3485c,-1
Rv3574,Rv3504,-1
Rv3574,Rv3515c,-1
Rv3574,Rv3516,-1
Rv3574,Rv3521,-1
Rv3574,Rv3522,-1
Rv3574,Rv3523,-1
Rv3574,Rv3526,-1
Rv3574,Rv3527,-1
Rv3574,Rv3528c,-1
Rv3574,Rv3529c,-1
Rv3574,Rv3530c,-1
Rv3574,Rv3531c,-1
Rv3574,Rv3534c,-1
Rv3574,Rv3535c,-1
Rv3574,Rv3536c,-1
Rv3574,Rv3537,-1
Rv3574,Rv3538,-1
Rv3574,Rv3546,-1
Rv3574,Rv3566c,-1
Rv3574,Rv3567c,-1
Rv3574,Rv3568c,-1
Rv3574,Rv3569c,-1
Rv3574,Rv3570c,-1
Rv3574,Rv3574,1
Rv3574,Rv3631,-1
Rv3574,Rv3632,-1
Rv3574,Rv3691,1
Rv3574,Rv3742c,1
Rv3574,Rv3779,1
Rv3574,Rv3807c,-1
Rv3574,Rv3839,1
Rv3574,Rv3844,-1
Rv3574,Rv3882c,-1
Rv3574,Rv3883c,-1
Rv3597c,Rv0023,1
Rv3597c,Rv0108c,-1
Rv3597c,Rv0171,-1
Rv3597c,Rv0188,1
Rv3597c,Rv0194,1
Rv3597c,Rv0229c,-1
Rv3597c,Rv0240,-1
Rv3597c,Rv0244c,1
Rv3597c,Rv0280,-1
Rv3597c,Rv0319,1
Rv3597c,Rv0320,-1
Rv3597c,Rv0324,1
Rv3597c,Rv0326,1
Rv3597c,Rv0328,1
Rv3597c,Rv0654,1
Rv3597c,Rv0717,1
Rv3597c,Rv0726c,-1
Rv3597c,Rv0791c,1
Rv3597c,Rv0947c,-1
Rv3597c,Rv1033c,-1
Rv3597c,Rv1116,1
Rv3597c,Rv1130,1
Rv3597c,Rv1131,1
Rv3597c,Rv1169c,-1
Rv3597c,Rv1255c,1
Rv3597c,Rv1286,1
Rv3597c,Rv1374c,-1
Rv3597c,Rv1435c,-1
Rv3597c,Rv1497,-1
Rv3597c,Rv1646,-1
Rv3597c,Rv1665,1
Rv3597c,Rv1673c,1
Rv3597c,Rv1819c,1
Rv3597c,Rv1820,1
Rv3597c,Rv1953,-1
Rv3597c,Rv1954c,-1
Rv3597c,Rv2058c,-1
Rv3597c,Rv2107,1
Rv3597c,Rv2132,1
Rv3597c,Rv2292c,1
Rv3597c,Rv2293c,-1
Rv3597c,Rv2452c,-1
Rv3597c,Rv2516c,1
Rv3597c,Rv2550c,1
Rv3597c,Rv2607,1
Rv3597c,Rv2633c,-1
Rv3597c,Rv2722,-1
Rv3597c,Rv2780,-1
Rv3597c,Rv2826c,1
Rv3597c,Rv2827c,1
Rv3597c,Rv3017c,1
Rv3597c,Rv3019c,-1
Rv3597c,Rv3020c,-1
Rv3597c,Rv3110,1
Rv3597c,Rv3111,1
Rv3597c,Rv3112,1
Rv3597c,Rv3120,1
Rv3597c,Rv3144c,-1
Rv3597c,Rv3250c,1
Rv3597c,Rv3251c,1
Rv3597c,Rv3252c,1
Rv3597c,Rv3269,1
Rv3597c,Rv3270,1
Rv3597c,Rv3425,1
Rv3597c,Rv3426,1
Rv3597c,Rv3511,-1
Rv3597c,Rv3512,-1
Rv3597c,Rv3566c,1
Rv3597c,Rv3574,1
Rv3597c,Rv3597c,1
Rv3597c,Rv3613c,1
Rv3597c,Rv3619c,-1
Rv3597c,Rv3744,1
Rv3597c,Rv3902c,1
Rv3597c,Rv3904c,1
Rv3597c,Rv3905c,1
Rv3676,Rv0452,1
Rv3676,Rv2107,1
Rv3676,Rv3681c,1
Rv3681c,Rv0252,1
Rv3681c,Rv0253,1
Rv3681c,Rv0756c,-1
Rv3681c,Rv0757,1
Rv3681c,Rv1179c,-1
Rv3681c,Rv1180,-1
Rv3681c,Rv1184c,-1
Rv3681c,Rv1517,1
Rv3681c,Rv2331,1
Rv3681c,Rv2633c,-1
Rv3681c,Rv2779c,1
Rv3681c,Rv2905,1
Rv3681c,Rv2929,1
Rv3681c,Rv3312A,-1
Rv3681c,Rv3477,1
Rv3681c,Rv3488,1
Rv3681c,Rv3501c,1
Rv3681c,Rv3768,-1
Rv3681c,Rv3825c,-1
Rv3681c,Rv3849,1
Rv3736,Rv0113,1
Rv3736,Rv0114,1
Rv3736,Rv0115,1
Rv3736,Rv0159c,1
Rv3736,Rv0280,1
Rv3736,Rv0457c,1
Rv3736,Rv0598c,1
Rv3736,Rv0997,-1
Rv3736,Rv1869c,-1
Rv3736,Rv1888A,1
Rv3736,Rv1918c,1
Rv3736,Rv2161c,-1
Rv3736,Rv2267c,1
Rv3736,Rv2268c,1
Rv3736,Rv2319c,1
Rv3736,Rv2320c,1
Rv3736,Rv2321c,1
Rv3736,Rv2322c,1
Rv3736,Rv2323c,1
Rv3736,Rv2324,1
Rv3736,Rv2336,-1
Rv3736,Rv2596,1
Rv3736,Rv2945c,1
Rv3736,Rv3082c,-1
Rv3736,Rv3083,-1
Rv3736,Rv3084,-1
Rv3736,Rv3085,-1
Rv3736,Rv3086,-1
Rv3736,Rv3087,-1
Rv3736,Rv3088,-1
Rv3736,Rv3089,-1
Rv3736,Rv3116,1
Rv3736,Rv3143,-1
Rv3736,Rv3297,-1
Rv3736,Rv3373,1
Rv3736,Rv3374,1
Rv3736,Rv3375,1
Rv3736,Rv3528c,1
Rv3736,Rv3598c,1
Rv3736,Rv3602c,1
Rv3736,Rv3661,1
Rv3736,Rv3710,-1
Rv3736,Rv3736,1
Rv3736,Rv3741c,-1
Rv3736,Rv3742c,-1
Rv3736,Rv3856c,-1
Rv3736,Rv3857c,-1
Rv3736,Rv3858c,-1
Rv3736,Rv3859c,-1
Rv3736,Rv3890c,1
Rv3736,Rv3891c,1
Rv3744,Rv3744,1
Rv3765c,Rv0033,1
Rv3765c,Rv0095c,-1
Rv3765c,Rv0112,1
Rv3765c,Rv0113,1
Rv3765c,Rv0114,1
Rv3765c,Rv0115,1
Rv3765c,Rv0320,-1
Rv3765c,Rv0388c,-1
Rv3765c,Rv0389,1
Rv3765c,Rv0390,1
Rv3765c,Rv1013,-1
Rv3765c,Rv1221,1
Rv3765c,Rv1646,-1
Rv3765c,Rv1793,1
Rv3765c,Rv1870c,1
Rv3765c,Rv1963c,-1
Rv3765c,Rv1986,1
Rv3765c,Rv2307B,-1
Rv3765c,Rv2376c,-1
Rv3765c,Rv2633c,-1
Rv3765c,Rv2768c,-1
Rv3765c,Rv2779c,-1
Rv3765c,Rv2949c,1
Rv3765c,Rv3019c,-1
Rv3765c,Rv3020c,-1
Rv3765c,Rv3144c,1
Rv3765c,Rv3160c,1
Rv3765c,Rv3161c,1
Rv3765c,Rv3269,-1
Rv3765c,Rv3270,-1
Rv3765c,Rv3382c,1
Rv3765c,Rv3383c,1
Rv3765c,Rv3706c,1
Rv3765c,Rv3765c,1
Rv3830c,Rv0257,-1
Rv3830c,Rv0318c,1
Rv3830c,Rv0834c,1
Rv3830c,Rv1305,-1
Rv3830c,Rv1348,1
Rv3830c,Rv1885c,1
Rv3830c,Rv2107,-1
Rv3830c,Rv2517c,1
Rv3830c,Rv2816c,-1
Rv3830c,Rv2817c,-1
Rv3830c,Rv2928,1
Rv3830c,Rv2929,1
Rv3830c,Rv3829c,1
Rv3830c,Rv3830c,1
Rv3833,Rv3832c,1
Rv3833,Rv3833,1
Rv3849,Rv0010c,1
Rv3849,Rv0025,1
Rv3849,Rv0032,-1
Rv3849,Rv0033,-1
Rv3849,Rv0034,-1
Rv3849,Rv0035,-1
Rv3849,Rv0139,1
Rv3849,Rv0169,-1
Rv3849,Rv0170,-1
Rv3849,Rv0171,-1
Rv3849,Rv0172,-1
Rv3849,Rv0175,1
Rv3849,Rv0177,-1
Rv3849,Rv0386,-1
Rv3849,Rv0397,1
Rv3849,Rv0404,-1
Rv3849,Rv0405,-1
Rv3849,Rv0635,-1
Rv3849,Rv0636,-1
Rv3849,Rv0684,-1
Rv3849,Rv0873,-1
Rv3849,Rv0947c,-1
Rv3849,Rv0948c,-1
Rv3849,Rv1067c,-1
Rv3849,Rv1089A,1
Rv3849,Rv1090,-1
Rv3849,Rv1364c,-1
Rv3849,Rv1402,1
Rv3849,Rv1477,-1
Rv3849,Rv1478,-1
Rv3849,Rv1479,-1
Rv3849,Rv1490,-1
Rv3849,Rv1497,-1
Rv3849,Rv1541c,1
Rv3849,Rv1761c,-1
Rv3849,Rv1762c,-1
Rv3849,Rv1810,-1
Rv3849,Rv1816,-1
Rv3849,Rv1823,1
Rv3849,Rv1824,-1
Rv3849,Rv1825,-1
Rv3849,Rv1826,-1
Rv3849,Rv2143,1
Rv3849,Rv2145c,-1
Rv3849,Rv2237,-1
Rv3849,Rv2307A,-1
Rv3849,Rv2307D,-1
Rv3849,Rv2560,-1
Rv3849,Rv2783c,-1
Rv3849,Rv2928,-1
Rv3849,Rv2930,-1
Rv3849,Rv2937,-1
Rv3849,Rv2957,-1
Rv3849,Rv3019c,-1
Rv3849,Rv3020c,-1
Rv3849,Rv3144c,-1
Rv3849,Rv3343c,-1
Rv3849,Rv3463,-1
Rv3849,Rv3614c,1
Rv3849,Rv3715c,-1
Rv3849,Rv3779,-1
Rv3849,Rv3781,-1
Rv3849,Rv3812,-1
Rv3849,Rv3890c,-1
Rv3849,Rv3891c,-1
Rv3849,Rv3922c,-1
Rv3849,Rv3924c,-1
Rv3855,Rv1572c,1
Rv3855,Rv1963c,1
Rv3855,Rv2107,1
Rv3855,Rv2547,1
Rv3855,Rv3269,-1
Rv3855,Rv3270,-1
Rv3855,Rv3854c,-1
Rv3855,Rv3855,1
Rv3862c,Rv3778c,-1
Rv3862c,Rv3779,-1
Rv3862c,Rv3872,1
Rv3862c,Rv3873,1
Rv3862c,Rv3880c,1
Rv3862c,Rv3881c,1
Rv3911,Rv2514c,1
Rv3911,Rv2515c,1
Rv3911,Rv3906c,1
Rv3911,Rv3907c,1
