kegg_ec,GENE_ID
2.7.1.2,Rv0650
5.3.1.9,Rv0946c
2.7.1.11,Rv2029c
2.7.1.90,Rv3010c
2.7.1.11,Rv3010c
3.1.3.11,Rv1099c
4.1.2.13,Rv0363c
5.3.1.1,Rv1438
1.2.1.12,Rv1436
2.7.2.3,Rv1437
5.4.2.11,Rv0489
4.2.1.11,Rv1023
2.7.1.40,Rv1617
1.2.4.1,Rv2241
1.2.4.1,Rv0843
1.2.4.1,Rv2497c
1.2.4.1,Rv2496c
2.3.1.12,Rv2495c
1.8.1.4,Rv0794c
1.8.1.4,Rv0462
1.8.1.4,Rv3303c
1.2.7.11,Rv2455c
1.2.7.3,Rv2455c
1.2.7.11,Rv2454c
1.2.7.3,Rv2454c
1.1.1.1,Rv0761c
1.1.1.284,Rv0761c
1.1.1.1,Rv1862
1.1.1.1,Rv0162c
1.1.1.1,Rv1530
1.2.1.3,Rv0147
1.2.1.3,Rv0768
1.2.1.3,Rv0223c
1.2.1.3,Rv3293
1.2.1.-,Rv0458
6.2.1.1,Rv3667
5.4.2.2,Rv3068c
2.7.1.63,Rv2702
4.1.1.32,Rv0211
2.3.3.1,Rv0889c
2.3.3.1,Rv0896
2.3.3.1,Rv1131
4.2.1.3,Rv1475c
1.1.1.42,Rv0066c
1.1.1.42,Rv3339c
2.3.1.61,Rv2215
6.2.1.5,Rv0952
6.2.1.5,Rv0951
1.3.5.4,Rv0248c
1.3.5.1,Rv0248c
1.3.5.4,Rv3318
1.3.5.1,Rv3318
1.3.5.4,Rv0247c
1.3.5.1,Rv0247c
1.3.5.4,Rv3319
1.3.5.1,Rv3319
,Rv3316
,Rv3317
1.3.5.4,Rv1552
1.3.5.4,Rv1553
,Rv1554
,Rv1555
4.2.1.2,Rv1098c
1.1.1.37,Rv1240
1.1.5.4,Rv2852c
6.4.1.1,Rv2967c
1.1.1.363,Rv1121
1.1.1.49,Rv1121
1.1.1.363,Rv1447c
1.1.1.49,Rv1447c
3.1.1.31,Rv1445c
1.1.1.343,Rv1122
1.1.1.44,Rv1122
1.1.1.343,Rv1844c
1.1.1.44,Rv1844c
5.1.3.1,Rv1408
2.2.1.1,Rv1449c
2.2.1.2,Rv1448c
5.3.1.6,Rv2465c
4.1.2.4,Rv0478
2.7.1.15,Rv2436
2.7.6.1,Rv1017c
1.1.1.22,Rv0322
2.7.7.9,Rv0993
2.7.1.17,Rv0729
5.3.1.8,Rv3255c
5.4.2.8,Rv3257c
5.4.2.8,Rv3308
2.7.7.13,Rv3264c
4.2.1.47,Rv1508A
4.2.1.47,Rv1511
1.1.1.271,Rv1512
4.1.2.17,Rv0727c
1.1.1.281,Rv0112
2.7.1.6,Rv0620
2.7.7.12,Rv0618
2.7.7.12,Rv0619
5.1.3.2,Rv0501
5.1.3.2,Rv3634c
5.4.99.9,Rv3809c
3.2.1.20,Rv2471
2.1.3.15,Rv0904c
6.4.1.2,Rv0904c
6.3.4.14,Rv2501c
6.4.1.3,Rv2501c
6.4.1.2,Rv2501c
6.3.4.14,Rv3285
6.4.1.3,Rv3285
6.4.1.2,Rv3285
2.1.3.15,Rv2247
6.4.1.3,Rv2247
6.4.1.2,Rv2247
2.3.1.39,Rv0649
2.3.1.39,Rv2243
2.3.1.-,Rv2524c
1.1.1.100,Rv0242c
1.1.1.100,Rv1350
1.1.1.100,Rv3502c
1.1.1.100,Rv3559c
1.14.19.26,Rv0824c
1.14.19.11,Rv0824c
1.14.19.2,Rv0824c
1.14.19.2,Rv1094
6.2.1.3,Rv2187
2.3.1.9,Rv0243
2.3.1.9,Rv0859
2.3.1.9,Rv1135A
2.3.1.9,Rv1074c
2.3.1.9,Rv0914c
2.3.1.9,Rv1323
2.3.1.9,Rv1867
2.3.1.9,Rv3523
2.3.1.9,Rv3546
2.3.1.9,Rv3556c
2.3.1.16,Rv2790c
5.1.2.3,Rv0860
4.2.1.17,Rv0860
1.1.1.35,Rv0860
4.2.1.17,Rv0673
4.2.1.17,Rv0675
4.2.1.17,Rv0222
4.2.1.17,Rv0456c
4.2.1.17,Rv0632c
4.2.1.17,Rv1141c
4.2.1.17,Rv1142c
4.2.1.17,Rv1070c
4.2.1.17,Rv1071c
4.2.1.17,Rv0905
4.2.1.17,Rv0971c
4.2.1.17,Rv1472
4.2.1.17,Rv2486
4.2.1.17,Rv1935c
4.2.1.17,Rv2831
4.2.1.17,Rv2679
4.2.1.17,Rv3039c
4.2.1.17,Rv3774
4.2.1.17,Rv3516
4.2.1.17,Rv3550
4.2.1.17,Rv3373
4.2.1.17,Rv3374
1.3.8.7,Rv0975c
1.3.8.7,Rv0131c
1.3.8.7,Rv0154c
1.3.8.7,Rv0231
1.3.8.7,Rv3140
1.3.8.6,Rv0400c
6.2.1.20,Rv1345
1.14.15.3,Rv3252c
1.18.1.3,Rv1869c
2.8.3.5,Rv2504c
2.8.3.5,Rv2503c
1.14.15.36,Rv0764c
1.14.14.154,Rv0764c
1.1.1.159,Rv0927c
4.1.3.40,Rv2949c
2.1.1.201,Rv0558
2.1.1.163,Rv0558
5.4.4.2,Rv3215
2.2.1.9,Rv0555
4.2.1.113,Rv0553
6.2.1.26,Rv0542c
4.1.3.36,Rv0548c
2.5.1.74,Rv0534c
7.1.1.2,Rv3145
7.1.1.2,Rv3146
7.1.1.2,Rv3147
7.1.1.2,Rv3148
7.1.1.2,Rv3149
7.1.1.2,Rv3150
7.1.1.2,Rv3151
7.1.1.2,Rv3152
7.1.1.2,Rv3153
7.1.1.2,Rv3154
7.1.1.2,Rv3155
7.1.1.2,Rv3156
7.1.1.2,Rv3157
7.1.1.2,Rv3158
1.6.99.3,Rv0392c
1.6.99.3,Rv1812c
1.6.99.3,Rv1854c
,Rv2194
,Rv2195
,Rv2196
2.5.1.141,Rv1451
1.9.3.1,Rv2193
1.9.3.1,Rv3043c
1.9.3.1,Rv2200c
,Rv1456c
7.1.1.7,Rv1623c
7.1.1.7,Rv1622c
7.2.2.1,Rv1308
7.1.2.2,Rv1308
7.2.2.1,Rv1310
7.1.2.2,Rv1310
,Rv1309
,Rv1307
,Rv1311
,Rv1304
,Rv1306
,Rv1305
3.6.1.1,Rv3628
2.7.4.1,Rv2984
2.7.4.1,Rv3232c
2.1.3.3,Rv1656
6.3.4.5,Rv1658
4.3.2.1,Rv1659
3.5.1.5,Rv1850
3.5.1.5,Rv1849
3.5.1.5,Rv1848
3.5.3.6,Rv1001
3.5.1.2,Rv0788
6.3.5.3,Rv0788
6.3.1.2,Rv2860c
6.3.1.2,Rv2220
6.3.1.2,Rv2222c
6.3.1.2,Rv1878
1.4.1.2,Rv2476c
2.6.1.2,Rv0337c
2.6.1.66,Rv0337c
2.3.1.1,Rv2747
2.3.1.1,Rv1653
2.3.1.35,Rv1653
2.3.1.1,Rv0428c
2.7.2.8,Rv1654
1.2.1.38,Rv1652
2.6.1.17,Rv1655
2.6.1.11,Rv1655
2.4.2.14,Rv0808
6.3.4.13,Rv0772
2.1.2.2,Rv0956
2.1.2.2,Rv0389
6.3.5.3,Rv0803
6.3.5.3,Rv0787A
6.3.3.1,Rv0809
6.3.4.18,Rv3276c
5.4.99.18,Rv3275c
6.3.2.6,Rv0780
4.3.2.2,Rv0777
3.5.4.10,Rv0957
2.1.2.3,Rv0957
2.4.2.7,Rv2584c
2.4.2.1,Rv3307
3.2.2.1,Rv3393
2.4.2.8,Rv3624c
1.1.1.205,Rv1843c
1.1.1.205,Rv3410c
1.1.1.205,Rv3411c
2.7.4.6,Rv2445c
3.6.1.66,Rv1021
3.6.1.66,Rv1341
6.3.5.2,Rv3396c
2.7.4.8,Rv1389
1.17.4.1,Rv3051c
1.17.4.1,Rv0570
1.17.4.1,Rv3048c
1.17.4.1,Rv0233
1.17.4.1,Rv1981c
3.1.5.1,Rv2344c
3.6.1.40,Rv0496
3.6.1.11,Rv0496
3.6.1.40,Rv1026
3.6.1.11,Rv1026
2.7.6.5,Rv2583c
4.6.1.1,Rv1264
4.6.1.1,Rv1318c
4.6.1.1,Rv1319c
4.6.1.1,Rv1320c
4.6.1.1,Rv1625c
4.6.1.1,Rv3645
6.3.4.4,Rv0357c
2.7.1.20,Rv2202c
3.5.4.4,Rv3313c
2.7.4.3,Rv0733
3.1.4.53,Rv0805
2.7.7.53,Rv2613c
2.7.1.25,Rv1286
2.7.7.4,Rv1286
2.7.7.4,Rv1285
6.3.5.5,Rv1384
6.3.5.5,Rv1383
2.1.3.2,Rv1380
3.5.2.3,Rv1381
1.3.5.2,Rv2139
2.4.2.10,Rv0382c
4.1.1.23,Rv1385
2.7.4.22,Rv2883c
6.3.4.2,Rv1699
2.7.4.25,Rv1712
3.5.4.13,Rv0321
2.4.2.9,Rv3309c
2.4.2.9,Rv1379
3.6.1.23,Rv2697c
2.1.1.45,Rv2764c
2.1.1.148,Rv2754c
3.5.4.5,Rv3315c
2.4.2.4,Rv3314c
2.7.4.9,Rv3247c
1.4.3.16,Rv1595
3.5.1.1,Rv1538c
6.3.5.4,Rv2201
1.4.1.1,Rv2780
4.1.1.15,Rv3432c
2.6.1.48,Rv2589
2.6.1.22,Rv2589
2.6.1.19,Rv2589
1.2.1.20,Rv0234c
1.2.1.79,Rv0234c
1.2.1.16,Rv0234c
1.2.1.20,Rv1731
1.2.1.79,Rv1731
1.2.1.16,Rv1731
1.4.1.13,Rv3859c
1.4.1.13,Rv3858c
1.2.1.88,Rv1187
2.6.1.16,Rv3436c
2.7.2.4,Rv3709c
1.2.1.11,Rv3708c
1.1.1.3,Rv1294
2.7.1.39,Rv1296
4.2.3.1,Rv1295
2.1.2.1,Rv0070c
2.1.2.1,Rv1093
2.7.1.165,Rv2205c
1.1.1.399,Rv0728c
1.1.1.95,Rv0728c
1.1.1.399,Rv2996c
1.1.1.95,Rv2996c
2.6.1.52,Rv0884c
3.1.3.3,Rv3042c
1.4.3.4,Rv3170
1.4.4.2,Rv1832
2.1.2.10,Rv2211c
,Rv1826
1.4.3.3,Rv1905c
2.7.8.8,Rv0436c
4.2.1.22,Rv1077
4.3.1.17,Rv0069c
4.3.1.19,Rv1559
4.2.1.20,Rv1613
4.2.1.20,Rv1612
,Rv2377c
4.3.3.7,Rv2753c
1.17.1.8,Rv2773c
2.3.1.30,Rv2335
2.5.1.47,Rv2334
2.5.1.47,Rv3684
4.4.1.13,Rv0075
4.4.1.13,Rv2294
2.1.1.10,Rv2458
2.1.1.13,Rv2124c
2.1.1.14,Rv1133c
2.5.1.6,Rv1392
2.5.1.16,Rv2601
3.2.2.9,Rv0091
3.2.2.9,Rv2292c
2.4.2.28,Rv0535
3.3.1.1,Rv3248c
2.3.1.46,Rv3341
2.3.1.31,Rv3341
2.5.1.48,Rv1079
2.5.1.49,Rv3340
2.5.1.-,Rv0391
2.6.1.42,Rv2210c
6.3.2.2,Rv3704c
2.8.1.2,Rv0815c
2.8.1.1,Rv0815c
2.8.1.2,Rv2291
2.8.1.1,Rv2291
2.8.1.2,Rv3117
2.8.1.1,Rv3117
2.8.1.2,Rv3283
2.8.1.1,Rv3283
2.8.5.1,Rv0848
6.4.1.3,Rv0973c
2.1.3.15,Rv3280
6.4.1.3,Rv3280
5.1.99.1,Rv1322A
5.4.99.2,Rv1492
5.4.99.2,Rv1493
1.1.1.31,Rv0744Ac
1.1.1.31,Rv0751c
1.2.1.27,Rv0753c
1.2.1.18,Rv0753c
6.4.1.4,Rv2502c
,Rv3224
4.2.1.35,Rv2988c
4.2.1.33,Rv2988c
4.2.1.35,Rv2987c
4.2.1.33,Rv2987c
1.1.1.85,Rv2995c
2.2.1.6,Rv3003c
2.2.1.6,Rv1820
2.2.1.6,Rv3470c
2.2.1.6,Rv3509c
2.2.1.6,Rv3002c
1.1.1.86,Rv3001c
4.2.1.9,Rv0189c
2.3.3.13,Rv3710
2.3.1.117,Rv1201c
2.6.1.17,Rv0858c
3.5.1.18,Rv1202
5.1.1.7,Rv2726c
4.1.1.20,Rv1293
6.3.2.13,Rv2158c
6.3.2.10,Rv2157c
1.4.1.26,Rv0926c
1.4.1.12,Rv0926c
1.4.1.26,Rv1059
1.4.1.12,Rv1059
3.5.2.6,Rv2068c
4.1.1.19,Rv2531c
3.5.1.4,Rv1263
3.5.1.4,Rv2363
3.5.1.4,Rv3175
3.5.1.4,Rv2888c
3.5.1.4,Rv3375
2.6.1.13,Rv2321c
2.6.1.13,Rv2322c
1.5.1.2,Rv0500
1.5.5.2,Rv1188
2.7.2.11,Rv2439c
1.2.1.41,Rv2427c
3.4.11.5,Rv0840c
2.4.2.17,Rv2121c
3.6.1.31,Rv2122c
3.5.4.19,Rv1606
5.3.1.16,Rv1603
5.3.1.24,Rv1603
4.3.2.10,Rv1602
4.3.2.10,Rv1605
4.2.1.19,Rv1601
2.6.1.9,Rv1600
2.6.1.9,Rv2231c
2.6.1.9,Rv3772
3.1.3.15,Rv3137
1.1.1.23,Rv1599
2.1.1.44,Rv3701c
1.14.99.50,Rv3703c
3.5.1.118,Rv3702c
4.4.1.36,Rv3700c
2.1.1.6,Rv1703c
1.1.1.157,Rv0468
1.1.1.157,Rv1715
1.11.1.21,Rv1908c
4.2.1.80,Rv3536c
4.1.3.39,Rv3469c
4.1.3.39,Rv3534c
1.2.1.10,Rv3535c
3.8.1.5,Rv2579
3.8.1.5,Rv2296
3.8.1.5,Rv1833c
3.1.1.45,Rv2765
3.1.1.45,Rv2054
4.1.1.44,Rv0771
2.5.1.54,Rv2178c
4.2.3.4,Rv2538c
4.2.1.10,Rv2537c
1.1.1.25,Rv2552c
2.7.1.71,Rv2539c
2.5.1.19,Rv3227
4.2.3.5,Rv2540c
4.1.3.27,Rv1609
2.4.2.18,Rv2192c
4.1.1.48,Rv1611
5.4.99.5,Rv0948c
5.4.99.5,Rv1885c
1.3.1.12,Rv3754
4.2.1.51,Rv3838c
4.1.1.11,Rv3601c
6.3.2.1,Rv3602c
3.4.19.13,Rv0773c
2.3.2.2,Rv0773c
3.4.19.13,Rv2394
2.3.2.2,Rv2394
2.3.1.8,Rv0408
2.7.2.1,Rv0409
4.4.1.16,Rv1464
2.8.1.7,Rv1464
1.8.1.9,Rv1471
1.8.1.9,Rv3913
6.1.1.10,Rv1007c
3.2.1.21,Rv0186
5.1.1.3,Rv1338
6.3.2.8,Rv2152c
6.3.2.9,Rv2155c
5.1.1.1,Rv3423c
6.3.2.4,Rv2981c
3.5.2.9,Rv0266c
6.3.-.-,Rv0433
6.3.2.2,Rv0433
3.4.11.1,Rv2213
3.4.11.2,Rv2467
3.2.1.4,Rv0062
3.2.1.4,Rv1089A
3.2.1.4,Rv1090
2.7.7.27,Rv1213
2.4.1.11,Rv3032
2.4.1.18,Rv1326c
2.4.1.18,Rv3031
2.4.1.1,Rv1328
3.2.1.1,Rv0126
5.4.99.16,Rv0126
2.4.1.25,Rv1781c
2.7.1.175,Rv0127
2.4.99.16,Rv1327c
2.4.1.342,Rv1212c
3.2.1.68,Rv1564c
5.4.99.15,Rv1563c
3.2.1.141,Rv1562c
2.4.1.347,Rv3490
2.4.1.15,Rv3490
3.1.3.12,Rv3372
3.2.1.28,Rv2006
3.2.1.28,Rv2402
2.4.1.109,Rv1002c
3.2.1.52,Rv0237
2.3.1.157,Rv1018c
2.7.7.23,Rv1018c
2.5.1.7,Rv1315
1.3.1.98,Rv0482
5.4.2.10,Rv3441c
3.5.1.25,Rv3332
5.5.1.4,Rv0046c
3.1.3.25,Rv1604
3.1.3.25,Rv2701c
2.7.7.24,Rv0334
4.2.1.46,Rv3784
4.2.1.46,Rv3464
5.1.3.13,Rv3465
1.1.1.133,Rv3266c
5.1.3.25,Rv0536
5.3.1.28,Rv0113
3.1.3.83,Rv0114
3.1.3.82,Rv0114
2.7.1.168,Rv0115
3.6.1.27,Rv2136c
3.6.1.27,Rv0308
2.7.8.13,Rv2156c
2.4.1.227,Rv2153c
3.4.16.4,Rv2163c
,Rv0016c
3.4.16.4,Rv2911
3.4.16.4,Rv3330
3.4.21.-,Rv3627c
3.4.16.4,Rv3627c
6.3.5.13,Rv3712
6.3.5.13,Rv3713
2.7.1.30,Rv3696c
3.1.3.21,Rv1692
2.3.1.15,Rv1551
2.3.1.15,Rv2482c
2.3.1.51,Rv2182c
2.7.1.107,Rv2252
2.3.1.75,Rv3130c
2.3.1.20,Rv3130c
2.3.1.75,Rv3233c
2.3.1.20,Rv3233c
2.3.1.75,Rv1760
2.3.1.20,Rv1760
2.3.1.75,Rv3734c
2.3.1.20,Rv3734c
2.3.1.75,Rv3088
2.3.1.20,Rv3088
2.3.1.75,Rv2285
2.3.1.20,Rv2285
2.3.1.75,Rv0221
2.3.1.20,Rv0221
2.3.1.75,Rv3740c
2.3.1.20,Rv3740c
2.3.1.75,Rv3087
2.3.1.20,Rv3087
2.3.1.75,Rv3480c
2.3.1.20,Rv3480c
2.3.1.75,Rv1425
2.3.1.20,Rv1425
2.3.1.75,Rv0895
2.3.1.20,Rv0895
2.3.1.75,Rv2484c
2.3.1.20,Rv2484c
2.3.1.75,Rv3371
2.3.1.20,Rv3371
2.3.1.75,Rv3234c
2.3.1.20,Rv3234c
2.3.1.122,Rv0129c
2.3.1.20,Rv0129c
2.3.1.122,Rv3804c
2.3.1.20,Rv3804c
2.3.1.122,Rv1886c
2.3.1.20,Rv1886c
3.1.1.3,Rv3097c
3.1.3.64,Rv3310
3.1.4.3,Rv1755c
3.1.4.3,Rv2349c
3.1.4.3,Rv2350c
3.1.4.3,Rv2351c
1.1.1.94,Rv0564c
1.1.1.94,Rv2982c
1.1.5.3,Rv2249c
1.1.5.3,Rv3302c
3.1.4.46,Rv0317c
3.1.4.46,Rv3842c
3.6.1.26,Rv2289
2.7.7.41,Rv2881c
4.1.1.65,Rv0437c
2.7.8.5,Rv2746c
2.7.8.5,Rv2612c
2.7.8.41,Rv1822
2.5.1.26,Rv2251
2.5.1.26,Rv3107c
2.4.1.345,Rv2610c
2.4.1.346,Rv2188c
2.3.1.265,Rv2611c
2.4.1.-,Rv1159
2.4.1.-,Rv1635c
2.4.1.-,Rv2174
2.4.1.-,Rv1459c
2.4.1.-,Rv2181
2.4.2.-,Rv3793
2.4.2.-,Rv3805c
2.4.2.47,Rv2673
2.4.2.-,Rv0236c
,Rv0541c
2.7.8.35,Rv1302
2.7.8.33,Rv1302
2.4.1.289,Rv3265c
2.4.1.287,Rv3782
2.4.1.288,Rv3808c
2.4.2.46,Rv3792
2.4.2.-,Rv3794
2.4.2.-,Rv3795
,Rv3779
3.5.1.23,Rv0669c
3.1.6.1,Rv0663
3.1.6.1,Rv0711
3.1.6.1,Rv3299c
3.6.1.7,Rv2922A
1.1.2.3,Rv0694
1.1.2.3,Rv1872c
3.1.2.6,Rv2581c
1.1.1.38,Rv2332
2.7.9.1,Rv1127c
2.3.3.9,Rv1837c
1.14.13.-,Rv3854c
5.4.4.1,Rv3078
4.1.3.1,Rv0467
4.1.3.1,Rv1915
4.1.3.1,Rv1916
1.1.3.15,Rv1257c
1.1.3.15,Rv2280
3.5.1.10,Rv2964
4.1.1.8,Rv0118c
4.2.1.79,Rv1130
1.5.1.3,Rv2763c
3.5.4.9,Rv3356c
1.5.1.5,Rv3356c
2.1.2.9,Rv1406
6.3.3.2,Rv0992c
4.3.1.32,Rv1173
2.5.1.147,Rv1173
2.7.7.68,Rv2983
2.7.8.28,Rv3261
6.3.2.34,Rv3262
6.3.2.31,Rv3262
4.1.99.17,Rv0423c
2.7.4.7,Rv0422c
2.7.1.49,Rv0422c
2.8.1.7,Rv3025c
1.4.3.19,Rv0415
2.2.1.7,Rv2682c
2.2.1.7,Rv3379c
2.8.1.10,Rv0417
2.5.1.3,Rv0414c
2.7.4.16,Rv2977c
3.1.3.100,Rv3228
3.6.1.-,Rv3228
3.5.4.25,Rv1415
4.1.99.12,Rv1415
3.5.4.25,Rv1940
4.1.99.12,Rv1940
1.1.1.193,Rv1409
3.5.4.26,Rv1409
2.5.1.78,Rv1416
2.5.1.9,Rv1412
2.7.7.2,Rv2786c
2.7.1.26,Rv2786c
1.13.11.79,Rv0306
1.4.3.5,Rv2607
4.3.3.6,Rv2606c
4.3.3.6,Rv2604c
2.5.1.72,Rv1594
2.4.2.19,Rv1596
6.3.4.21,Rv0573c
6.3.4.21,Rv1330c
2.7.7.18,Rv2421c
3.6.1.22,Rv3199c
6.3.5.1,Rv2438c
3.5.1.42,Rv1901
3.5.1.-,Rv2043c
3.5.1.19,Rv2043c
2.7.1.23,Rv1695
1.6.1.1,Rv2713
7.1.1.1,Rv0155
1.6.1.2,Rv0155
7.1.1.1,Rv0156
1.6.1.2,Rv0156
7.1.1.1,Rv0157
1.6.1.2,Rv0157
2.1.2.11,Rv2225
1.1.1.169,Rv2573
2.7.1.33,Rv1092c
2.7.1.33,Rv3600c
6.3.2.5,Rv1391
4.1.1.36,Rv1391
2.7.7.3,Rv2965c
2.7.1.24,Rv1631
2.7.8.7,Rv2523c
2.3.1.47,Rv0032
2.3.1.47,Rv1569
2.6.1.62,Rv1568
6.3.3.3,Rv1570
2.8.1.6,Rv1589
6.3.4.15,Rv3279c
1.-.-.-,Rv1442
2.8.1.8,Rv2218
2.3.1.181,Rv2217
3.5.4.16,Rv3609c
1.13.11.81,Rv3607c
5.1.99.8,Rv3607c
4.1.2.25,Rv3607c
2.7.6.3,Rv3606c
2.5.1.15,Rv1207
2.5.1.15,Rv3608c
6.3.2.17,Rv2447c
6.3.2.12,Rv2447c
2.6.1.85,Rv0013
2.6.1.85,Rv1005c
4.1.3.38,Rv0812
4.2.1.96,Rv1159A
4.2.1.96,Rv3110
4.1.99.22,Rv0869c
4.1.99.22,Rv3109
4.6.1.17,Rv0864
4.6.1.17,Rv3111
4.6.1.17,Rv3324c
2.8.1.12,Rv0866
2.8.1.12,Rv3119
2.8.1.12,Rv3323c
2.10.1.1,Rv0438c
2.10.1.1,Rv0994
2.7.7.76,Rv0371c
2.7.7.76,Rv0345
2.7.7.77,Rv2453c
6.1.1.17,Rv2992c
1.2.1.70,Rv0509
5.4.3.8,Rv0524
4.2.1.24,Rv0512
2.5.1.61,Rv0510
4.2.1.75,Rv0260c
4.1.1.37,Rv2678c
1.3.3.15,Rv2677c
1.3.3.4,Rv2677c
4.99.1.9,Rv1485
4.99.1.1,Rv1485
4.2.1.75,Rv0511
2.1.1.107,Rv0511
4.99.1.4,Rv2847c
1.3.1.76,Rv2847c
2.1.1.107,Rv2847c
2.1.1.131,Rv2066
2.1.1.130,Rv2066
1.14.13.83,Rv2064
2.1.1.271,Rv2071c
2.1.1.133,Rv2071c
1.3.1.106,Rv2070c
1.3.1.54,Rv2070c
2.1.1.132,Rv2072c
5.4.99.60,Rv2065
5.4.99.61,Rv2065
6.3.5.11,Rv2848c
6.3.5.9,Rv2848c
6.6.1.2,Rv2062c
2.5.1.17,Rv1314c
2.5.1.17,Rv2849c
6.3.5.10,Rv0255c
6.3.1.10,Rv2236c
2.7.7.62,Rv0254c
2.7.1.156,Rv0254c
2.7.8.26,Rv2208
2.4.2.21,Rv2207
3.1.3.73,Rv2228c
3.1.26.4,Rv2228c
6.6.1.1,Rv2850c
6.6.1.1,Rv0958
1.16.3.1,Rv1876
1.16.3.1,Rv3841
1.16.3.1,Rv0846c
1.1.1.267,Rv2870c
2.7.7.60,Rv3582c
2.7.1.148,Rv1011
4.6.1.12,Rv3581c
1.17.7.3,Rv2868c
1.17.7.1,Rv2868c
1.17.7.4,Rv1110
1.17.7.4,Rv3382c
5.3.3.2,Rv1745c
2.5.1.29,Rv2173
2.5.1.10,Rv2173
2.5.1.1,Rv2173
2.5.1.29,Rv3383c
2.5.1.10,Rv3383c
2.5.1.1,Rv3383c
2.5.1.29,Rv3398c
2.5.1.10,Rv3398c
2.5.1.1,Rv3398c
2.5.1.68,Rv1086
2.5.1.86,Rv2361c
2.5.1.30,Rv0562
2.5.1.30,Rv0989c
1.14.13.107,Rv3618
3.3.2.8,Rv2740
2.5.1.32,Rv3397c
,Rv0261c
,Rv0267
,Rv1737c
,Rv2329c
1.7.99.-,Rv1161
1.7.5.1,Rv1161
1.7.99.-,Rv1736c
1.7.5.1,Rv1736c
1.7.99.-,Rv1162
1.7.5.1,Rv1162
1.7.99.-,Rv1164
1.7.5.1,Rv1164
1.7.1.15,Rv0252
1.7.1.15,Rv0253
1.13.12.16,Rv0021c
1.13.12.16,Rv2781c
4.2.1.1,Rv1284
4.2.1.1,Rv3588c
4.2.1.1,Rv3273
,Rv2400c
,Rv2399c
,Rv2398c
7.3.2.3,Rv2397c
3.1.3.7,Rv2131c
1.8.4.10,Rv2392
1.8.4.8,Rv2392
1.8.7.1,Rv2391
1.8.5.4,Rv0331
2.1.1.334,Rv3238c
,Rv6014
,Rv6039
,Rv6001
,Rv6017
,Rv6030
,Rv6045
,Rv6013
,Rv6027
,Rv6011
,Rv6035
,Rv6038
,Rv6015
,Rv6010
,Rv6037
,Rv6003
,Rv6029
,Rv6034
,Rv6031
,Rv6000
,Rv6022
,Rv6002
,Rv6016
,Rv6021
,Rv6024
,Rv6009
,Rv6032
,Rv6026
,Rv6040
,Rv6006
,Rv6012
,Rv6042
,Rv6028
,Rv6023
,Rv6047
,Rv6044
,Rv6046
,Rv6043
,Rv6008
,Rv6041
,Rv6005
,Rv6007
,Rv6004
,Rv6036
,Rv6033
,Rv6025
6.3.5.7,Rv3011c
6.3.5.6,Rv3011c
6.3.5.7,Rv3009c
6.3.5.6,Rv3009c
6.3.5.7,Rv3012c
6.3.5.6,Rv3012c
6.1.1.7,Rv2555c
6.1.1.12,Rv2572c
6.1.1.14,Rv2357c
6.1.1.3,Rv2614c
6.1.1.11,Rv3834c
6.1.1.16,Rv3580c
6.1.1.9,Rv2448c
6.1.1.4,Rv0041
6.1.1.5,Rv1536
6.1.1.6,Rv1640c
6.1.1.6,Rv3598c
6.1.1.19,Rv1292
6.1.1.15,Rv2845c
6.1.1.21,Rv2580c
6.1.1.20,Rv1649
6.1.1.20,Rv1650
6.1.1.1,Rv1689
6.1.1.2,Rv3336c
2.3.1.5,Rv3566c
1.1.3.6,Rv3409c
5.3.3.1,Rv1106c
1.1.1.145,Rv1106c
1.14.15.29,Rv3545c
1.14.15.28,Rv3518c
1.3.99.4,Rv3537
1.14.15.30,Rv3526
1.14.15.30,Rv3571
1.14.14.12,Rv3570c
1.5.1.-,Rv3567c
1.13.11.25,Rv3568c
3.7.1.17,Rv3569c
6.2.1.41,Rv3561
5.3.3.1,Rv0760c
1.14.19.-,Rv3229c
,Rv3230c
3.1.2.-,Rv1618
3.1.2.-,Rv2605c
4.2.99.21,Rv2386c
5.4.4.2,Rv2386c
6.3.2.-,Rv2384
,Rv2383c
,Rv2380c
,Rv2382c
,Rv2381c
,Rv2379c
,Rv2378c
,Rv1857
,Rv1858
7.3.2.5,Rv1859
,Rv3759c
,Rv3756c
,Rv3757c
7.6.2.9,Rv3758c
,Rv2038c
,Rv1238
,Rv0169
,Rv0170
,Rv0171
,Rv0173
,Rv0174
,Rv0589
,Rv0590
,Rv0590A
,Rv0591
,Rv0592
,Rv0593
,Rv0594
,Rv1966
,Rv1967
,Rv1968
,Rv1969
,Rv1970
,Rv1971
,Rv3494c
,Rv3495c
,Rv3496c
,Rv3497c
,Rv3498c
,Rv3499c
,Rv0172
,Rv0167
,Rv0168
,Rv0587
,Rv0588
,Rv1964
,Rv1965
,Rv3500c
,Rv3501c
,Rv0655
,Rv2833c
,Rv2835c
,Rv2834c
7.6.2.10,Rv2832c
,Rv0932c
,Rv0928
,Rv0934
,Rv0929
,Rv0935
,Rv0930
,Rv0936
7.3.2.1,Rv0820
7.3.2.1,Rv0933
,Rv3666c
,Rv3665c
,Rv3664c
,Rv2325c
3.6.3.-,Rv2326c
,Rv2686c
,Rv2687c
3.6.3.-,Rv2688c
,Rv3101c
,Rv3102c
3.6.3.-,Rv1348
3.6.3.-,Rv1349
,Rv0194
,Rv1620c
,Rv1621c
,Rv1819c
2.7.13.3,Rv0490
,Rv0491
2.7.13.3,Rv1028c
,Rv1027c
,Rv1029
7.2.2.6,Rv1030
,Rv1031
2.7.13.3,Rv0982
,Rv0981
3.4.21.-,Rv0983
2.7.13.3,Rv3245c
,Rv3246c
,Rv0001
2.7.13.3,Rv0902c
,Rv0903c
2.7.13.3,Rv1032c
,Rv1033c
3.4.13.22,Rv0838
4.1.3.34,Rv2498c
4.1.3.34,Rv3075c
,Rv0844c
,Rv1163
2.7.13.3,Rv3132c
,Rv3133c
2.7.7.59,Rv2918c
,Rv2919c
,Rv2443
,Rv3676
,Rv1280c
,Rv2585c
,Rv1283c
,Rv1282c
,Rv1281c
,Rv3663c
,Rv3921c
,Rv0638
,Rv1440
,Rv0732
,Rv2588c
7.4.2.8,Rv1821
7.4.2.8,Rv3240c
,Rv2921c
3.6.5.4,Rv2916c
,Rv1630
,Rv2890c
,Rv0707
,Rv3458c
,Rv0721
,Rv0053
,Rv0683
,Rv0718
,Rv3442c
,Rv0700
,Rv3459c
,Rv0682
,Rv3460c
,Rv0717
,Rv2056c
,Rv2785c
,Rv2909c
,Rv0710
,Rv0055
,Rv2055c
,Rv0705
,Rv2412
,Rv0641
,Rv0704
,Rv0701
,Rv0702
,Rv0716
,Rv0719
,Rv0652
,Rv0056
,Rv0651
,Rv0640
,Rv3443c
,Rv0714
,Rv0723
,Rv0708
,Rv3456c
,Rv0720
,Rv2904c
,Rv1643
,Rv2442c
,Rv0706
,Rv0703
,Rv0715
,Rv1015c
,Rv2441c
,Rv0105c
,Rv2058c
,Rv2975A
,Rv0709
,Rv0722
,Rv1298
,Rv0979A
,Rv0634B
,Rv2057c
,Rv3924c
,Rv1642
,Rv3461c
,Rv6018
,Rv6019
,Rv6020
3.1.26.12,Rv2444c
3.1.26.-,Rv2444c
2.7.7.8,Rv2783c
3.6.4.13,Rv1253
,Rv1297
3.1.-.-,Rv2752c
,Rv0350
,Rv0440
,Rv3417c
2.7.7.19,Rv3907c
2.7.7.6,Rv3457c
2.7.7.6,Rv0667
2.7.7.6,Rv0668
2.7.7.6,Rv1390
2.7.7.7,Rv2191
2.7.7.7,Rv3711c
2.7.7.7,Rv1547
2.7.7.7,Rv3721c
2.7.7.7,Rv3644c
2.7.7.7,Rv2413c
2.7.7.7,Rv0002
3.6.4.12,Rv0058
2.7.7.101,Rv2343c
,Rv0054
,Rv2478c
3.1.26.4,Rv2902c
2.7.7.7,Rv1629
6.5.1.2,Rv3014c
6.5.1.7,Rv3062
6.5.1.6,Rv3062
6.5.1.1,Rv3062
,Rv2115c
3.4.25.1,Rv2109c
3.4.25.1,Rv2110c
,Rv2587c
,Rv2586c
,Rv2094c
,Rv1224
,Rv2093c
3.4.21.89,Rv2903c
3.4.23.36,Rv1539
4.2.99.18,Rv0944
3.2.2.23,Rv0944
4.2.99.18,Rv2924c
3.2.2.23,Rv2924c
4.2.99.18,Rv2464c
3.2.2.-,Rv2464c
4.2.99.18,Rv3297
3.2.2.-,Rv3297
4.2.99.18,Rv3674c
3.2.2.21,Rv1317c
3.2.2.20,Rv1210
3.2.2.27,Rv1259
3.2.2.27,Rv2976c
3.2.2.31,Rv3589
3.2.2.21,Rv1688
3.1.11.2,Rv0427c
3.1.21.2,Rv0670
3.6.4.-,Rv1020
,Rv1638
,Rv1633
,Rv1420
3.6.4.12,Rv0949
3.6.4.12,Rv3198c
3.6.4.12,Rv3201c
3.6.4.12,Rv0861c
3.1.11.6,Rv1108c
3.1.11.6,Rv1107c
,Rv0003
,Rv2362c
,Rv3715c
,Rv2737c
3.6.4.12,Rv2593c
3.6.4.12,Rv2592c
3.1.22.4,Rv2594c
3.6.4.12,Rv2973c
3.1.11.5,Rv0630c
3.1.11.5,Rv0631c
3.1.11.5,Rv0629c
3.6.4.-,Rv1402
,Rv0937c
6.5.1.1,Rv0938
2.8.1.13,Rv3024c
,Rv3112
,Rv1335
,Rv0868c
2.8.1.-,Rv3206c
2.8.1.11,Rv3206c
2.7.7.-,Rv3206c
2.7.7.80,Rv3206c
2.8.1.-,Rv3116
2.8.1.11,Rv3116
2.7.7.-,Rv3116
2.7.7.80,Rv3116
,Rv0416
2.5.1.113,Rv1336
3.13.1.6,Rv1334
,Rv3818
,Rv3763
,Rv1411c
,Rv1270c
,Rv3875
2.7.11.1,Rv0410c
