feature1,Rv0022c,Rv0023,Rv0042c,Rv0047c,Rv0054,Rv0067c,Rv0078,Rv0081,Rv0117,Rv0135c,Rv0158,Rv0195,Rv0232,Rv0238,Rv0302,Rv0324,Rv0330c,Rv0353,Rv0445c,Rv0474,Rv0494,Rv0602c,Rv0623,Rv0653c,Rv0674,Rv0767c,Rv0827c,Rv0880,Rv0891c,Rv0894,Rv0967,Rv1049,Rv1176c,Rv1186c,Rv1189,Rv1219c,Rv1359,Rv1379,Rv1395,Rv1404,Rv1423,Rv1460,Rv1473A,Rv1556,Rv1657,Rv1674c,Rv1675c,Rv1719,Rv1773c,Rv1828--Rv0981--Rv1332,Rv1846c,Rv1956,Rv1990c,Rv1994c,Rv2009,Rv2011c,Rv2017,Rv2021c,Rv2034,Rv2069,Rv2250c,Rv2359,Rv2488c,Rv2506,Rv2595,Rv2642,Rv2745c,Rv2760c,Rv2779c,Rv2827c,Rv3050c,Rv3066,Rv3082c,Rv3095,Rv3124,Rv3133c,Rv3160c,Rv3164c,Rv3167c,Rv3173c,Rv3183,Rv3219,Rv3223c,Rv3246c,Rv3249c,Rv3260c,Rv3291c,Rv3405c,Rv3414c,Rv3416,Rv3417c,Rv3557c,Rv3597c,Rv3676,Rv3830c,Rv3833,Rv3849,Rv3855,Rv3862c,Rv3911
Rv0022c,0.0,0.0,0.0,0.0,0.0,0.0,0.0,0.0,0.0,0.0,0.0,0.0,0.0,0.0,0.0,0.0,0.0,0.0,0.0,0.0,0.0,0.0,0.0,0.0,0.0,0.0,0.0,0.0,0.0,0.0,0.0,0.0,0.0,0.0,0.3933333333333333,0.0,0.0,-0.003333333333333355,0.0,0.0,0.0,0.0,0.0,0.0,0.0,0.0,0.0,0.0,0.0,0.0,0.0,0.006666666666666599,0.0,0.0,0.0,0.0,0.0,0.0,0.0,0.0,0.0,0.0,0.0,0.0,0.0,-0.006666666666666654,0.0,0.0,0.0,0.0,0.0,0.0,-0.006666666666666654,0.0,0.0,0.0,0.0,0.0,0.0,0.0,0.0,0.0,0.0,0.0,0.0,0.2866666666666666,0.0,0.0,0.0,0.0,0.0,0.0,0.0,0.0,0.45999999999999996,0.0,0.0,0.0,0.0,0.0
Rv0023,0.0,0.0,0.42666666666666664,-0.010000000000000009,0.0,0.36,0.2433333333333333,-0.003333333333333355,0.0,0.0,0.47,0.30666666666666664,0.35,0.0,0.31000000000000005,0.4033333333333333,-0.016666666666666663,0.1333333333333333,0.42666666666666664,0.39,0.42000000000000004,0.42333333333333334,0.35,0.2766666666666666,0.0,0.08666666666666667,0.43333333333333335,0.45666666666666667,0.0,0.020000000000000018,0.0,0.2733333333333333,0.06666666666666665,-0.010000000000000009,0.41666666666666663,0.29000000000000004,0.4066666666666666,-0.023333333333333317,-0.030000000000000027,0.0,0.026666666666666616,0.0,0.33333333333333337,0.0,0.33999999999999997,-0.006666666666666654,0.3833333333333333,0.3966666666666666,0.1333333333333333,0.0,0.0,0.006666666666666599,0.3566666666666667,-0.016666666666666663,0.0,0.42333333333333334,0.0,0.16000000000000003,0.22333333333333338,0.41666666666666663,0.41666666666666663,0.0,0.0,0.4666666666666667,0.0,0.053333333333333344,0.0,0.4066666666666666,0.42333333333333334,0.0,0.0,0.26,0.13666666666666671,-0.010000000000000009,0.3666666666666667,0.0,0.44999999999999996,0.20333333333333337,0.0,0.0,0.42666666666666664,0.0,0.0,0.42000000000000004,0.2766666666666666,0.30333333333333334,0.44999999999999996,0.1166666666666667,0.33333333333333337,0.08333333333333337,0.07999999999999996,0.44999999999999996,0.44999999999999996,0.0,0.4766666666666667,0.0,0.22999999999999998,0.4733333333333334,0.013333333333333308,0.31999999999999995
Rv0042c,0.0,0.42666666666666664,0.0,0.0,0.0,0.3533333333333334,0.0,0.0,0.0,0.0,0.0,0.0,0.0,0.0,0.0,0.0,0.0,0.0,0.0,0.0,0.0,0.0,0.0,0.0,0.0,0.0,0.0,0.0,0.0,0.010000000000000009,0.010000000000000009,0.0,0.0,0.0,-0.006666666666666654,0.0,0.0,-0.003333333333333355,0.0,0.0,0.0,0.0,0.0,0.0,0.0,0.0,0.0,0.0,0.0,0.0,0.0,0.020000000000000018,0.0,0.0,0.0,0.0,0.0,0.0,0.0,0.0,0.0,0.0,0.0,0.0,0.0,-0.006666666666666654,0.0,0.0,0.0,0.0,0.0,0.0,0.0,0.0,0.0,0.0,0.0,0.0,0.0,0.013333333333333308,0.0,0.0,0.0,0.0,0.0,0.0,0.0,0.0,0.0,0.30333333333333334,0.0,0.0,0.0,0.0,-0.03666666666666668,0.0,0.0,0.0,0.0,0.0
Rv0047c,0.0,-0.010000000000000009,0.0,0.0,0.0,0.30666666666666664,0.0,0.0,0.0,0.0,0.040000000000000036,0.0,0.0,0.0,0.0033333333333332993,0.040000000000000036,0.0,0.13,0.0,-0.013333333333333308,0.0,0.0,0.0,0.0,0.0,0.0,-0.006666666666666654,0.040000000000000036,0.0,0.0,0.0,0.0,0.040000000000000036,0.040000000000000036,0.35,0.0,0.0,-0.003333333333333355,0.0,0.0,0.0,0.040000000000000036,0.0,0.0,0.0,0.040000000000000036,0.0,0.0,0.0,0.0,0.0,0.006666666666666599,0.0,0.0,0.0,0.0,0.0,0.0,0.040000000000000036,0.0,0.0,0.0,0.0,0.010000000000000009,0.0,0.033333333333333326,0.0,0.0,0.0,-0.043333333333333335,0.0,0.0,-0.003333333333333355,0.0,0.0,0.0,0.0,0.0,0.0,-0.036666666666666625,0.0,0.0,0.0,0.040000000000000036,0.040000000000000036,0.2833333333333333,0.013333333333333308,0.0,-0.0033333333333332993,0.0,0.0,0.0,0.040000000000000036,0.0,0.033333333333333326,0.040000000000000036,0.0,0.026666666666666616,0.0,0.0
Rv0054,0.0,0.0,0.0,0.0,0.0,0.29333333333333333,0.0,0.0,0.0,0.0,0.0,0.0,0.0,0.0,0.0,0.0,0.0,0.0,0.0,0.0,0.0,0.0,0.0,0.0,0.0,0.0,0.0,0.0,0.0,-0.056666666666666754,0.0,0.0,0.0,0.0,-0.020000000000000018,0.0,0.0,-0.003333333333333355,0.0,0.0,0.0,0.0,0.0,0.0,0.0,0.0,0.0,0.0,0.0,0.0,0.0,0.0,0.0,0.0,0.0,0.0,0.0,0.0,0.0,0.0,0.0,0.0,0.0,0.0,0.0,0.0,0.0,0.0,0.0,-0.05666666666666664,0.0,0.0,0.0,0.0,0.0,0.0,0.0,0.0,0.0,0.0,0.0,0.0,0.0,0.0,0.0,0.0,0.0,0.0,0.0,0.0,0.0,0.0,0.0,0.0,0.0,0.0,0.0,0.0,0.0,0.0
Rv0067c,0.0,0.36,0.3533333333333334,0.30666666666666664,0.29333333333333333,0.0,-0.003333333333333355,0.19333333333333336,0.3566666666666667,-0.003333333333333355,0.3566666666666667,0.25,0.2633333333333333,0.0,0.036666666666666625,0.0,0.050000000000000044,0.1266666666666667,0.3533333333333334,-0.003333333333333355,0.00666666666666671,0.35,0.22666666666666668,0.0,0.35,-0.003333333333333355,0.010000000000000009,0.3633333333333333,0.0,-0.1133333333333334,0.0,-0.006666666666666654,0.053333333333333344,0.046666666666666634,0.35,0.050000000000000044,0.0,-0.003333333333333355,0.0,0.0,0.036666666666666625,0.3566666666666667,0.22999999999999998,0.010000000000000009,0.0,0.16000000000000003,0.0,0.00666666666666671,-0.006666666666666654,0.0,0.0,-0.10666666666666669,0.05666666666666664,0.2666666666666667,0.35,0.35,0.0,0.19999999999999996,0.15666666666666662,0.3533333333333334,0.00666666666666671,0.0,0.0,0.35,-0.05666666666666664,0.2833333333333333,0.0,0.32333333333333336,0.0,0.0,0.0,0.0,0.16000000000000003,0.30000000000000004,0.0,0.35,0.3533333333333334,0.18000000000000005,0.0,0.0,-0.003333333333333355,0.0,0.0,0.3566666666666667,0.0,0.2666666666666667,0.3533333333333334,0.22666666666666668,-0.006666666666666599,0.22666666666666668,-0.003333333333333355,0.0,0.3533333333333334,0.0,0.3633333333333333,0.3466666666666667,0.1233333333333333,0.3466666666666667,0.0,0.21666666666666667
Rv0078,0.0,0.2433333333333333,0.0,0.0,0.0,-0.003333333333333355,0.0,0.0,0.0,0.0,0.0,0.0,0.0,0.0,0.0,0.0,0.0,0.0,0.0,0.0,0.0,0.0,0.0,0.0,0.0,0.0,0.0,0.0,0.0,0.0,0.0,0.0,0.0,-0.023333333333333317,0.2466666666666667,0.0,0.0,-0.003333333333333355,0.0,0.0,0.0,-0.023333333333333317,0.0,0.0,0.0,0.0,0.0,0.0,0.0,0.0,0.0,-0.21333333333333337,0.0,0.0,0.0,0.0,0.0,0.0,-0.013333333333333308,0.0,0.0,0.0,0.0,0.0,0.0,-0.030000000000000027,0.0,0.0,0.0,0.0,0.0,0.0,0.0,0.0,0.0,0.0,0.0,0.0,0.0,0.0,0.0,0.0,0.0,-0.003333333333333355,0.0,-0.013333333333333308,0.0,0.0,0.0,0.1266666666666667,0.0,0.0,-0.026666666666666672,0.0,0.2766666666666666,0.0,-0.003333333333333355,0.26,0.0,0.0
Rv0081,0.0,-0.003333333333333355,0.0,0.0,0.0,0.19333333333333336,0.0,0.0,0.0,0.0,0.0,0.0,0.0,0.0,0.0,0.0,0.0,0.0,0.0,0.0,0.0,0.0,0.0,0.0,0.0,0.0,0.0,0.0,0.0,0.0,0.0,0.0,0.0,0.0,-0.020000000000000018,0.0,0.0,-0.003333333333333355,0.0,0.0,0.0,0.0,0.0,0.0,0.0,0.0,0.0,0.0,0.0,0.0,0.0,0.0,0.0,0.0,0.0,0.0,0.0,0.0,0.0,0.0,0.0,0.0,0.0,0.0,0.0,0.0,0.0,0.0,0.0,0.0,0.0,0.0,0.0,0.0,0.0,0.0,0.0,0.0,0.0,0.0,0.0,0.0,0.0,0.0,0.0,0.0,0.0,0.0,0.0,0.0,0.0,0.0,0.0,0.0,0.0,0.0,0.0,0.0,0.0,0.0
Rv0117,0.0,0.0,0.0,0.0,0.0,0.3566666666666667,0.0,0.0,0.0,0.0,0.0,0.0,0.0,0.0,0.0,0.0,0.0,0.0,0.0,0.0,0.0,0.0,0.0,0.0,0.0,0.0,0.0,0.0,0.0,0.020000000000000018,0.0,0.0,0.0,0.0,-0.020000000000000018,0.0,0.0,-0.003333333333333355,0.0,0.0,0.040000000000000036,0.0,0.0,0.0,0.0,0.0,0.0,0.0,0.0,0.0,0.0,0.0,0.0,0.0,0.0,0.0,0.0,0.0,0.0,0.0,0.0,0.0,0.0,0.0,0.0,-0.003333333333333355,0.0,0.0,0.0,0.0,0.0,0.0,0.0,0.0,0.0,0.0,0.0,-0.006666666666666654,0.0,0.0,0.0,0.0,0.0,0.0,0.0,0.0,0.0,0.0,0.0,0.0,0.0,0.0,0.0,0.0,-0.013333333333333308,0.0,0.0,0.0,0.0,0.0
Rv0135c,0.0,0.0,0.0,0.0,0.0,-0.003333333333333355,0.0,0.0,0.0,0.0,0.0,0.0,0.0,0.0,0.0,0.0,0.0,0.0,0.0,0.0,0.0,0.0,0.0,0.0,0.0,0.0,0.0,0.0,0.0,0.0,0.0,0.0,0.0,0.0,-0.006666666666666654,0.0,0.0,-0.003333333333333355,0.0,0.0,0.0,0.0,0.0,0.0,0.0,0.0,0.0,0.0,0.0,0.0,0.0,0.0,0.0,0.0,0.0,0.0,0.0,0.0,0.0,0.0,0.0,0.0,0.0,0.0,0.0,0.0,0.0,0.0,0.0,0.0,0.0,0.0,0.0,0.0,0.0,0.0,0.0,0.0,0.0,0.0,0.0,0.0,0.0,0.0,0.0,0.0,0.0,0.0,0.0,0.0,0.0,0.0,0.0,0.0,-0.020000000000000018,0.0,0.0,0.0,-0.053333333333333344,0.0
Rv0158,0.0,0.47,0.0,0.040000000000000036,0.0,0.3566666666666667,0.0,0.0,0.0,0.0,0.0,0.0,0.0,0.0,0.0,0.0,0.0,0.0,0.0,0.0,0.0,0.0,0.0,0.0,0.0,0.0,0.0,0.0,0.0,0.023333333333333317,0.010000000000000009,0.0,0.0,0.0,-0.020000000000000018,0.0,0.0,-0.003333333333333355,0.0,0.0,0.0,0.0,0.0,0.0,0.0,0.0,0.0,0.0,0.0,0.0,0.0,0.013333333333333308,0.0,0.0,0.0,0.0,0.0,-0.013333333333333308,0.0,0.0,0.0,0.0,0.0,0.0,0.0,-0.003333333333333355,0.029999999999999916,0.0,0.0,0.0,0.0,0.0,0.0,0.3766666666666667,0.0,0.0,0.0,0.0,0.0,0.013333333333333308,0.0,0.0,0.0,-0.013333333333333308,0.0,0.0,0.0,0.0,0.0,0.32999999999999996,0.0,0.0,0.0,0.0,0.0,0.0,0.22666666666666668,0.0,0.0,0.0
Rv0195,0.0,0.30666666666666664,0.0,0.0,0.0,0.25,0.0,0.0,0.0,0.0,0.0,0.0,0.0,0.0,0.0,0.0,0.0,0.033333333333333326,0.0,0.0,0.0,0.0,0.0,0.0,0.0,0.0,0.0,0.30666666666666664,0.0,0.0,0.0,0.0,0.0,0.0,0.29333333333333333,0.0,0.0,-0.003333333333333355,0.0,0.0,0.0,0.0,0.0,0.0,0.0,0.0,0.0,0.0,0.0,0.0,0.0,-0.010000000000000009,0.0,0.0,0.0,0.0,0.0,0.0,-0.013333333333333308,0.0,0.0,0.0,0.0,0.0,0.0,-0.020000000000000018,0.0,0.0,0.0,0.0,0.0,0.0,0.0,0.0,0.0,0.0,0.0,0.0,0.0,0.0,0.0,0.0,0.0,0.0,0.0,0.08999999999999997,0.0,0.0,0.0,-0.020000000000000018,0.0,0.0,0.30333333333333334,0.0,0.3666666666666667,0.0,0.0,0.33666666666666667,0.0,0.0
Rv0232,0.0,0.35,0.0,0.0,0.0,0.2633333333333333,0.0,0.0,0.0,0.0,0.0,0.0,0.0,0.0,0.0,0.0,0.0,0.0,0.0,0.0,0.0,0.0,0.0,0.0,0.0,0.0,0.0,0.0,0.0,-0.09333333333333338,0.0,0.0,0.0,0.0,-0.020000000000000018,0.0,0.0,-0.003333333333333355,0.0,0.0,0.0,0.0,0.0,0.0,0.0,0.0,0.0,0.0,0.0,0.0,0.0,-0.1233333333333334,0.0,0.0,0.0,0.0,0.0,0.17000000000000004,0.0,0.0,0.0,0.0,0.0,0.0,0.0,0.0,0.0,0.0,0.0,0.0,0.0,0.0,0.0,0.26,0.0,0.0,0.0,0.0,0.0,-0.1466666666666666,0.0,0.0,0.0,0.0,0.0,0.0,0.0,0.0,0.0,0.20999999999999996,0.0,0.0,0.0,0.0,0.0,0.0,0.11333333333333329,0.0,0.0,0.0
Rv0238,0.0,0.0,0.0,0.0,0.0,0.0,0.0,0.0,0.0,0.0,0.0,0.0,0.0,0.0,0.0,0.0,0.0,0.0,0.0,0.0,0.0,0.0,0.0,0.0,0.0,0.0,0.0,0.0,0.0,0.0,0.0,0.0,0.0,0.0,-0.013333333333333308,0.0,0.0,-0.003333333333333355,0.0,0.0,0.0,0.0,0.0,0.0,0.0,0.0,0.0,0.0,0.0,0.0,0.0,0.006666666666666599,0.0,0.0,0.0,0.0,0.0,0.0,0.0,0.0,0.0,0.0,0.0,0.0,0.0,0.0,0.0,0.0,0.0,0.0,0.0,0.0,0.0,0.0,0.0,0.0,0.0,0.0,0.0,0.0,0.0,0.0,0.0,0.0,0.0,0.0,0.0,0.0,0.0,0.0,0.0,0.0,0.0,0.0,-0.030000000000000027,0.0,0.0,0.0,0.0,0.0
Rv0302,0.0,0.31000000000000005,0.0,0.0033333333333332993,0.0,0.036666666666666625,0.0,0.0,0.0,0.0,0.0,0.0,0.0,0.0,0.0,0.0,0.0,0.0,0.0,0.0,0.0,0.0,0.0,0.0,0.0,0.0,0.0,0.0,0.0,0.0,0.0,0.0,0.0,0.0,-0.020000000000000018,0.0,0.0,-0.003333333333333355,0.0,0.0,0.0,0.0,0.0,0.0,0.0,0.0,0.0,0.0,0.0,0.0,0.0,-0.15333333333333332,0.0,0.0,0.0,0.0,0.0,0.0,0.0,0.0,0.0,0.0,0.0,0.0,0.0,0.0,0.0,0.0,0.0,0.0,0.0,0.0,0.0,0.0,0.0,0.0,0.0,0.0,0.0,0.0,0.0,0.0,0.0,0.0,0.0,0.0,0.0,0.0,0.0,0.0,0.0,0.0,0.0,0.0,0.0,0.0,0.0,-0.006666666666666654,0.0,0.0
Rv0324,0.0,0.4033333333333333,0.0,0.040000000000000036,0.0,0.0,0.0,0.0,0.0,0.0,0.0,0.0,0.0,0.0,0.0,0.0,-0.010000000000000009,0.0,0.0,0.0,0.0,0.0,0.0,0.0,0.0,0.0,-0.006666666666666654,-0.013333333333333308,0.0,-0.056666666666666754,-0.05666666666666664,0.0,0.00666666666666671,0.0,0.43999999999999995,-0.013333333333333308,0.0,-0.003333333333333355,-0.010000000000000009,0.0,0.0,0.3966666666666666,0.0,0.0,-0.013333333333333308,-0.010000000000000009,0.0,0.0,0.0,0.0,0.0,-0.036666666666666736,0.0,0.0,0.0,0.0,0.0,-0.023333333333333317,0.18000000000000005,0.0,0.0,-0.010000000000000009,0.0,0.0,-0.05666666666666664,-0.013333333333333308,-0.050000000000000044,0.0,0.0,0.0,0.0,0.0,0.22333333333333338,-0.006666666666666654,0.0,0.0,0.0,0.0,0.0,-0.05666666666666664,0.0,0.0,0.0,-0.003333333333333355,0.0,0.2866666666666666,0.0,0.0,0.0,0.2866666666666666,0.0,0.0,0.0,0.0,0.43333333333333335,0.0,-0.033333333333333326,-0.010000000000000009,0.0,0.0
Rv0330c,0.0,-0.016666666666666663,0.0,0.0,0.0,0.050000000000000044,0.0,0.0,0.0,0.0,0.0,0.0,0.0,0.0,0.0,-0.010000000000000009,0.0,0.0,0.0,0.0,0.17333333333333334,0.17666666666666664,0.0,0.0,0.0,0.0,0.0,0.0,0.0,0.0,0.0,0.0,0.0,0.0,0.29333333333333333,0.0,0.0,-0.003333333333333355,0.0,0.0,0.0,0.0,0.0,0.0,0.0,0.0,0.0,-0.006666666666666654,0.0,0.0,0.0,-0.17666666666666675,0.0,0.0,0.0,0.0,0.0,0.0,0.0,0.0,0.0,0.0,0.0,0.17666666666666664,0.0,0.0,0.0,0.0,0.0,0.0,0.0,0.0,0.0,0.0,0.0,0.0,0.0,0.0,0.0,0.0,0.0,0.0,0.0,0.0,0.0,0.0,0.0,0.0,0.0,0.0,0.0,0.0,0.0,0.0,0.2833333333333333,0.0,0.0,0.0,0.0,0.0
Rv0353,0.0,0.1333333333333333,0.0,0.13,0.0,0.1266666666666667,0.0,0.0,0.0,0.0,0.0,0.033333333333333326,0.0,0.0,0.0,0.0,0.0,0.0,0.0,0.0,0.0,0.0,0.0,0.0,0.0,0.0,0.0,0.0,0.0,0.0,0.0,0.0,0.0,0.0,-0.010000000000000009,0.0,0.0,-0.003333333333333355,0.0,0.0,0.0,0.0,0.0,0.0,0.0,0.0,0.0,0.0,0.0,0.0,0.0,0.0,0.0,0.0,0.1333333333333333,0.1333333333333333,0.0,0.0,0.0,0.0,0.0,0.0,0.0,0.0,0.0,0.0,0.0,0.0033333333333332993,0.0,0.0,0.0,0.0,0.0,0.07666666666666666,0.0,0.1333333333333333,0.0,0.0,0.0,0.0,0.0,0.0,0.0,0.0,0.0,0.0,0.0,0.0,0.0,0.0,0.0,0.0,0.0,0.0,0.0,0.0,0.0,0.0,0.0,0.0
Rv0445c,0.0,0.42666666666666664,0.0,0.0,0.0,0.3533333333333334,0.0,0.0,0.0,0.0,0.0,0.0,0.0,0.0,0.0,0.0,0.0,0.0,0.0,0.0,0.0,0.0,0.0,0.0,0.0,0.0,0.0,0.0,0.0,0.0,0.0,0.0,0.0,0.0,-0.013333333333333308,0.0,0.0,-0.003333333333333355,0.0,0.0,0.0,-0.016666666666666663,0.0,0.0,0.0,0.0,0.0,0.0,0.0,0.0,0.0,0.026666666666666616,0.0,0.0,0.0,0.0,0.0,0.0,0.0,0.0,0.0,0.0,0.0,0.0,0.0,-0.020000000000000018,0.0,0.0,0.0,0.0,0.0,0.0,0.0,0.0,0.0,0.0,0.0,0.0,0.0,0.013333333333333308,0.0,0.0,0.0,-0.013333333333333308,0.0,0.0,0.0,0.0,0.0,-0.026666666666666672,0.0,0.0,0.0,0.0,-0.030000000000000027,0.0,0.0,0.0,0.0,0.0
Rv0474,0.0,0.39,0.0,-0.013333333333333308,0.0,-0.003333333333333355,0.0,0.0,0.0,0.0,0.0,0.0,0.0,0.0,0.0,0.0,0.0,0.0,0.0,0.0,0.0,0.0,0.0,0.0,0.0,0.0,0.0,0.0,0.0,-0.09666666666666668,0.0,0.0,0.0,0.0,-0.020000000000000018,0.0,0.0,-0.003333333333333355,0.0,0.0,0.0,0.0,0.0,0.0,0.0,0.0,0.0,0.0,0.0,0.0,0.0,-0.08666666666666667,0.0,0.0,0.0,0.0,0.0,-0.006666666666666654,0.0,0.0,0.0,0.0,0.0,0.0,0.0,0.0,0.0,0.0,0.0,0.0,0.0,0.0,0.0,-0.013333333333333308,0.0,0.0,0.0,0.0,0.0,0.0,0.0,0.0,0.0,0.0,0.0,0.0,0.0,0.0,0.0,-0.010000000000000009,0.0,0.0,0.0,0.0,0.0,0.0,-0.006666666666666654,0.0,0.0,0.0
Rv0494,0.0,0.42000000000000004,0.0,0.0,0.0,0.00666666666666671,0.0,0.0,0.0,0.0,0.0,0.0,0.0,0.0,0.0,0.0,0.17333333333333334,0.0,0.0,0.0,0.0,0.0,0.0,0.0,0.0,0.0,0.0,0.0,0.0,0.0,0.0,0.0,0.030000000000000027,0.0,0.42333333333333334,0.0,0.0,-0.003333333333333355,-0.013333333333333308,0.0,0.0,0.0,0.0,0.0,0.0,0.25,-0.003333333333333355,0.0,0.0,0.0,0.0,0.020000000000000018,0.0,0.0,0.0,0.0,0.0,0.0,0.0,0.0,0.0,0.0,0.0,0.0,0.0,0.0,0.0,0.0,0.0,0.0,0.0,0.0,0.05666666666666664,0.0,0.0,0.0,0.0,0.0,0.0,0.0,0.0,0.0,0.0,-0.003333333333333355,0.0,0.2866666666666666,0.0,0.0,0.0,-0.030000000000000027,0.0,0.0,0.0,0.0,0.49,0.0,0.0,0.0,0.0,0.0
Rv0602c,0.0,0.42333333333333334,0.0,0.0,0.0,0.35,0.0,0.0,0.0,0.0,0.0,0.0,0.0,0.0,0.0,0.0,0.17666666666666664,0.0,0.0,0.0,0.0,0.0,0.0,0.0,0.0,0.0,0.0,0.0,0.0,0.0,0.0,0.0,0.053333333333333344,0.0,0.42666666666666664,0.0,0.0,-0.003333333333333355,-0.023333333333333317,0.0,0.0,0.0,0.0,0.0,0.0,0.24,0.0,0.0,0.0,0.0,0.0,0.016666666666666607,0.0,0.0,0.0,0.0,0.0,0.0,0.0,0.0,0.0,0.0,0.0,0.0,0.0,-0.006666666666666654,0.0,0.0,0.0,0.0,0.0,0.0,0.050000000000000044,0.0,0.0,0.0,0.0,0.0,0.0,0.0,0.0,0.0,0.0,-0.003333333333333355,0.0,0.29000000000000004,0.0,0.0,0.0,0.30666666666666664,0.0,0.0,0.0,0.0,0.4933333333333333,0.0,0.0,0.0,0.0,0.0
Rv0623,0.0,0.35,0.0,0.0,0.0,0.22666666666666668,0.0,0.0,0.0,0.0,0.0,0.0,0.0,0.0,0.0,0.0,0.0,0.0,0.0,0.0,0.0,0.0,0.0,0.0,0.0,0.0,0.0,-0.016666666666666663,0.0,0.0,0.0,0.0,0.0,0.0,0.28,0.0,0.0,-0.003333333333333355,0.0,0.0,0.0,0.0,0.0,0.0,0.0,0.0,0.0,0.0,0.0,0.0,0.0,-0.10000000000000009,0.0,0.0,0.0,0.0,0.0,-0.016666666666666663,0.0,0.0,0.0,0.0,0.0,0.0,0.0,-0.003333333333333355,0.0,0.0,0.0,0.0,0.0,0.0,0.0,0.0,0.0,0.0,0.0,0.0,0.0,-0.1266666666666666,0.0,0.0,0.0,0.0,0.0,-0.013333333333333308,0.0,0.0,0.0,0.21666666666666667,0.0,0.0,0.0,0.0,0.29333333333333333,0.0,-0.003333333333333355,0.3533333333333334,0.0,0.0
Rv0653c,0.0,0.2766666666666666,0.0,0.0,0.0,0.0,0.0,0.0,0.0,0.0,0.0,0.0,0.0,0.0,0.0,0.0,0.0,0.0,0.0,0.0,0.0,0.0,0.0,0.0,0.0,0.0,0.0,0.0,0.0,0.0,0.0,0.0,0.0,0.0,-0.020000000000000018,0.0,0.0,-0.003333333333333355,0.0,0.0,0.0,0.0,0.0,0.0,0.0,0.0,0.0,0.0,0.0,0.0,0.0,-0.19000000000000006,0.0,0.0,0.0,0.0,0.0,0.1166666666666667,0.0,0.0,0.0,0.0,0.0,0.0,0.0,-0.013333333333333308,0.0,0.0,0.0,0.0,0.0,0.0,0.0,0.19333333333333336,0.0,0.0,0.0,0.0,0.0,0.0,0.0,0.0,0.0,-0.013333333333333308,0.0,0.0,0.0,0.0,0.0,0.1433333333333333,0.0,0.0,0.0,0.0,-0.013333333333333308,0.0,0.0,0.0,0.0,0.0
Rv0674,0.0,0.0,0.0,0.0,0.0,0.35,0.0,0.0,0.0,0.0,0.0,0.0,0.0,0.0,0.0,0.0,0.0,0.0,0.0,0.0,0.0,0.0,0.0,0.0,0.0,0.0,0.0,0.0,0.0,0.0,0.0,0.0,0.0,0.0,-0.020000000000000018,0.0,0.0,-0.003333333333333355,0.0,0.0,0.0,0.0,0.0,0.0,0.0,0.0,0.0,0.0,0.0,0.0,0.0,0.0,0.0,0.0,0.0,0.0,0.0,0.0,0.0,0.0,0.0,0.0,0.0,0.0,0.0,0.0,0.0,0.0,0.0,0.0,0.0,0.0,0.0,0.0,0.0,0.0,0.0,0.0,0.0,0.0,0.0,0.0,0.0,0.0,0.0,0.0,0.0,0.0,0.0,0.0,0.0,0.0,0.0,0.0,0.0,0.0,0.0,0.0,0.0,0.0
Rv0767c,0.0,0.08666666666666667,0.0,0.0,0.0,-0.003333333333333355,0.0,0.0,0.0,0.0,0.0,0.0,0.0,0.0,0.0,0.0,0.0,0.0,0.0,0.0,0.0,0.0,0.0,0.0,0.0,0.0,0.0,0.0,0.0,0.0,0.0,0.0,0.0,0.0,0.10333333333333339,0.0,0.0,-0.003333333333333355,0.0,0.0,0.0,0.0,0.0,0.0,0.0,0.0,0.0,0.0,0.0,0.0,0.0,0.0,0.0,0.0,0.0,0.0,0.0,0.0,0.0,0.0,0.0,0.0,0.0,0.0,0.0,-0.006666666666666654,0.0,0.0,0.0,0.0,0.0,0.0,0.0,0.0,0.0,0.0,0.0,0.0,0.0,0.0,0.0,0.0,0.0,0.0,0.0,-0.013333333333333308,0.0,0.0,0.0,0.0,0.0,0.0,0.0,0.0,0.1166666666666667,0.0,0.0,0.0,0.0,0.0
Rv0827c,0.0,0.43333333333333335,0.0,-0.006666666666666654,0.0,0.010000000000000009,0.0,0.0,0.0,0.0,0.0,0.0,0.0,0.0,0.0,-0.006666666666666654,0.0,0.0,0.0,0.0,0.0,0.0,0.0,0.0,0.0,0.0,0.0,0.0,0.0,0.0,0.010000000000000009,0.0,0.0,0.0,-0.013333333333333308,0.0,0.0,-0.003333333333333355,0.0,0.0,0.0,-0.013333333333333308,0.0,0.0,0.0,0.0,0.0,0.0,0.0,0.0,0.0,0.026666666666666616,0.0,0.0,-0.006666666666666654,-0.006666666666666654,0.0,0.0,0.0,0.0,0.0,0.0,0.0,0.0,0.0,-0.013333333333333308,0.0,0.0,0.0,0.0,0.0,0.0,0.0,0.0,0.0,0.0,0.0,0.0,0.0,0.013333333333333308,0.0,0.0,0.0,-0.013333333333333308,0.0,0.0,0.0,0.0,0.0,0.31000000000000005,0.0,0.0,0.0,0.0,-0.026666666666666672,0.0,0.0,-0.006666666666666654,0.0,0.0
Rv0880,0.0,0.45666666666666667,0.0,0.040000000000000036,0.0,0.3633333333333333,0.0,0.0,0.0,0.0,0.0,0.30666666666666664,0.0,0.0,0.0,-0.013333333333333308,0.0,0.0,0.0,0.0,0.0,0.0,-0.016666666666666663,0.0,0.0,0.0,0.0,0.0,0.0,0.029999999999999916,0.010000000000000009,0.0,0.0,0.0,-0.020000000000000018,0.0,0.0,-0.003333333333333355,0.0,0.0,0.040000000000000036,0.0,0.0,-0.006666666666666654,0.0,0.0,0.0,-0.010000000000000009,0.0,0.0,0.0,0.010000000000000009,0.0,0.0,0.0,0.42666666666666664,0.0,0.0,0.0,0.0,0.0,0.0,0.0,0.42666666666666664,0.0,-0.003333333333333355,0.029999999999999916,-0.006666666666666654,0.0,0.0,0.0,0.0,0.0,-0.010000000000000009,-0.006666666666666654,0.0,0.0,0.18666666666666665,0.0,0.010000000000000009,-0.010000000000000009,0.0,0.0,0.0,0.0,0.0,0.0,0.0,0.0,0.31666666666666665,0.0,0.0,0.0,0.0,0.0,0.0,-0.033333333333333326,0.0,0.0,0.0
Rv0891c,0.0,0.0,0.0,0.0,0.0,0.0,0.0,0.0,0.0,0.0,0.0,0.0,0.0,0.0,0.0,0.0,0.0,0.0,0.0,0.0,0.0,0.0,0.0,0.0,0.0,0.0,0.0,0.0,0.0,0.0,0.0,0.0,0.0,0.0,-0.013333333333333308,0.0,0.0,-0.003333333333333355,0.0,0.0,0.0,0.0,0.0,0.0,0.0,0.0,0.0,0.0,0.0,0.0,0.0,0.006666666666666599,0.0,0.0,0.0,0.0,0.0,0.0,0.0,0.0,0.0,0.0,0.0,0.0,0.0,-0.003333333333333355,0.0,0.0,0.0,0.0,0.0,0.0,0.0,0.0,0.0,0.0,0.0,0.0,0.0,0.0,0.0,0.0,0.0,-0.013333333333333308,0.0,0.0,0.0,0.0,0.0,0.0,0.0,0.0,0.0,0.0,-0.026666666666666672,0.0,0.0,0.0,0.0,0.0
Rv0894,0.0,0.020000000000000018,0.010000000000000009,0.0,-0.056666666666666754,-0.1133333333333334,0.0,0.0,0.020000000000000018,0.0,0.023333333333333317,0.0,-0.09333333333333338,0.0,0.0,-0.056666666666666754,0.0,0.0,0.0,-0.09666666666666668,0.0,0.0,0.0,0.0,0.0,0.0,0.0,0.029999999999999916,0.0,0.0,-0.053333333333333344,0.0,0.0,-0.06000000000000005,-0.033333333333333326,0.0,0.0,0.0,0.0,0.0,0.0,0.020000000000000018,-0.07333333333333336,0.020000000000000018,0.0,0.0,0.0,0.0,0.0,0.0,0.0,-0.040000000000000036,0.0,0.0,0.0,0.0,0.0,0.0,0.0,0.0,0.0,0.0,0.0,0.0,-0.19000000000000006,-0.053333333333333344,0.0,0.0,0.0,0.0,0.0,0.0,0.0,-0.056666666666666754,0.0,0.0,0.010000000000000009,0.0,0.0,0.0,0.0,0.0,0.0,-0.043333333333333335,0.0,-0.1266666666666667,0.016666666666666607,0.0,0.08999999999999997,-0.056666666666666754,0.0,0.0,0.020000000000000018,0.0,0.016666666666666607,0.0,0.0,0.013333333333333308,0.0,-0.13666666666666671
Rv0967,0.0,0.0,0.010000000000000009,0.0,0.0,0.0,0.0,0.0,0.0,0.0,0.010000000000000009,0.0,0.0,0.0,0.0,-0.05666666666666664,0.0,0.0,0.0,0.0,0.0,0.0,0.0,0.0,0.0,0.0,0.010000000000000009,0.010000000000000009,0.0,-0.053333333333333344,0.0,0.0,0.0,0.0,-0.07666666666666666,0.0,0.0,0.0,0.0,0.0,0.0,0.0,-0.13,0.0,0.0,0.0,0.0,0.0,0.0,0.0,0.0,0.0,0.0,0.0,0.0,0.0,0.0,0.0,0.0,0.0,0.0,0.0,0.0,0.0,0.0,0.0,0.0,0.0,0.0,0.0,0.0,0.0,-0.05666666666666664,0.0,0.0,0.0,0.010000000000000009,0.0,0.0,0.0,0.0,0.0,0.0,-0.05666666666666664,0.0,0.0,0.01666666666666672,0.0,0.1333333333333333,0.0,0.0,0.0,0.0,0.0,0.0,0.0,0.0,0.0,-0.10999999999999999,0.0
Rv1049,0.0,0.2733333333333333,0.0,0.0,0.0,-0.006666666666666654,0.0,0.0,0.0,0.0,0.0,0.0,0.0,0.0,0.0,0.0,0.0,0.0,0.0,0.0,0.0,0.0,0.0,0.0,0.0,0.0,0.0,0.0,0.0,0.0,0.0,0.0,0.0,-0.020000000000000018,0.2633333333333333,0.0,0.0,-0.003333333333333355,0.0,0.0,0.0,0.2466666666666667,0.0,0.0,0.0,0.0,0.0,0.0,0.0,0.0,0.0,-0.21666666666666667,0.0,0.0,0.0,0.0,0.0,0.11333333333333329,0.0,0.0,0.0,0.0,0.0,0.0,0.0,-0.013333333333333308,0.0,0.0,0.0,0.0,0.0,0.0,0.0,-0.016666666666666663,0.0,0.0,0.0,0.0,0.0,0.0,0.0,0.0,0.0,-0.003333333333333355,0.0,-0.016666666666666663,0.0,0.0,0.0,0.14,0.0,0.0,0.0,0.0,0.2666666666666667,0.0,0.0,0.0,0.0,0.0
Rv1176c,0.0,0.06666666666666665,0.0,0.040000000000000036,0.0,0.053333333333333344,0.0,0.0,0.0,0.0,0.0,0.0,0.0,0.0,0.0,0.00666666666666671,0.0,0.0,0.0,0.0,0.030000000000000027,0.053333333333333344,0.0,0.0,0.0,0.0,0.0,0.0,0.0,0.0,0.0,0.0,0.0,0.0,-0.020000000000000018,0.0,0.0,-0.003333333333333355,0.0,0.0,0.040000000000000036,0.0,0.0,0.0,0.0,0.0,0.0,0.026666666666666616,0.0,0.0,0.0,-0.053333333333333344,0.0,0.0,0.0,0.053333333333333344,0.0,0.0,0.0,0.0,0.0,0.0,0.0,0.053333333333333344,0.0,0.0,0.0,0.053333333333333344,0.0,0.0,0.0,0.0,0.0,-0.006666666666666654,0.0,0.0,0.0,0.0,0.0,0.0,0.0,0.0,0.0,0.0,0.0,-0.006666666666666654,0.0,0.0,0.0,0.0,0.0,0.0,0.0,0.0,0.0,0.0,0.0,0.0,0.0,0.0
Rv1186c,0.0,-0.010000000000000009,0.0,0.040000000000000036,0.0,0.046666666666666634,-0.023333333333333317,0.0,0.0,0.0,0.0,0.0,0.0,0.0,0.0,0.0,0.0,0.0,0.0,0.0,0.0,0.0,0.0,0.0,0.0,0.0,0.0,0.0,0.0,-0.06000000000000005,0.0,-0.020000000000000018,0.0,0.0,-0.020000000000000018,0.0,0.0,-0.003333333333333355,0.0,0.0,0.040000000000000036,0.0,0.0,0.0,0.0,0.0,0.0,0.0,0.0,0.0,0.0,0.0,0.0,0.0,0.0,0.0,0.0,0.0,0.0,0.0,0.0,0.0,0.0,-0.010000000000000009,0.0,0.0,0.0,0.0,0.0,0.0,0.0,0.0,0.0,0.0,0.0,0.0,0.0,-0.016666666666666663,0.0,0.0,0.0,0.0,0.0,0.0,0.0,0.0,0.0,0.0,0.0,0.0,0.0,0.0,0.0,0.0,0.0,0.0,0.0,0.0,0.0,0.0
Rv1189,0.3933333333333333,0.41666666666666663,-0.006666666666666654,0.35,-0.020000000000000018,0.35,0.2466666666666667,-0.020000000000000018,-0.020000000000000018,-0.006666666666666654,-0.020000000000000018,0.29333333333333333,-0.020000000000000018,-0.013333333333333308,-0.020000000000000018,0.43999999999999995,0.29333333333333333,-0.010000000000000009,-0.013333333333333308,-0.020000000000000018,0.42333333333333334,0.42666666666666664,0.28,-0.020000000000000018,-0.020000000000000018,0.10333333333333339,-0.013333333333333308,-0.020000000000000018,-0.013333333333333308,-0.033333333333333326,-0.07666666666666666,0.2633333333333333,-0.020000000000000018,-0.020000000000000018,0.0,-0.020000000000000018,-0.013333333333333308,-0.019999999999999962,0.33333333333333337,-0.013333333333333308,0.040000000000000036,-0.020000000000000018,-0.020000000000000018,-0.020000000000000018,-0.020000000000000018,-0.026666666666666672,0.37,0.39,-0.020000000000000018,-0.020000000000000018,-0.013333333333333308,-0.033333333333333326,-0.020000000000000018,-0.023333333333333317,-0.013333333333333308,0.3866666666666667,-0.013333333333333308,-0.006666666666666654,-0.020000000000000018,-0.013333333333333308,0.41666666666666663,-0.020000000000000018,0.42333333333333334,0.42333333333333334,-0.013333333333333308,-0.020000000000000018,-0.053333333333333344,0.4066666666666666,-0.013333333333333308,-0.006666666666666599,0.0,0.2766666666666666,-0.013333333333333308,-0.003333333333333355,-0.020000000000000018,-0.020000000000000018,-0.020000000000000018,0.18333333333333335,0.4066666666666666,-0.06333333333333335,0.036666666666666625,0.0,0.0,-0.020000000000000018,-0.020000000000000018,-0.020000000000000018,-0.020000000000000018,-0.020000000000000018,-0.006666666666666599,-0.006666666666666654,-0.026666666666666672,-0.020000000000000018,-0.006666666666666654,-0.020000000000000018,-0.020000000000000018,-0.020000000000000018,-0.030000000000000027,-0.020000000000000018,0.0,-0.020000000000000018
Rv1219c,0.0,0.29000000000000004,0.0,0.0,0.0,0.050000000000000044,0.0,0.0,0.0,0.0,0.0,0.0,0.0,0.0,0.0,-0.013333333333333308,0.0,0.0,0.0,0.0,0.0,0.0,0.0,0.0,0.0,0.0,0.0,0.0,0.0,0.0,0.0,0.0,0.0,0.0,-0.020000000000000018,0.0,0.0,-0.003333333333333355,0.0,0.0,0.0,0.0,0.0,0.0,0.0,0.0,0.0,0.0,0.0,0.0,0.0,-0.1166666666666667,0.0,0.0,0.0,0.0,0.0,0.0,0.0,0.0,0.0,0.0,0.0,0.0,0.0,0.0,0.0,0.0,0.0,0.0,0.0,0.0,0.0,0.0,0.0,0.0,0.0,0.0,0.0,-0.1433333333333333,0.0,0.0,0.0,0.0,0.0,0.0,-0.033333333333333326,0.0,0.0,0.0,0.0,0.0,0.0,0.0,-0.013333333333333308,0.0,0.0,0.0,0.0,0.0
Rv1359,0.0,0.4066666666666666,0.0,0.0,0.0,0.0,0.0,0.0,0.0,0.0,0.0,0.0,0.0,0.0,0.0,0.0,0.0,0.0,0.0,0.0,0.0,0.0,0.0,0.0,0.0,0.0,0.0,0.0,0.0,0.0,0.0,0.0,0.0,0.0,-0.013333333333333308,0.0,0.0,-0.003333333333333355,0.0,0.0,0.0,0.0,0.0,0.0,0.0,0.0,0.0,0.0,0.0,0.0,0.0,0.013333333333333308,0.0,0.0,0.0,0.0,0.0,0.0,0.0,0.0,0.0,0.0,0.0,0.0,0.0,-0.020000000000000018,0.0,0.0,0.0,0.0,0.0,0.0,0.0,0.0,0.0,0.0,0.0,0.0,0.0,0.0,0.0,0.0,0.0,-0.013333333333333308,0.0,0.0,0.0,0.0,0.0,0.0,0.0,0.0,0.0,0.0,-0.013333333333333308,0.0,0.0,0.0,0.0,0.0
Rv1379,-0.003333333333333355,-0.023333333333333317,-0.003333333333333355,-0.003333333333333355,-0.003333333333333355,-0.003333333333333355,-0.003333333333333355,-0.003333333333333355,-0.003333333333333355,-0.003333333333333355,-0.003333333333333355,-0.003333333333333355,-0.003333333333333355,-0.003333333333333355,-0.003333333333333355,-0.003333333333333355,-0.003333333333333355,-0.003333333333333355,-0.003333333333333355,-0.003333333333333355,-0.003333333333333355,-0.003333333333333355,-0.003333333333333355,-0.003333333333333355,-0.003333333333333355,-0.003333333333333355,-0.003333333333333355,-0.003333333333333355,-0.003333333333333355,0.0,0.0,-0.003333333333333355,-0.003333333333333355,-0.003333333333333355,-0.019999999999999962,-0.003333333333333355,-0.003333333333333355,0.0,-0.003333333333333355,-0.003333333333333355,-0.003333333333333355,-0.003333333333333355,-0.003333333333333355,-0.003333333333333355,-0.003333333333333355,-0.003333333333333355,-0.003333333333333355,-0.003333333333333355,-0.003333333333333355,-0.003333333333333355,-0.003333333333333355,0.0,-0.003333333333333355,-0.003333333333333355,-0.003333333333333355,-0.003333333333333355,-0.003333333333333355,-0.003333333333333355,-0.003333333333333355,-0.003333333333333355,-0.003333333333333355,-0.003333333333333355,-0.003333333333333355,-0.003333333333333355,0.0,-0.003333333333333355,-0.040000000000000036,-0.003333333333333355,-0.003333333333333355,0.0,-0.003333333333333355,-0.003333333333333355,-0.003333333333333355,-0.003333333333333355,-0.003333333333333355,-0.003333333333333355,-0.003333333333333355,-0.003333333333333355,-0.003333333333333355,-0.040000000000000036,-0.003333333333333355,-0.003333333333333355,-0.003333333333333355,-0.003333333333333355,-0.003333333333333355,-0.003333333333333355,-0.003333333333333355,-0.003333333333333355,0.0,-0.003333333333333355,-0.003333333333333355,-0.003333333333333355,-0.003333333333333355,-0.003333333333333355,-0.003333333333333355,-0.003333333333333355,-0.003333333333333355,-0.003333333333333355,-0.0033333333333334103,-0.003333333333333355
Rv1395,0.0,-0.030000000000000027,0.0,0.0,0.0,0.0,0.0,0.0,0.0,0.0,0.0,0.0,0.0,0.0,0.0,-0.010000000000000009,0.0,0.0,0.0,0.0,-0.013333333333333308,-0.023333333333333317,0.0,0.0,0.0,0.0,0.0,0.0,0.0,0.0,0.0,0.0,0.0,0.0,0.33333333333333337,0.0,0.0,-0.003333333333333355,0.0,0.0,0.0,0.0,0.0,0.0,0.0,0.0,0.0,0.0,0.0,0.0,0.0,-0.07666666666666666,0.0,0.0,0.0,0.0,0.0,0.0,0.0,0.0,0.0,0.0,0.0,-0.010000000000000009,0.0,-0.006666666666666654,0.0,0.0,0.0,0.0,0.0,0.0,-0.003333333333333355,0.0,0.0,0.0,0.0,0.0,0.0,0.0,0.0,0.0,0.0,0.0,0.0,-0.003333333333333355,0.0,0.0,0.0,0.0,0.0,0.0,0.0,0.0,0.2866666666666666,0.0,0.0,0.0,0.0,0.0
Rv1404,0.0,0.0,0.0,0.0,0.0,0.0,0.0,0.0,0.0,0.0,0.0,0.0,0.0,0.0,0.0,0.0,0.0,0.0,0.0,0.0,0.0,0.0,0.0,0.0,0.0,0.0,0.0,0.0,0.0,0.0,0.0,0.0,0.0,0.0,-0.013333333333333308,0.0,0.0,-0.003333333333333355,0.0,0.0,0.0,0.0,0.0,0.0,0.0,0.0,0.0,0.0,0.0,0.0,0.0,0.006666666666666599,0.0,0.0,0.0,0.0,0.0,0.0,0.0,0.0,0.0,0.0,0.0,0.0,0.0,-0.003333333333333355,0.0,0.0,0.0,0.0,0.0,0.0,0.0,0.0,0.0,0.0,0.0,0.0,0.0,0.0,0.0,0.0,0.0,-0.013333333333333308,0.0,0.0,0.0,0.0,0.0,0.0,0.0,0.0,0.0,0.0,-0.013333333333333308,0.0,0.0,0.0,0.0,0.0
Rv1423,0.0,0.026666666666666616,0.0,0.0,0.0,0.036666666666666625,0.0,0.0,0.040000000000000036,0.0,0.0,0.0,0.0,0.0,0.0,0.0,0.0,0.0,0.0,0.0,0.0,0.0,0.0,0.0,0.0,0.0,0.0,0.040000000000000036,0.0,0.0,0.0,0.0,0.040000000000000036,0.040000000000000036,0.040000000000000036,0.0,0.0,-0.003333333333333355,0.0,0.0,0.0,0.040000000000000036,0.0,0.0,0.0,0.0,0.0,0.0,0.0,0.0,0.0,0.006666666666666599,0.0,0.0,0.040000000000000036,0.0,0.0,0.040000000000000036,0.040000000000000036,0.0,0.0,0.0,0.0,0.0,0.0,0.033333333333333326,0.0,0.0,0.0,0.0,0.0,0.0,0.0,0.040000000000000036,0.0,0.0,0.0,0.0,0.0,0.0,0.0,0.0,0.0,0.040000000000000036,0.0,0.040000000000000036,0.0,0.0,0.0,0.0,0.0,0.0,0.040000000000000036,0.0,0.040000000000000036,0.0,0.0,0.040000000000000036,0.0,0.0
Rv1460,0.0,0.0,0.0,0.040000000000000036,0.0,0.3566666666666667,-0.023333333333333317,0.0,0.0,0.0,0.0,0.0,0.0,0.0,0.0,0.3966666666666666,0.0,0.0,-0.016666666666666663,0.0,0.0,0.0,0.0,0.0,0.0,0.0,-0.013333333333333308,0.0,0.0,0.020000000000000018,0.0,0.2466666666666667,0.0,0.0,-0.020000000000000018,0.0,0.0,-0.003333333333333355,0.0,0.0,0.040000000000000036,0.0,0.0,0.0,0.0,0.0,0.0,0.0,0.0,0.0,0.0,0.0,0.0,0.0,0.0,0.0,0.0,0.0,0.0,0.0,0.0,0.0,0.0,0.43666666666666665,0.0,0.0,0.0,0.0,0.0,0.0,0.0,-0.023333333333333317,0.0,0.0,0.0,0.0,0.0,0.19999999999999996,0.0,0.0,-0.003333333333333355,0.0,0.0,0.0,0.0,0.0,0.0,0.0,0.0,0.0,0.0,0.0,0.0,0.0,0.0,0.0,0.0,0.0,0.0,0.0
Rv1473A,0.0,0.33333333333333337,0.0,0.0,0.0,0.22999999999999998,0.0,0.0,0.0,0.0,0.0,0.0,0.0,0.0,0.0,0.0,0.0,0.0,0.0,0.0,0.0,0.0,0.0,0.0,0.0,0.0,0.0,0.0,0.0,-0.07333333333333336,-0.13,0.0,0.0,0.0,-0.020000000000000018,0.0,0.0,-0.003333333333333355,0.0,0.0,0.0,0.0,0.0,0.0,0.0,0.0,0.0,0.0,0.0,0.0,0.0,-0.1233333333333334,0.0,0.0,0.0,-0.020000000000000018,0.0,0.0,0.0,0.0,0.0,0.0,0.0,0.29666666666666663,0.0,0.0,0.0,-0.030000000000000027,0.0,0.0,0.0,0.0,0.0,0.0,0.0,0.0,0.0,-0.003333333333333355,0.0,-0.1266666666666666,0.0,0.0,0.0,0.0,0.0,0.0,0.0,0.0,0.0,-0.020000000000000018,0.0,0.0,0.0,0.0,0.0,0.0,0.0,0.0,0.0,0.0
Rv1556,0.0,0.0,0.0,0.0,0.0,0.010000000000000009,0.0,0.0,0.0,0.0,0.0,0.0,0.0,0.0,0.0,0.0,0.0,0.0,0.0,0.0,0.0,0.0,0.0,0.0,0.0,0.0,0.0,-0.006666666666666654,0.0,0.020000000000000018,0.0,0.0,0.0,0.0,-0.020000000000000018,0.0,0.0,-0.003333333333333355,0.0,0.0,0.0,0.0,0.0,0.0,0.0,0.0,0.0,0.0,0.0,0.0,0.0,0.0,0.0,0.0,0.0,0.0,0.0,0.0,0.0,0.0,0.0,0.0,0.0,0.0,0.0,-0.003333333333333355,0.0,0.0,0.0,0.0,0.0,0.0,0.0,0.0,0.0,0.0,0.0,0.0,0.0,0.0,0.0,0.0,0.0,0.0,0.0,-0.016666666666666663,0.0,0.0,0.0,0.0,0.0,0.0,0.0,0.0,-0.013333333333333308,0.0,0.0,0.0,0.0,0.0
Rv1657,0.0,0.33999999999999997,0.0,0.0,0.0,0.0,0.0,0.0,0.0,0.0,0.0,0.0,0.0,0.0,0.0,-0.013333333333333308,0.0,0.0,0.0,0.0,0.0,0.0,0.0,0.0,0.0,0.0,0.0,0.0,0.0,0.0,0.0,0.0,0.0,0.0,-0.020000000000000018,0.0,0.0,-0.003333333333333355,0.0,0.0,0.0,0.0,0.0,0.0,0.0,0.0,0.0,0.0,0.0,0.0,0.0,-0.10333333333333339,0.0,0.0,0.0,0.0,0.0,0.0,0.0,0.0,0.0,0.0,0.0,-0.016666666666666663,0.0,0.0,0.0,0.0,0.0,0.0,0.0,0.0,0.0,0.0,0.0,0.0,0.0,0.0,0.0,-0.10999999999999999,0.0,0.0,0.0,-0.003333333333333355,0.0,-0.006666666666666654,0.0,0.0,0.0,-0.016666666666666663,0.0,0.0,0.0,0.0,-0.013333333333333308,0.0,0.0,-0.006666666666666654,0.0,0.0
Rv1674c,0.0,-0.006666666666666654,0.0,0.040000000000000036,0.0,0.16000000000000003,0.0,0.0,0.0,0.0,0.0,0.0,0.0,0.0,0.0,-0.010000000000000009,0.0,0.0,0.0,0.0,0.25,0.24,0.0,0.0,0.0,0.0,0.0,0.0,0.0,0.0,0.0,0.0,0.0,0.0,-0.026666666666666672,0.0,0.0,-0.003333333333333355,0.0,0.0,0.0,0.0,0.0,0.0,0.0,0.0,0.0,0.2533333333333333,0.0,0.0,0.0,0.0,0.0,0.0,0.0,-0.013333333333333308,0.0,0.0,0.0,0.0,-0.023333333333333317,0.0,0.0,0.2533333333333333,0.0,-0.003333333333333355,0.0,0.0,0.0,0.0,0.0,0.0,0.0,0.0,0.0,0.0,0.0,0.0,0.0,0.0,0.0,0.0,0.0,0.0,0.0,0.0,0.0,0.0,0.0,0.0,0.0,0.0,0.0,0.0,0.21333333333333337,0.0,0.0,0.0,0.0,0.0
Rv1675c,0.0,0.3833333333333333,0.0,0.0,0.0,0.0,0.0,0.0,0.0,0.0,0.0,0.0,0.0,0.0,0.0,0.0,0.0,0.0,0.0,0.0,-0.003333333333333355,0.0,0.0,0.0,0.0,0.0,0.0,0.0,0.0,0.0,0.0,0.0,0.0,0.0,0.37,0.0,0.0,-0.003333333333333355,0.0,0.0,0.0,0.0,0.0,0.0,0.0,0.0,0.0,0.0,0.0,0.0,0.0,-0.01666666666666672,0.0,0.0,0.0,0.0,0.0,0.0,0.0,0.0,0.0,0.0,0.0,0.0,0.0,-0.006666666666666654,0.0,0.0,0.0,0.0,0.0,0.0,-0.006666666666666654,0.0,0.0,0.0,0.0,0.0,0.0,-0.033333333333333326,0.0,0.0,0.0,0.0,0.0,0.29000000000000004,0.0,0.0,0.0,-0.03666666666666668,0.0,0.0,0.0,0.0,0.41000000000000003,0.0,0.0,0.0,0.0,0.0
Rv1719,0.0,0.3966666666666666,0.0,0.0,0.0,0.00666666666666671,0.0,0.0,0.0,0.0,0.0,0.0,0.0,0.0,0.0,0.0,-0.006666666666666654,0.0,0.0,0.0,0.0,0.0,0.0,0.0,0.0,0.0,0.0,-0.010000000000000009,0.0,0.0,0.0,0.0,0.026666666666666616,0.0,0.39,0.0,0.0,-0.003333333333333355,0.0,0.0,0.0,0.0,0.0,0.0,0.0,0.2533333333333333,0.0,0.0,0.0,0.0,0.0,-0.020000000000000018,0.0,0.0,0.0,0.0,0.0,0.0,-0.003333333333333355,0.0,0.0,0.0,0.0,0.0,0.0,-0.006666666666666654,0.0,0.0,0.0,0.0,0.0,0.0,0.0033333333333332993,0.0,0.0,0.0,0.0,0.0,0.0,-0.036666666666666625,0.0,0.0,0.0,-0.006666666666666654,0.0,0.2533333333333333,0.0,0.0,0.0,0.28,0.0,0.0,0.0,0.0,0.45666666666666667,0.0,0.0,0.0,0.0,0.0
Rv1773c,0.0,0.1333333333333333,0.0,0.0,0.0,-0.006666666666666654,0.0,0.0,0.0,0.0,0.0,0.0,0.0,0.0,0.0,0.0,0.0,0.0,0.0,0.0,0.0,0.0,0.0,0.0,0.0,0.0,0.0,0.0,0.0,0.0,0.0,0.0,0.0,0.0,-0.020000000000000018,0.0,0.0,-0.003333333333333355,0.0,0.0,0.0,0.0,0.0,0.0,0.0,0.0,0.0,0.0,0.0,0.0,0.0,0.0,0.0,0.0,0.0,0.0,0.0,0.0,0.0,0.0,0.0,0.0,0.0,0.0,0.0,0.0,0.0,0.0,0.0,0.0,0.0,0.0,0.0,-0.010000000000000009,0.0,0.0,0.0,0.0,0.0,0.0,0.0,0.0,0.0,0.0,0.0,0.0,0.0,0.0,0.0,0.0,0.0,0.0,0.0,0.0,0.0,0.0,0.0,0.0,0.0,0.0
Rv1828--Rv0981--Rv1332,0.0,0.0,0.0,0.0,0.0,0.0,0.0,0.0,0.0,0.0,0.0,0.0,0.0,0.0,0.0,0.0,0.0,0.0,0.0,0.0,0.0,0.0,0.0,0.0,0.0,0.0,0.0,0.0,0.0,0.0,0.0,0.0,0.0,0.0,-0.020000000000000018,0.0,0.0,-0.003333333333333355,0.0,0.0,0.0,0.0,0.0,0.0,0.0,0.0,0.0,0.0,0.0,0.0,0.0,0.0,0.0,0.0,0.0,0.0,0.0,0.0,0.0,0.0,0.0,0.0,0.0,0.0,0.0,0.0,0.0,0.0,0.0,0.0,0.0,0.0,0.0,0.0,0.0,0.0,0.0,0.0,0.0,0.0,0.0,0.0,0.0,0.0,0.0,0.0,0.0,0.0,0.0,0.0,0.0,0.0,0.0,0.0,0.0,0.0,0.0,0.0,0.0,0.0
Rv1846c,0.0,0.0,0.0,0.0,0.0,0.0,0.0,0.0,0.0,0.0,0.0,0.0,0.0,0.0,0.0,0.0,0.0,0.0,0.0,0.0,0.0,0.0,0.0,0.0,0.0,0.0,0.0,0.0,0.0,0.0,0.0,0.0,0.0,0.0,-0.013333333333333308,0.0,0.0,-0.003333333333333355,0.0,0.0,0.0,0.0,0.0,0.0,0.0,0.0,0.0,0.0,0.0,0.0,0.0,0.006666666666666599,0.0,0.0,0.0,0.0,0.0,0.0,0.0,0.0,0.0,0.0,0.0,0.0,0.0,-0.003333333333333355,0.0,0.0,0.0,0.0,0.0,0.0,0.0,0.0,0.0,0.0,0.0,0.0,0.0,0.0,0.0,0.0,0.0,-0.013333333333333308,0.0,0.0,0.0,0.0,0.0,0.0,0.0,0.0,0.0,0.0,-0.026666666666666672,0.0,0.0,0.0,0.0,0.0
Rv1956,0.006666666666666599,0.006666666666666599,0.020000000000000018,0.006666666666666599,0.0,-0.10666666666666669,-0.21333333333333337,0.0,0.0,0.0,0.013333333333333308,-0.010000000000000009,-0.1233333333333334,0.006666666666666599,-0.15333333333333332,-0.036666666666666736,-0.17666666666666675,0.0,0.026666666666666616,-0.08666666666666667,0.020000000000000018,0.016666666666666607,-0.10000000000000009,-0.19000000000000006,0.0,0.0,0.026666666666666616,0.010000000000000009,0.006666666666666599,-0.040000000000000036,0.0,-0.21666666666666667,-0.053333333333333344,0.0,-0.033333333333333326,-0.1166666666666667,0.013333333333333308,0.0,-0.07666666666666666,0.006666666666666599,0.006666666666666599,0.0,-0.1233333333333334,0.0,-0.10333333333333339,0.0,-0.01666666666666672,-0.020000000000000018,0.0,0.0,0.006666666666666599,0.0,-0.08666666666666667,0.0,0.006666666666666599,0.013333333333333308,0.0,0.0,0.0,0.016666666666666607,0.016666666666666607,0.010000000000000009,0.006666666666666599,0.016666666666666607,-0.17666666666666675,0.0,0.0,0.006666666666666599,0.006666666666666599,0.0,0.006666666666666599,-0.17333333333333334,-0.043333333333333335,0.006666666666666599,-0.040000000000000036,0.0,0.020000000000000018,-0.20666666666666667,0.006666666666666599,0.0,0.016666666666666607,0.006666666666666599,0.0,-0.043333333333333335,-0.21000000000000008,-0.17666666666666675,0.026666666666666616,0.0,0.1333333333333333,0.0,-0.09333333333333338,0.0,0.0,-0.31333333333333335,0.0033333333333332993,0.0,-0.10000000000000009,0.006666666666666599,0.0,-0.06666666666666665
Rv1990c,0.0,0.3566666666666667,0.0,0.0,0.0,0.05666666666666664,0.0,0.0,0.0,0.0,0.0,0.0,0.0,0.0,0.0,0.0,0.0,0.0,0.0,0.0,0.0,0.0,0.0,0.0,0.0,0.0,0.0,0.0,0.0,0.0,0.0,0.0,0.0,0.0,-0.020000000000000018,0.0,0.0,-0.003333333333333355,0.0,0.0,0.0,0.0,0.0,0.0,0.0,0.0,0.0,0.0,0.0,0.0,0.0,-0.08666666666666667,0.0,0.0,0.0,0.0,0.0,0.0,0.0,0.0,0.0,0.0,0.0,-0.006666666666666654,0.0,0.0,-0.0033333333333334103,0.0,0.0,0.0,0.0,0.0,0.0,0.0,0.0,0.0,0.0,0.0,0.0,-0.0033333333333332993,0.0,0.0,0.0,0.0,0.0,0.0,0.0,0.0,0.0,-0.013333333333333308,0.0,0.0,0.0,0.0,0.0,0.0,0.0,0.0,0.0,0.0
Rv1994c,0.0,-0.016666666666666663,0.0,0.0,0.0,0.2666666666666667,0.0,0.0,0.0,0.0,0.0,0.0,0.0,0.0,0.0,0.0,0.0,0.0,0.0,0.0,0.0,0.0,0.0,0.0,0.0,0.0,0.0,0.0,0.0,0.0,0.0,0.0,0.0,0.0,-0.023333333333333317,0.0,0.0,-0.003333333333333355,0.0,0.0,0.0,0.0,0.0,0.0,0.0,0.0,0.0,0.0,0.0,0.0,0.0,0.0,0.0,0.0,0.0,0.0,0.0,0.0,0.0,0.0,0.0,0.0,0.0,0.0,0.0,0.0,0.0,0.0,0.0,0.0,0.0,0.0,0.0,0.0,0.0,0.0,0.0,0.0,0.0,0.0,0.0,0.0,0.0,0.0,0.0,0.0,0.0,0.0,0.0,0.0,0.0,0.0,0.0,0.0,0.0,0.0,0.0,-0.006666666666666654,0.0,0.0
Rv2009,0.0,0.0,0.0,0.0,0.0,0.35,0.0,0.0,0.0,0.0,0.0,0.0,0.0,0.0,0.0,0.0,0.0,0.1333333333333333,0.0,0.0,0.0,0.0,0.0,0.0,0.0,0.0,-0.006666666666666654,0.0,0.0,0.0,0.0,0.0,0.0,0.0,-0.013333333333333308,0.0,0.0,-0.003333333333333355,0.0,0.0,0.040000000000000036,0.0,0.0,0.0,0.0,0.0,0.0,0.0,0.0,0.0,0.0,0.006666666666666599,0.0,0.0,0.0,0.0,0.0,0.0,0.0,0.0,0.0,0.0,0.0,0.0,0.0,-0.020000000000000018,0.0,0.0,0.0,0.0,0.0,0.0,0.0,0.0,0.0,0.0,0.0,0.0,0.0,0.0,0.0,0.0,0.0,0.0,0.0,0.0,0.0,0.0,0.0,0.0,0.0,0.0,0.0,0.0,-0.05666666666666664,0.0,0.0,0.0,0.0,0.0
Rv2011c,0.0,0.42333333333333334,0.0,0.0,0.0,0.35,0.0,0.0,0.0,0.0,0.0,0.0,0.0,0.0,0.0,0.0,0.0,0.1333333333333333,0.0,0.0,0.0,0.0,0.0,0.0,0.0,0.0,-0.006666666666666654,0.42666666666666664,0.0,0.0,0.0,0.0,0.053333333333333344,0.0,0.3866666666666667,0.0,0.0,-0.003333333333333355,0.0,0.0,0.0,0.0,-0.020000000000000018,0.0,0.0,-0.013333333333333308,0.0,0.0,0.0,0.0,0.0,0.013333333333333308,0.0,0.0,0.0,0.0,0.0,0.0,0.0,0.0,0.0,0.0,0.0,0.0,0.0,0.0,0.0,0.0,0.0,0.0,0.0,0.0,-0.006666666666666654,0.0,0.0,0.0,0.0,0.0,0.0,0.0,0.0,0.0,0.0,0.0,-0.013333333333333308,0.2866666666666666,0.0,0.0,0.0,-0.026666666666666672,0.0,0.0,0.0,0.0,0.4666666666666667,0.0,0.0,0.45999999999999996,0.0,0.0
Rv2017,0.0,0.0,0.0,0.0,0.0,0.0,0.0,0.0,0.0,0.0,0.0,0.0,0.0,0.0,0.0,0.0,0.0,0.0,0.0,0.0,0.0,0.0,0.0,0.0,0.0,0.0,0.0,0.0,0.0,0.0,0.0,0.0,0.0,0.0,-0.013333333333333308,0.0,0.0,-0.003333333333333355,0.0,0.0,0.0,0.0,0.0,0.0,0.0,0.0,0.0,0.0,0.0,0.0,0.0,0.0,0.0,0.0,0.0,0.0,0.0,0.0,0.0,0.0,0.0,0.0,0.0,0.0,0.0,-0.003333333333333355,0.0,0.0,0.0,0.0,0.0,0.0,0.0,0.0,0.0,0.0,0.0,0.0,0.0,0.0,0.0,0.0,0.0,0.0,0.0,0.0,0.0,0.0,0.0,0.0,0.0,0.0,0.0,0.0,-0.013333333333333308,0.0,0.0,0.0,0.0,0.0
Rv2021c,0.0,0.16000000000000003,0.0,0.0,0.0,0.19999999999999996,0.0,0.0,0.0,0.0,-0.013333333333333308,0.0,0.17000000000000004,0.0,0.0,-0.023333333333333317,0.0,0.0,0.0,-0.006666666666666654,0.0,0.0,-0.016666666666666663,0.1166666666666667,0.0,0.0,0.0,0.0,0.0,0.0,0.0,0.11333333333333329,0.0,0.0,-0.006666666666666654,0.0,0.0,-0.003333333333333355,0.0,0.0,0.040000000000000036,0.0,0.0,0.0,0.0,0.0,0.0,0.0,0.0,0.0,0.0,0.0,0.0,0.0,0.0,0.0,0.0,0.0,0.0,0.0,0.0,0.0,0.0,0.29000000000000004,-0.0033333333333332993,0.0,0.0,0.0,0.0,0.0,0.0,-0.003333333333333355,0.0,0.0,0.0,0.0,0.0,0.0,0.0,0.0,0.0,0.0,0.0,0.0,0.0,0.0,-0.03999999999999998,0.0,0.0,-0.006666666666666654,0.0,0.0,0.0,0.0,-0.020000000000000018,0.0,0.0,0.0,0.0,0.0
Rv2034,0.0,0.22333333333333338,0.0,0.040000000000000036,0.0,0.15666666666666662,-0.013333333333333308,0.0,0.0,0.0,0.0,-0.013333333333333308,0.0,0.0,0.0,0.18000000000000005,0.0,0.0,0.0,0.0,0.0,0.0,0.0,0.0,0.0,0.0,0.0,0.0,0.0,0.0,0.0,0.0,0.0,0.0,-0.020000000000000018,0.0,0.0,-0.003333333333333355,0.0,0.0,0.040000000000000036,0.0,0.0,0.0,0.0,0.0,0.0,-0.003333333333333355,0.0,0.0,0.0,0.0,0.0,0.0,0.0,0.0,0.0,0.0,0.0,0.0,0.0,0.0,0.0,0.2433333333333333,0.0,0.0,0.0,-0.003333333333333355,0.0,0.0,0.0,0.0,0.0,0.0,0.0,0.0,0.0,0.07999999999999996,0.0,0.0,0.0,0.0,0.0,0.0,0.0,0.0,0.0,0.0,0.0,0.0,0.0,0.0,0.0,0.0,0.0,0.0,0.0,0.0,0.0,0.0
Rv2069,0.0,0.41666666666666663,0.0,0.0,0.0,0.3533333333333334,0.0,0.0,0.0,0.0,0.0,0.0,0.0,0.0,0.0,0.0,0.0,0.0,0.0,0.0,0.0,0.0,0.0,0.0,0.0,0.0,0.0,0.0,0.0,0.0,0.0,0.0,0.0,0.0,-0.013333333333333308,0.0,0.0,-0.003333333333333355,0.0,0.0,0.0,0.0,0.0,0.0,0.0,0.0,0.0,0.0,0.0,0.0,0.0,0.016666666666666607,0.0,0.0,0.0,0.0,0.0,0.0,0.0,0.0,0.0,0.0,0.0,0.0,0.0,-0.020000000000000018,0.0,0.0,0.0,0.0,0.0,0.0,0.0,0.0,0.0,0.0,0.0,0.0,0.0,0.0,0.0,0.0,0.0,-0.013333333333333308,0.0,0.0,0.0,0.0,0.0,-0.026666666666666672,0.0,0.0,0.0,0.0,-0.013333333333333308,0.0,0.0,0.0,0.0,0.0
Rv2250c,0.0,0.41666666666666663,0.0,0.0,0.0,0.00666666666666671,0.0,0.0,0.0,0.0,0.0,0.0,0.0,0.0,0.0,0.0,0.0,0.0,0.0,0.0,0.0,0.0,0.0,0.0,0.0,0.0,0.0,0.0,0.0,0.0,0.0,0.0,0.0,0.0,0.41666666666666663,0.0,0.0,-0.003333333333333355,0.0,0.0,0.0,0.0,0.0,0.0,0.0,-0.023333333333333317,0.0,0.0,0.0,0.0,0.0,0.016666666666666607,0.0,0.0,0.0,0.0,0.0,0.0,0.0,0.0,0.0,0.0,0.0,0.0,0.0,-0.006666666666666654,0.0,0.0,0.0,0.0,0.0,0.0,-0.006666666666666654,0.0,0.0,0.0,0.0,0.0,0.0,0.0,0.0,0.0,0.0,0.0,0.0,0.29000000000000004,0.0,0.0,0.0,-0.033333333333333326,0.0,0.0,0.0,0.0,0.45999999999999996,0.0,0.0,0.0,0.0,0.0
Rv2359,0.0,0.0,0.0,0.0,0.0,0.0,0.0,0.0,0.0,0.0,0.0,0.0,0.0,0.0,0.0,-0.010000000000000009,0.0,0.0,0.0,0.0,0.0,0.0,0.0,0.0,0.0,0.0,0.0,0.0,0.0,0.0,0.0,0.0,0.0,0.0,-0.020000000000000018,0.0,0.0,-0.003333333333333355,0.0,0.0,0.0,0.0,0.0,0.0,0.0,0.0,0.0,0.0,0.0,0.0,0.0,0.010000000000000009,0.0,0.0,0.0,0.0,0.0,0.0,0.0,0.0,0.0,0.0,0.0,0.0,0.0,0.0,0.0,0.0,0.0,0.0,0.0,0.0,0.0,0.0,0.0,0.0,0.0,0.0,0.0,0.0,0.0,0.0,0.0,0.0,0.0,0.0,0.0,0.0,0.0,0.0,0.0,0.0,0.0,0.0,0.0,0.0,0.0,0.0,0.0,0.0
Rv2488c,0.0,0.0,0.0,0.0,0.0,0.0,0.0,0.0,0.0,0.0,0.0,0.0,0.0,0.0,0.0,0.0,0.0,0.0,0.0,0.0,0.0,0.0,0.0,0.0,0.0,0.0,0.0,0.0,0.0,0.0,0.0,0.0,0.0,0.0,0.42333333333333334,0.0,0.0,-0.003333333333333355,0.0,0.0,0.0,0.0,0.0,0.0,0.0,0.0,0.0,0.0,0.0,0.0,0.0,0.006666666666666599,0.0,0.0,0.0,0.0,0.0,0.0,0.0,0.0,0.0,0.0,0.0,0.0,0.0,-0.006666666666666654,0.0,0.0,0.0,0.0,0.0,0.0,-0.006666666666666654,0.0,0.0,0.0,0.0,0.0,0.0,0.0,0.0,0.0,0.0,0.0,0.0,0.2866666666666666,0.0,0.0,0.0,0.0,0.0,0.0,0.0,0.0,0.47,0.0,0.0,0.0,0.0,0.0
Rv2506,0.0,0.4666666666666667,0.0,0.010000000000000009,0.0,0.35,0.0,0.0,0.0,0.0,0.0,0.0,0.0,0.0,0.0,0.0,0.17666666666666664,0.0,0.0,0.0,0.0,0.0,0.0,0.0,0.0,0.0,0.0,0.42666666666666664,0.0,0.0,0.0,0.0,0.053333333333333344,-0.010000000000000009,0.42333333333333334,0.0,0.0,-0.003333333333333355,-0.010000000000000009,0.0,0.0,0.43666666666666665,0.29666666666666663,0.0,-0.016666666666666663,0.2533333333333333,0.0,0.0,0.0,0.0,0.0,0.016666666666666607,-0.006666666666666654,0.0,0.0,0.0,0.0,0.29000000000000004,0.2433333333333333,0.0,0.0,0.0,0.0,0.0,0.0,-0.006666666666666654,0.0,0.0,0.0,0.0,0.0,-0.026666666666666672,0.050000000000000044,-0.003333333333333355,-0.006666666666666654,0.0,0.0,0.0,0.0,0.0,0.0,0.0,0.0,0.3766666666666667,0.0,0.29000000000000004,0.0,0.0,0.0,0.35,0.0,0.0,0.0,0.0,0.4933333333333333,0.0,-0.03666666666666668,0.0,0.0,0.0
Rv2595,0.0,0.0,0.0,0.0,0.0,-0.05666666666666664,0.0,0.0,0.0,0.0,0.0,0.0,0.0,0.0,0.0,-0.05666666666666664,0.0,0.0,0.0,0.0,0.0,0.0,0.0,0.0,0.0,0.0,0.0,0.0,0.0,-0.19000000000000006,0.0,0.0,0.0,0.0,-0.013333333333333308,0.0,0.0,0.0,0.0,0.0,0.0,0.0,0.0,0.0,0.0,0.0,0.0,0.0,0.0,0.0,0.0,-0.17666666666666675,0.0,0.0,0.0,0.0,0.0,-0.0033333333333332993,0.0,0.0,0.0,0.0,0.0,0.0,0.0,0.0,0.0,0.0,0.0,-0.006666666666666599,0.0,0.0,0.0,0.0,0.0,0.0,0.0,0.0,0.0,0.0,0.0,0.0,0.0,0.0,0.0,0.0,0.0,0.0,0.13333333333333341,0.0,0.0,0.0,0.0,0.0,0.0,0.0,0.0,0.0,-0.00666666666666671,0.0
Rv2642,-0.006666666666666654,0.053333333333333344,-0.006666666666666654,0.033333333333333326,0.0,0.2833333333333333,-0.030000000000000027,0.0,-0.003333333333333355,0.0,-0.003333333333333355,-0.020000000000000018,0.0,0.0,0.0,-0.013333333333333308,0.0,0.0,-0.020000000000000018,0.0,0.0,-0.006666666666666654,-0.003333333333333355,-0.013333333333333308,0.0,-0.006666666666666654,-0.013333333333333308,-0.003333333333333355,-0.003333333333333355,-0.053333333333333344,0.0,-0.013333333333333308,0.0,0.0,-0.020000000000000018,0.0,-0.020000000000000018,-0.003333333333333355,-0.006666666666666654,-0.003333333333333355,0.033333333333333326,0.0,0.0,-0.003333333333333355,0.0,-0.003333333333333355,-0.006666666666666654,-0.006666666666666654,0.0,0.0,-0.003333333333333355,0.0,0.0,0.0,-0.020000000000000018,0.0,-0.003333333333333355,0.0,0.0,-0.020000000000000018,-0.006666666666666654,0.0,-0.006666666666666654,-0.006666666666666654,0.0,0.0,0.0,-0.006666666666666654,-0.003333333333333355,-0.06333333333333335,-0.006666666666666654,-0.006666666666666654,0.0,-0.003333333333333355,-0.013333333333333308,0.0,-0.003333333333333355,-0.020000000000000018,-0.006666666666666654,0.0,-0.006666666666666654,-0.006666666666666654,0.0,-0.013333333333333308,0.0,0.0,-0.013333333333333308,0.0,0.0,0.0,0.0,0.0,0.0,0.0,-0.003333333333333355,0.0,0.0,-0.003333333333333355,0.0,0.0
Rv2745c,0.0,0.0,0.0,0.0,0.0,0.0,0.0,0.0,0.0,0.0,0.029999999999999916,0.0,0.0,0.0,0.0,-0.050000000000000044,0.0,0.0,0.0,0.0,0.0,0.0,0.0,0.0,0.0,0.0,0.0,0.029999999999999916,0.0,0.0,0.0,0.0,0.0,0.0,-0.053333333333333344,0.0,0.0,-0.040000000000000036,0.0,0.0,0.0,0.0,0.0,0.0,0.0,0.0,0.0,0.0,0.0,0.0,0.0,0.0,-0.0033333333333334103,0.0,0.0,0.0,0.0,0.0,0.0,0.0,0.0,0.0,0.0,0.0,0.0,0.0,0.0,0.0,0.0,-0.050000000000000044,0.0,0.0,0.0,0.0,0.0,0.0,0.0,0.0,0.0,0.013333333333333308,0.0,0.0,0.0,-0.046666666666666745,0.0,0.0,0.0,0.0,0.029999999999999916,0.0,0.0,0.0,0.029999999999999916,0.0,0.0,0.0,0.0,0.0,-0.13666666666666671,0.0
Rv2760c,0.0,0.4066666666666666,0.0,0.0,0.0,0.32333333333333336,0.0,0.0,0.0,0.0,0.0,0.0,0.0,0.0,0.0,0.0,0.0,0.0033333333333332993,0.0,0.0,0.0,0.0,0.0,0.0,0.0,0.0,0.0,-0.006666666666666654,0.0,0.0,0.0,0.0,0.053333333333333344,0.0,0.4066666666666666,0.0,0.0,-0.003333333333333355,0.0,0.0,0.0,0.0,-0.030000000000000027,0.0,0.0,0.0,0.0,0.0,0.0,0.0,0.0,0.006666666666666599,0.0,0.0,0.0,0.0,0.0,0.0,-0.003333333333333355,0.0,0.0,0.0,0.0,0.0,0.0,-0.006666666666666654,0.0,0.0,0.0,0.0,0.0,0.0,-0.006666666666666654,0.0,0.0,0.0,0.0,0.0,0.0,0.0,0.0,0.0,0.0,-0.010000000000000009,0.0,0.2533333333333333,0.0,0.0,0.0,-0.016666666666666663,0.0,0.0,0.0,0.0,0.44999999999999996,0.0,0.0,0.43666666666666665,0.0,0.0
Rv2779c,0.0,0.42333333333333334,0.0,0.0,0.0,0.0,0.0,0.0,0.0,0.0,0.0,0.0,0.0,0.0,0.0,0.0,0.0,0.0,0.0,0.0,0.0,0.0,0.0,0.0,0.0,0.0,0.0,0.0,0.0,0.0,0.0,0.0,0.0,0.0,-0.013333333333333308,0.0,0.0,-0.003333333333333355,0.0,0.0,0.0,0.0,0.0,0.0,0.0,0.0,0.0,0.0,0.0,0.0,0.0,0.006666666666666599,0.0,0.0,0.0,0.0,0.0,0.0,0.0,0.0,0.0,0.0,0.0,0.0,0.0,-0.003333333333333355,0.0,0.0,0.0,0.0,0.0,0.0,0.0,0.0,0.0,0.0,0.0,0.0,0.0,0.0,0.0,0.0,0.0,0.0,0.0,0.0,0.0,0.0,0.0,0.0,0.0,0.0,0.0,0.0,-0.026666666666666672,0.0,0.0,0.0,0.0,0.0
Rv2827c,0.0,0.0,0.0,-0.043333333333333335,-0.05666666666666664,0.0,0.0,0.0,0.0,0.0,0.0,0.0,0.0,0.0,0.0,0.0,0.0,0.0,0.0,0.0,0.0,0.0,0.0,0.0,0.0,0.0,0.0,0.0,0.0,0.0,0.0,0.0,0.0,0.0,-0.006666666666666599,0.0,0.0,0.0,0.0,0.0,0.0,0.0,0.0,0.0,0.0,0.0,0.0,0.0,0.0,0.0,0.0,0.0,0.0,0.0,0.0,0.0,0.0,0.0,0.0,0.0,0.0,0.0,0.0,0.0,-0.006666666666666599,-0.06333333333333335,-0.050000000000000044,0.0,0.0,0.0,0.0,0.0,0.0,-0.05666666666666664,0.0,0.0,0.0,0.0,0.0,-0.043333333333333335,0.0,0.0,0.0,0.0,0.0,0.0,0.0,0.0,0.0,0.0,0.0,0.0,0.0,0.0,0.0,0.00666666666666671,0.0,0.0,0.00666666666666671,0.0
Rv3050c,0.0,0.0,0.0,0.0,0.0,0.0,0.0,0.0,0.0,0.0,0.0,0.0,0.0,0.0,0.0,0.0,0.0,0.0,0.0,0.0,0.0,0.0,0.0,0.0,0.0,0.0,0.0,0.0,0.0,0.0,0.0,0.0,0.0,0.0,0.0,0.0,0.0,-0.003333333333333355,0.0,0.0,0.0,0.0,0.0,0.0,0.0,0.0,0.0,0.0,0.0,0.0,0.0,0.006666666666666599,0.0,0.0,0.0,0.0,0.0,0.0,0.0,0.0,0.0,0.0,0.0,0.0,0.0,-0.006666666666666654,0.0,0.0,0.0,0.0,0.0,0.0,0.0,0.0,0.0,0.0,0.0,0.0,0.0,0.0,0.0,0.0,0.0,0.0,0.0,0.0,0.0,0.0,0.0,0.0,0.0,0.0,0.0,0.0,0.0,0.0,0.0,0.0,0.0,0.0
Rv3066,0.0,0.26,0.0,0.0,0.0,0.0,0.0,0.0,0.0,0.0,0.0,0.0,0.0,0.0,0.0,0.0,0.0,0.0,0.0,0.0,0.0,0.0,0.0,0.0,0.0,0.0,0.0,0.0,0.0,0.0,0.0,0.0,0.0,0.0,0.2766666666666666,0.0,0.0,-0.003333333333333355,0.0,0.0,0.0,-0.023333333333333317,0.0,0.0,0.0,0.0,0.0,0.0,0.0,0.0,0.0,-0.17333333333333334,0.0,0.0,0.0,0.0,0.0,-0.003333333333333355,0.0,0.0,0.0,0.0,0.0,-0.026666666666666672,0.0,-0.006666666666666654,0.0,0.0,0.0,0.0,0.0,0.0,0.0,0.0,0.0,0.0,0.0,0.0,0.0,0.0,0.0,0.0,0.0,-0.003333333333333355,0.0,-0.013333333333333308,0.0,0.0,0.0,0.0,0.0,0.0,0.0,0.0,0.2766666666666666,0.0,0.0,0.0,0.0,0.0
Rv3082c,-0.006666666666666654,0.13666666666666671,0.0,-0.003333333333333355,0.0,0.16000000000000003,0.0,0.0,0.0,0.0,0.0,0.0,0.0,0.0,0.0,0.22333333333333338,0.0,0.0,0.0,0.0,0.05666666666666664,0.050000000000000044,0.0,0.0,0.0,0.0,0.0,0.0,0.0,0.0,-0.05666666666666664,0.0,0.0,0.0,-0.013333333333333308,0.0,0.0,-0.003333333333333355,-0.003333333333333355,0.0,0.0,0.0,0.0,0.0,0.0,0.0,-0.006666666666666654,0.0033333333333332993,0.0,0.0,0.0,-0.043333333333333335,0.0,0.0,0.0,-0.006666666666666654,0.0,0.0,0.0,0.0,-0.006666666666666654,0.0,-0.006666666666666654,0.050000000000000044,0.0,0.0,0.0,-0.006666666666666654,0.0,0.0,0.0,0.0,0.0,0.0,0.0,0.0,0.0,0.0,-0.006666666666666654,-0.05666666666666664,0.0,0.0,0.0,0.0,0.0,0.0,0.0,0.0,0.0,-0.010000000000000009,0.0,0.0,0.0,0.0,0.19333333333333336,0.0,0.0,0.0,0.0,0.0
Rv3095,0.0,-0.010000000000000009,0.0,0.0,0.0,0.30000000000000004,0.0,0.0,0.0,0.0,0.3766666666666667,0.0,0.26,0.0,0.0,-0.006666666666666654,0.0,0.07666666666666666,0.0,-0.013333333333333308,0.0,0.0,0.0,0.19333333333333336,0.0,0.0,0.0,-0.010000000000000009,0.0,-0.056666666666666754,0.0,-0.016666666666666663,-0.006666666666666654,0.0,-0.003333333333333355,0.0,0.0,-0.003333333333333355,0.0,0.0,0.040000000000000036,0.0,0.0,0.0,0.0,0.0,0.0,0.0,-0.010000000000000009,0.0,0.0,0.006666666666666599,0.0,0.0,0.0,0.0,0.0,0.0,0.0,0.0,0.0,0.0,0.0,-0.003333333333333355,0.0,-0.003333333333333355,0.0,0.0,0.0,-0.05666666666666664,0.0,0.0,0.0,0.0,0.0,0.0,0.0,-0.016666666666666663,0.0,0.0,-0.016666666666666663,0.0,0.0,-0.013333333333333308,-0.010000000000000009,0.0,0.0,0.0,-0.05666666666666664,0.0,0.0,0.0,0.0,0.0,-0.026666666666666672,0.0,0.0,0.0,0.0,0.0
Rv3124,0.0,0.3666666666666667,0.0,0.0,0.0,0.0,0.0,0.0,0.0,0.0,0.0,0.0,0.0,0.0,0.0,0.0,0.0,0.0,0.0,0.0,0.0,0.0,0.0,0.0,0.0,0.0,0.0,-0.006666666666666654,0.0,0.0,0.0,0.0,0.0,0.0,-0.020000000000000018,0.0,0.0,-0.003333333333333355,0.0,0.0,0.0,0.0,0.0,0.0,0.0,0.0,0.0,0.0,0.0,0.0,0.0,-0.040000000000000036,0.0,0.0,0.0,0.0,0.0,0.0,0.0,0.0,0.0,0.0,0.0,-0.006666666666666654,0.0,-0.013333333333333308,0.0,0.0,0.0,0.0,0.0,0.0,0.0,0.0,0.0,0.0,0.0,0.0,0.0,-0.05666666666666664,0.0,0.0,0.0,-0.013333333333333308,0.0,0.0,0.0,0.0,0.0,-0.023333333333333317,0.0,0.0,-0.006666666666666654,0.0,-0.013333333333333308,0.0,0.0,-0.013333333333333308,0.0,0.0
Rv3133c,0.0,0.0,0.0,0.0,0.0,0.35,0.0,0.0,0.0,0.0,0.0,0.0,0.0,0.0,0.0,0.0,0.0,0.1333333333333333,0.0,0.0,0.0,0.0,0.0,0.0,0.0,0.0,0.0,0.0,0.0,0.0,0.0,0.0,0.0,0.0,-0.020000000000000018,0.0,0.0,-0.003333333333333355,0.0,0.0,0.0,0.0,0.0,0.0,0.0,0.0,0.0,0.0,0.0,0.0,0.0,0.0,0.0,0.0,0.0,0.0,0.0,0.0,0.0,0.0,0.0,0.0,0.0,0.0,0.0,0.0,0.0,0.0,0.0,0.0,0.0,0.0,0.0,0.0,0.0,0.0,0.0,0.0,0.0,0.0,0.0,0.0,0.0,0.0,0.0,0.0,0.0,0.0,0.0,0.0,0.0,0.0,0.0,0.0,0.0,0.0,0.0,0.0,0.0,0.0
Rv3160c,0.0,0.44999999999999996,0.0,0.0,0.0,0.3533333333333334,0.0,0.0,0.0,0.0,0.0,0.0,0.0,0.0,0.0,0.0,0.0,0.0,0.0,0.0,0.0,0.0,0.0,0.0,0.0,0.0,0.0,0.0,0.0,0.010000000000000009,0.010000000000000009,0.0,0.0,0.0,-0.020000000000000018,0.0,0.0,-0.003333333333333355,0.0,0.0,0.0,0.0,0.0,0.0,0.0,0.0,0.0,0.0,0.0,0.0,0.0,0.020000000000000018,0.0,0.0,0.0,0.0,0.0,0.0,0.0,0.0,0.0,0.0,0.0,0.0,0.0,-0.003333333333333355,0.0,0.0,0.0,0.0,0.0,0.0,0.0,0.0,0.0,0.0,0.0,0.0,0.0,0.013333333333333308,0.0,0.0,0.0,0.0,0.0,0.0,0.0,0.0,0.0,0.33333333333333337,0.0,0.0,0.0,0.0,0.0,0.0,-0.04666666666666669,0.0,0.0,0.0
Rv3164c,0.0,0.20333333333333337,0.0,0.0,0.0,0.18000000000000005,0.0,0.0,-0.006666666666666654,0.0,0.0,0.0,0.0,0.0,0.0,0.0,0.0,0.0,0.0,0.0,0.0,0.0,0.0,0.0,0.0,0.0,0.0,0.18666666666666665,0.0,0.0,0.0,0.0,0.0,-0.016666666666666663,0.18333333333333335,0.0,0.0,-0.003333333333333355,0.0,0.0,0.0,0.19999999999999996,-0.003333333333333355,0.0,0.0,0.0,0.0,0.0,0.0,0.0,0.0,-0.20666666666666667,0.0,0.0,0.0,0.0,0.0,0.0,0.07999999999999996,0.0,0.0,0.0,0.0,0.0,0.0,-0.020000000000000018,0.0,0.0,0.0,0.0,0.0,0.0,0.0,-0.016666666666666663,0.0,0.0,0.0,0.0,0.0,0.0,0.0,0.0,0.0,-0.023333333333333317,0.0,0.026666666666666616,0.0,0.0,0.0,0.026666666666666616,0.0,0.0,0.0,0.0,0.18999999999999995,0.0,0.0,-0.016666666666666663,0.0,0.0
Rv3167c,0.0,0.0,0.0,0.0,0.0,0.0,0.0,0.0,0.0,0.0,0.0,0.0,0.0,0.0,0.0,0.0,0.0,0.0,0.0,0.0,0.0,0.0,0.0,0.0,0.0,0.0,0.0,0.0,0.0,0.0,0.0,0.0,0.0,0.0,0.4066666666666666,0.0,0.0,-0.003333333333333355,0.0,0.0,0.0,0.0,0.0,0.0,0.0,0.0,0.0,0.0,0.0,0.0,0.0,0.006666666666666599,0.0,0.0,0.0,0.0,0.0,0.0,0.0,0.0,0.0,0.0,0.0,0.0,0.0,-0.006666666666666654,0.0,0.0,0.0,0.0,0.0,0.0,-0.006666666666666654,0.0,0.0,0.0,0.0,0.0,0.0,0.0,0.0,0.0,0.0,0.0,0.0,0.2866666666666666,0.0,0.0,0.0,0.0,0.0,0.0,0.0,0.0,0.43999999999999995,0.0,0.0,0.0,0.0,0.0
Rv3173c,0.0,0.0,0.013333333333333308,-0.036666666666666625,0.0,0.0,0.0,0.0,0.0,0.0,0.013333333333333308,0.0,-0.1466666666666666,0.0,0.0,-0.05666666666666664,0.0,0.0,0.013333333333333308,0.0,0.0,0.0,-0.1266666666666666,0.0,0.0,0.0,0.013333333333333308,0.010000000000000009,0.0,0.0,0.0,0.0,0.0,0.0,-0.06333333333333335,-0.1433333333333333,0.0,-0.040000000000000036,0.0,0.0,0.0,0.0,-0.1266666666666666,0.0,-0.10999999999999999,0.0,-0.033333333333333326,-0.036666666666666625,0.0,0.0,0.0,0.0,-0.0033333333333332993,0.0,0.0,0.0,0.0,0.0,0.0,0.0,0.0,0.0,0.0,0.0,0.0,0.0,0.013333333333333308,0.0,0.0,-0.043333333333333335,0.0,0.0,-0.05666666666666664,0.0,-0.05666666666666664,0.0,0.013333333333333308,0.0,0.0,0.0,0.0,0.0,0.0,-0.05666666666666664,0.0,0.0,0.020000000000000018,0.0,0.0,0.0,0.0,0.0,0.0,0.0,0.0,0.0,0.0,0.0,0.0,0.0
Rv3183,0.0,0.42666666666666664,0.0,0.0,0.0,-0.003333333333333355,0.0,0.0,0.0,0.0,0.0,0.0,0.0,0.0,0.0,0.0,0.0,0.0,0.0,0.0,0.0,0.0,0.0,0.0,0.0,0.0,0.0,-0.010000000000000009,0.0,0.0,0.0,0.0,0.0,0.0,0.036666666666666625,0.0,0.0,-0.003333333333333355,0.0,0.0,0.0,-0.003333333333333355,0.0,0.0,0.0,0.0,0.0,0.0,0.0,0.0,0.0,0.016666666666666607,0.0,0.0,0.0,0.0,0.0,0.0,0.0,0.0,0.0,0.0,0.0,0.0,0.0,-0.006666666666666654,0.0,0.0,0.0,0.0,0.0,0.0,0.0,-0.016666666666666663,0.0,0.0,0.0,0.0,0.0,0.0,0.0,0.0,0.0,-0.013333333333333308,0.0,0.040000000000000036,0.0,0.0,0.0,-0.016666666666666663,0.0,0.0,-0.026666666666666672,0.0,0.05666666666666664,0.0,0.0,-0.016666666666666663,0.0,0.0
Rv3219,0.0,0.0,0.0,0.0,0.0,0.0,0.0,0.0,0.0,0.0,0.0,0.0,0.0,0.0,0.0,0.0,0.0,0.0,0.0,0.0,0.0,0.0,0.0,0.0,0.0,0.0,0.0,0.0,0.0,0.0,0.0,0.0,0.0,0.0,0.0,0.0,0.0,-0.003333333333333355,0.0,0.0,0.0,0.0,0.0,0.0,0.0,0.0,0.0,0.0,0.0,0.0,0.0,0.006666666666666599,0.0,0.0,0.0,0.0,0.0,0.0,0.0,0.0,0.0,0.0,0.0,0.0,0.0,-0.006666666666666654,0.0,0.0,0.0,0.0,0.0,0.0,0.0,0.0,0.0,0.0,0.0,0.0,0.0,0.0,0.0,0.0,0.0,0.0,0.0,-0.020000000000000018,0.0,0.0,0.0,0.0,0.0,0.0,0.0,0.0,0.0,0.0,0.0,0.0,0.0,0.0
Rv3223c,0.0,0.0,0.0,0.0,0.0,0.0,0.0,0.0,0.0,0.0,0.0,0.0,0.0,0.0,0.0,0.0,0.0,0.0,0.0,0.0,0.0,0.0,0.0,0.0,0.0,0.0,0.0,0.0,0.0,0.0,0.0,0.0,0.0,0.0,0.0,0.0,0.0,-0.003333333333333355,0.0,0.0,0.0,0.0,0.0,0.0,0.0,0.0,0.0,0.0,0.0,0.0,0.0,0.0,0.0,0.0,0.0,0.0,0.0,0.0,0.0,0.0,0.0,0.0,0.0,0.0,0.0,0.0,0.0,0.0,0.0,0.0,0.0,0.0,0.0,0.0,0.0,0.0,0.0,0.0,0.0,0.0,0.0,0.0,0.0,0.0,0.0,0.0,0.0,0.0,0.0,0.0,0.0,0.0,0.0,0.0,-0.043333333333333335,0.0,0.0,0.0,0.0,0.0
Rv3246c,0.0,0.42000000000000004,0.0,0.040000000000000036,0.0,0.3566666666666667,-0.003333333333333355,0.0,0.0,0.0,-0.013333333333333308,0.0,0.0,0.0,0.0,-0.003333333333333355,0.0,0.0,-0.013333333333333308,0.0,-0.003333333333333355,-0.003333333333333355,0.0,-0.013333333333333308,0.0,0.0,-0.013333333333333308,0.0,-0.013333333333333308,-0.043333333333333335,-0.05666666666666664,-0.003333333333333355,0.0,0.0,-0.020000000000000018,0.0,-0.013333333333333308,-0.003333333333333355,0.0,-0.013333333333333308,0.040000000000000036,0.0,0.0,0.0,-0.003333333333333355,0.0,0.0,-0.006666666666666654,0.0,0.0,-0.013333333333333308,-0.043333333333333335,0.0,0.0,0.0,0.0,0.0,0.0,0.0,-0.013333333333333308,0.0,0.0,0.0,0.3766666666666667,0.0,-0.013333333333333308,-0.046666666666666745,-0.010000000000000009,0.0,0.0,0.0,-0.003333333333333355,0.0,-0.013333333333333308,-0.013333333333333308,0.0,0.0,-0.023333333333333317,0.0,-0.05666666666666664,-0.013333333333333308,0.0,0.0,0.0,0.0,0.0,0.0,-0.013333333333333308,0.0,-0.013333333333333308,0.0,0.0,0.0,0.0,0.0,0.0,0.0,-0.013333333333333308,0.0,0.0
Rv3249c,0.0,0.2766666666666666,0.0,0.040000000000000036,0.0,0.0,0.0,0.0,0.0,0.0,0.0,0.0,0.0,0.0,0.0,0.0,0.0,0.0,0.0,0.0,0.0,0.0,0.0,0.0,0.0,0.0,0.0,0.0,0.0,0.0,0.0,0.0,0.0,0.0,-0.020000000000000018,0.0,0.0,-0.003333333333333355,0.0,0.0,0.0,0.0,0.0,0.0,0.0,0.0,0.0,0.0,0.0,0.0,0.0,-0.21000000000000008,0.0,0.0,0.0,-0.013333333333333308,0.0,0.0,0.0,0.0,0.0,0.0,0.0,0.0,0.0,0.0,0.0,0.0,0.0,0.0,0.0,0.0,0.0,-0.010000000000000009,0.0,0.0,0.0,0.0,0.0,0.0,0.0,0.0,0.0,0.0,0.0,0.0,0.0,0.0,0.0,0.0,0.0,0.0,0.0,0.0,0.0,0.0,0.0,0.0,0.0,0.0
Rv3260c,0.2866666666666666,0.30333333333333334,0.0,0.2833333333333333,0.0,0.2666666666666667,-0.013333333333333308,0.0,0.0,0.0,0.0,0.08999999999999997,0.0,0.0,0.0,0.2866666666666666,0.0,0.0,0.0,0.0,0.2866666666666666,0.29000000000000004,-0.013333333333333308,0.0,0.0,-0.013333333333333308,0.0,0.0,0.0,-0.1266666666666667,0.0,-0.016666666666666663,-0.006666666666666654,0.0,-0.020000000000000018,0.0,0.0,-0.003333333333333355,-0.003333333333333355,0.0,0.040000000000000036,0.0,0.0,-0.016666666666666663,-0.006666666666666654,0.0,0.29000000000000004,0.2533333333333333,0.0,0.0,0.0,-0.17666666666666675,0.0,0.0,0.0,0.2866666666666666,0.0,0.0,0.0,0.0,0.29000000000000004,0.0,0.2866666666666666,0.29000000000000004,0.0,0.0,0.0,0.2533333333333333,0.0,0.0,0.0,-0.013333333333333308,0.0,0.0,0.0,0.0,0.0,0.026666666666666616,0.2866666666666666,0.0,0.040000000000000036,-0.020000000000000018,0.0,0.0,0.0,0.0,0.0,0.0,0.0,-0.010000000000000009,0.0,0.0,0.0,0.0,0.0,0.0,0.0033333333333332993,0.0,0.0,0.0
Rv3291c,0.0,0.44999999999999996,0.0,0.013333333333333308,0.0,0.3533333333333334,0.0,0.0,0.0,0.0,0.0,0.0,0.0,0.0,0.0,0.0,0.0,0.0,0.0,0.0,0.0,0.0,0.0,0.0,0.0,0.0,0.0,0.0,0.0,0.016666666666666607,0.01666666666666672,0.0,0.0,0.0,-0.020000000000000018,-0.033333333333333326,0.0,-0.003333333333333355,0.0,0.0,0.0,0.0,0.0,0.0,0.0,0.0,0.0,0.0,0.0,0.0,0.0,0.026666666666666616,0.0,0.0,0.0,0.0,0.0,-0.03999999999999998,0.0,0.0,0.0,0.0,0.0,0.0,0.0,-0.013333333333333308,0.0,0.0,0.0,0.0,0.0,0.0,0.0,0.0,0.0,0.0,0.0,0.0,0.0,0.020000000000000018,0.0,0.0,0.0,0.0,0.0,0.0,0.0,0.0,0.0,0.32666666666666666,0.0,0.0,0.0,0.0,0.0,0.0,-0.04999999999999999,0.0,0.0,0.0
Rv3405c,0.0,0.1166666666666667,0.0,0.0,0.0,0.22666666666666668,0.0,0.0,0.0,0.0,0.0,0.0,0.0,0.0,0.0,0.0,0.0,0.0,0.0,0.0,0.0,0.0,0.0,0.0,0.0,0.0,0.0,0.0,0.0,0.0,0.0,0.0,0.0,0.0,-0.020000000000000018,0.0,0.0,-0.003333333333333355,0.0,0.0,0.0,0.0,0.0,0.0,0.0,0.0,0.0,0.0,0.0,0.0,0.0,0.0,0.0,0.0,0.0,0.0,0.0,0.0,0.0,0.0,0.0,0.0,0.0,0.0,0.0,0.0,0.0,0.0,0.0,0.0,0.0,0.0,0.0,0.0,0.0,0.0,0.0,0.0,0.0,0.0,0.0,0.0,0.0,-0.013333333333333308,0.0,0.0,0.0,0.0,0.0,0.0,0.0,0.0,0.0,0.0,0.0,0.0,0.0,0.0,0.0,0.0
Rv3414c,0.0,0.33333333333333337,0.0,-0.0033333333333332993,0.0,-0.006666666666666599,0.0,0.0,0.0,0.0,0.0,0.0,0.0,0.0,0.0,0.0,0.0,0.0,0.0,0.0,0.0,0.0,0.0,0.0,0.0,0.0,0.0,0.0,0.0,0.08999999999999997,0.1333333333333333,0.0,0.0,0.0,-0.006666666666666599,0.0,0.0,0.0,0.0,0.0,0.0,0.0,0.0,0.0,0.0,0.0,0.0,0.0,0.0,0.0,0.0,0.1333333333333333,0.0,0.0,0.0,0.0,0.0,0.0,0.0,0.0,0.0,0.0,0.0,0.0,0.13333333333333341,0.0,0.029999999999999916,0.0,0.0,0.0,0.0,0.0,0.0,-0.05666666666666664,0.0,0.0,0.0,0.0,0.0,0.0,0.0,0.0,0.0,0.0,0.0,0.0,0.0,0.0,0.0,-0.016666666666666607,0.0,0.0,0.0,0.0,0.0,0.0,-0.020000000000000018,0.0,0.0,0.0
Rv3416,0.0,0.08333333333333337,0.30333333333333334,0.0,0.0,0.22666666666666668,0.1266666666666667,0.0,0.0,0.0,0.32999999999999996,-0.020000000000000018,0.20999999999999996,0.0,0.0,0.2866666666666666,0.0,0.0,-0.026666666666666672,-0.010000000000000009,-0.030000000000000027,0.30666666666666664,0.21666666666666667,0.1433333333333333,0.0,0.0,0.31000000000000005,0.31666666666666665,0.0,-0.056666666666666754,0.0,0.14,0.0,0.0,-0.006666666666666654,0.0,0.0,-0.003333333333333355,0.0,0.0,0.0,0.0,-0.020000000000000018,0.0,-0.016666666666666663,0.0,-0.03666666666666668,0.28,0.0,0.0,0.0,0.0,-0.013333333333333308,0.0,0.0,-0.026666666666666672,0.0,-0.006666666666666654,0.0,-0.026666666666666672,-0.033333333333333326,0.0,0.0,0.35,0.0,0.0,0.0,-0.016666666666666663,0.0,0.0,0.0,0.0,-0.010000000000000009,0.0,-0.023333333333333317,0.0,0.33333333333333337,0.026666666666666616,0.0,0.0,-0.016666666666666663,0.0,0.0,-0.013333333333333308,0.0,-0.010000000000000009,0.32666666666666666,0.0,-0.016666666666666607,0.0,0.0,0.0,0.0,0.0,0.0,0.0,0.0,-0.016666666666666663,0.0,0.0
Rv3417c,0.0,0.07999999999999996,0.0,0.0,0.0,-0.003333333333333355,0.0,0.0,0.0,0.0,0.0,0.0,0.0,0.0,0.0,0.0,0.0,0.0,0.0,0.0,0.0,0.0,0.0,0.0,0.0,0.0,0.0,0.0,0.0,0.0,0.0,0.0,0.0,0.0,-0.026666666666666672,0.0,0.0,-0.003333333333333355,0.0,0.0,0.0,0.0,0.0,0.0,0.0,0.0,0.0,0.0,0.0,0.0,0.0,-0.09333333333333338,0.0,0.0,0.0,0.0,0.0,0.0,0.0,0.0,0.0,0.0,0.0,0.0,0.0,0.0,0.0,0.0,0.0,0.0,0.0,0.0,0.0,0.0,0.0,0.0,0.0,0.0,0.0,0.0,0.0,0.0,0.0,0.0,0.0,0.0,0.0,0.0,0.0,0.0,0.0,0.0,0.0,0.0,0.0,0.0,0.0,0.0,0.0,0.0
Rv3557c,0.0,0.44999999999999996,0.0,0.0,0.0,0.0,0.0,0.0,0.0,0.0,0.0,0.0,0.0,0.0,0.0,0.0,0.0,0.0,0.0,0.0,0.0,0.0,0.0,0.0,0.0,0.0,0.0,0.0,0.0,0.0,0.0,0.0,0.0,0.0,-0.020000000000000018,0.0,0.0,-0.003333333333333355,0.0,0.0,0.0,0.0,0.0,0.0,0.0,0.0,0.0,0.0,0.0,0.0,0.0,0.0,0.0,0.0,0.0,0.0,0.0,0.0,0.0,0.0,0.0,0.0,0.0,0.0,0.0,0.0,0.0,0.0,0.0,0.0,0.0,0.0,0.0,0.0,0.0,0.0,0.0,0.0,0.0,0.0,0.0,0.0,0.0,0.0,0.0,0.0,0.0,0.0,0.0,0.0,0.0,0.0,0.0,0.0,0.0,0.0,0.0,0.0,0.0,0.0
Rv3597c,0.0,0.44999999999999996,0.0,0.040000000000000036,0.0,0.3533333333333334,-0.026666666666666672,0.0,0.0,0.0,0.0,0.30333333333333334,0.0,0.0,0.0,0.0,0.0,0.0,0.0,0.0,0.0,0.0,0.0,0.0,0.0,0.0,0.0,0.0,0.0,0.020000000000000018,0.0,0.0,0.0,0.0,-0.006666666666666654,0.0,0.0,-0.003333333333333355,0.0,0.0,0.040000000000000036,0.0,0.0,0.0,0.0,0.0,0.0,0.0,0.0,0.0,0.0,0.0,0.0,0.0,0.0,0.0,0.0,0.0,0.0,0.0,0.0,0.0,0.0,0.0,0.0,0.0,0.029999999999999916,0.0,0.0,0.0,0.0,0.0,0.0,0.0,-0.006666666666666654,0.0,0.0,0.0,0.0,0.0,-0.026666666666666672,0.0,0.0,0.0,0.0,0.0,0.0,0.0,0.0,0.0,0.0,0.0,0.0,0.0,0.0,0.0,-0.030000000000000027,0.0,0.0,0.0
Rv3676,0.0,0.0,0.0,0.0,0.0,0.0,0.0,0.0,0.0,0.0,0.0,0.0,0.0,0.0,0.0,0.0,0.0,0.0,0.0,0.0,0.0,0.0,0.0,0.0,0.0,0.0,0.0,0.0,0.0,0.0,0.0,0.0,0.0,0.0,-0.020000000000000018,0.0,0.0,-0.003333333333333355,0.0,0.0,0.0,0.0,0.0,0.0,0.0,0.0,0.0,0.0,0.0,0.0,0.0,-0.31333333333333335,0.0,0.0,0.0,0.0,0.0,0.0,0.0,0.0,0.0,0.0,0.0,0.0,0.0,0.0,0.0,0.0,0.0,0.0,0.0,0.0,0.0,0.0,0.0,0.0,0.0,0.0,0.0,0.0,0.0,0.0,0.0,0.0,0.0,0.0,0.0,0.0,0.0,0.0,0.0,0.0,0.0,0.0,0.0,0.0,0.0,0.0,0.0,0.0
Rv3830c,0.45999999999999996,0.4766666666666667,-0.03666666666666668,0.033333333333333326,0.0,0.3633333333333333,0.2766666666666666,0.0,-0.013333333333333308,-0.020000000000000018,0.0,0.3666666666666667,0.0,-0.030000000000000027,0.0,0.43333333333333335,0.2833333333333333,0.0,-0.030000000000000027,0.0,0.49,0.4933333333333333,0.29333333333333333,-0.013333333333333308,0.0,0.1166666666666667,-0.026666666666666672,0.0,-0.026666666666666672,0.016666666666666607,0.0,0.2666666666666667,0.0,0.0,-0.020000000000000018,-0.013333333333333308,-0.013333333333333308,-0.003333333333333355,0.2866666666666666,-0.013333333333333308,0.040000000000000036,0.0,0.0,-0.013333333333333308,-0.013333333333333308,0.21333333333333337,0.41000000000000003,0.45666666666666667,0.0,0.0,-0.026666666666666672,0.0033333333333332993,0.0,0.0,-0.05666666666666664,0.4666666666666667,-0.013333333333333308,-0.020000000000000018,0.0,-0.013333333333333308,0.45999999999999996,0.0,0.47,0.4933333333333333,0.0,-0.003333333333333355,0.0,0.44999999999999996,-0.026666666666666672,0.0,0.0,0.2766666666666666,0.19333333333333336,-0.026666666666666672,-0.013333333333333308,0.0,0.0,0.18999999999999995,0.43999999999999995,0.0,0.05666666666666664,0.0,-0.043333333333333335,0.0,0.0,0.0,0.0,0.0,0.0,0.0,0.0,0.0,0.0,0.0,0.0,0.0,0.0,0.0,0.0,0.0
Rv3833,0.0,0.0,0.0,0.040000000000000036,0.0,0.3466666666666667,0.0,0.0,0.0,0.0,0.0,0.0,0.0,0.0,0.0,0.0,0.0,0.0,0.0,0.0,0.0,0.0,0.0,0.0,0.0,0.0,0.0,0.0,0.0,0.0,0.0,0.0,0.0,0.0,-0.020000000000000018,0.0,0.0,-0.003333333333333355,0.0,0.0,0.0,0.0,0.0,0.0,0.0,0.0,0.0,0.0,0.0,0.0,0.0,0.0,0.0,0.0,0.0,0.0,0.0,0.0,0.0,0.0,0.0,0.0,0.0,0.0,0.0,0.0,0.0,0.0,0.0,0.00666666666666671,0.0,0.0,0.0,0.0,0.0,0.0,0.0,0.0,0.0,0.0,0.0,0.0,0.0,0.0,0.0,0.0,0.0,0.0,0.0,0.0,0.0,0.0,0.0,0.0,0.0,0.0,0.0,0.0,0.0,0.0
Rv3849,0.0,0.22999999999999998,0.0,0.0,0.0,0.1233333333333333,-0.003333333333333355,0.0,0.0,0.0,0.22666666666666668,0.0,0.11333333333333329,0.0,0.0,-0.033333333333333326,0.0,0.0,0.0,-0.006666666666666654,0.0,0.0,-0.003333333333333355,0.0,0.0,0.0,0.0,-0.033333333333333326,0.0,0.0,0.0,0.0,0.0,0.0,-0.030000000000000027,0.0,0.0,-0.003333333333333355,0.0,0.0,0.0,0.0,0.0,0.0,0.0,0.0,0.0,0.0,0.0,0.0,0.0,-0.10000000000000009,0.0,0.0,0.0,0.0,0.0,0.0,0.0,0.0,0.0,0.0,0.0,-0.03666666666666668,0.0,0.0,0.0,0.0,0.0,0.0,0.0,0.0,0.0,0.0,0.0,0.0,-0.04666666666666669,0.0,0.0,0.0,0.0,0.0,0.0,0.0,0.0,0.0033333333333332993,-0.04999999999999999,0.0,-0.020000000000000018,0.0,0.0,0.0,-0.030000000000000027,0.0,0.0,0.0,0.0,-0.020000000000000018,0.0,0.0
Rv3855,0.0,0.4733333333333334,0.0,0.026666666666666616,0.0,0.3466666666666667,0.26,0.0,0.0,0.0,0.0,0.33666666666666667,0.0,0.0,-0.006666666666666654,-0.010000000000000009,0.0,0.0,0.0,0.0,0.0,0.0,0.3533333333333334,0.0,0.0,0.0,-0.006666666666666654,0.0,0.0,0.013333333333333308,0.0,0.0,0.0,0.0,-0.020000000000000018,0.0,0.0,-0.003333333333333355,0.0,0.0,0.040000000000000036,0.0,0.0,0.0,-0.006666666666666654,0.0,0.0,0.0,0.0,0.0,0.0,0.006666666666666599,0.0,-0.006666666666666654,0.0,0.45999999999999996,0.0,0.0,0.0,0.0,0.0,0.0,0.0,0.0,0.0,-0.003333333333333355,0.0,0.43666666666666665,0.0,0.0,0.0,0.0,0.0,0.0,-0.013333333333333308,0.0,0.0,-0.016666666666666663,0.0,0.0,-0.016666666666666663,0.0,0.0,-0.013333333333333308,0.0,0.0,0.0,0.0,0.0,-0.016666666666666663,0.0,0.0,0.0,0.0,0.0,0.0,-0.020000000000000018,0.0,0.0,0.0
Rv3862c,0.0,0.013333333333333308,0.0,0.0,0.0,0.0,0.0,0.0,0.0,-0.053333333333333344,0.0,0.0,0.0,0.0,0.0,0.0,0.0,0.0,0.0,0.0,0.0,0.0,0.0,0.0,0.0,0.0,0.0,0.0,0.0,0.0,-0.10999999999999999,0.0,0.0,0.0,0.0,0.0,0.0,-0.0033333333333334103,0.0,0.0,0.0,0.0,0.0,0.0,0.0,0.0,0.0,0.0,0.0,0.0,0.0,0.0,0.0,0.0,0.0,0.0,0.0,0.0,0.0,0.0,0.0,0.0,0.0,0.0,-0.00666666666666671,0.0,-0.13666666666666671,0.0,0.0,0.00666666666666671,0.0,0.0,0.0,0.0,0.0,0.0,0.0,0.0,0.0,0.0,0.0,0.0,0.0,0.0,0.0,0.0,0.0,0.0,0.0,0.0,0.0,0.0,0.0,0.0,0.0,0.0,0.0,0.0,0.0,0.0
Rv3911,0.0,0.31999999999999995,0.0,0.0,0.0,0.21666666666666667,0.0,0.0,0.0,0.0,0.0,0.0,0.0,0.0,0.0,0.0,0.0,0.0,0.0,0.0,0.0,0.0,0.0,0.0,0.0,0.0,0.0,0.0,0.0,-0.13666666666666671,0.0,0.0,0.0,0.0,-0.020000000000000018,0.0,0.0,-0.003333333333333355,0.0,0.0,0.0,0.0,0.0,0.0,0.0,0.0,0.0,0.0,0.0,0.0,0.0,-0.06666666666666665,0.0,0.0,0.0,0.0,0.0,0.0,0.0,0.0,0.0,0.0,0.0,0.0,0.0,0.0,0.0,0.0,0.0,0.0,0.0,0.0,0.0,0.0,0.0,0.0,0.0,0.0,0.0,0.0,0.0,0.0,0.0,0.0,0.0,0.0,0.0,0.0,0.0,0.0,0.0,0.0,0.0,0.0,0.0,0.0,0.0,0.0,0.0,0.0
